date,disease,references,notes,Metric_Type,Source_File,number of patients
01-2004,Alcohol consumption,"https://sdmx.oecd.org/public/rest/data/OECD.ELS.HD,DSD_HEALTH_LVNG@DF_HEALTH_LVNG_AC,1.0/all?startPeriod=2004&endPeriod=2026&dimensionAtObservation=AllDimensions&format=csvfilewithlabels","Imported from OECD API dataset OECD.ELS.HD,DSD_HEALTH_LVNG@DF_HEALTH_LVNG_AC,1.0",NoP,"OECD_OECD.ELS.HD,DSD_HEALTH_LVNG@DF_HEALTH_LVNG_AC,1.0",441.8
01-2004,Annual income,"https://sdmx.oecd.org/public/rest/data/OECD.ELS.HD,DSD_HEALTH_REAC_EMP@DF_REMUN,1.1/all?startPeriod=2004&endPeriod=2026&dimensionAtObservation=AllDimensions&format=csvfilewithlabels","Imported from OECD API dataset OECD.ELS.HD,DSD_HEALTH_REAC_EMP@DF_REMUN,1.1",NoP,"OECD_OECD.ELS.HD,DSD_HEALTH_REAC_EMP@DF_REMUN,1.1",49923462.12
01-2004,Health and social employment,"https://sdmx.oecd.org/public/rest/data/OECD.ELS.HD,DSD_HEALTH_EMP_REAC@DF_PHYS,1.1/all?startPeriod=2004&endPeriod=2026&dimensionAtObservation=AllDimensions&format=csvfilewithlabels","Imported from OECD API dataset OECD.ELS.HD,DSD_HEALTH_EMP_REAC@DF_PHYS,1.1",NoP,"OECD_OECD.ELS.HD,DSD_HEALTH_EMP_REAC@DF_PHYS,1.1",11169311.81
01-2004,Health and social employment,"https://sdmx.oecd.org/public/rest/data/OECD.ELS.HD,DSD_HEALTH_REAC_EMP@DF_DNST,1.1/all?startPeriod=2004&endPeriod=2026&dimensionAtObservation=AllDimensions&format=csvfilewithlabels","Imported from OECD API dataset OECD.ELS.HD,DSD_HEALTH_REAC_EMP@DF_DNST,1.1",NoP,"OECD_OECD.ELS.HD,DSD_HEALTH_REAC_EMP@DF_DNST,1.1",1110449.48
01-2004,Health and social employment,"https://sdmx.oecd.org/public/rest/data/OECD.ELS.HD,DSD_HEALTH_REAC_EMP@DF_MIDWIFE,1.1/all?startPeriod=2004&endPeriod=2026&dimensionAtObservation=AllDimensions&format=csvfilewithlabels","Imported from OECD API dataset OECD.ELS.HD,DSD_HEALTH_REAC_EMP@DF_MIDWIFE,1.1",NoP,"OECD_OECD.ELS.HD,DSD_HEALTH_REAC_EMP@DF_MIDWIFE,1.1",390822.82
01-2004,Health and social employment,"https://sdmx.oecd.org/public/rest/data/OECD.ELS.HD,DSD_HEALTH_REAC_EMP@DF_NURSE,1.1/all?startPeriod=2004&endPeriod=2026&dimensionAtObservation=AllDimensions&format=csvfilewithlabels","Imported from OECD API dataset OECD.ELS.HD,DSD_HEALTH_REAC_EMP@DF_NURSE,1.1",NoP,"OECD_OECD.ELS.HD,DSD_HEALTH_REAC_EMP@DF_NURSE,1.1",41142593.44
01-2004,Health and social employment,"https://sdmx.oecd.org/public/rest/data/OECD.ELS.HD,DSD_HEALTH_REAC_EMP@DF_PHST,1.1/all?startPeriod=2004&endPeriod=2026&dimensionAtObservation=AllDimensions&format=csvfilewithlabels","Imported from OECD API dataset OECD.ELS.HD,DSD_HEALTH_REAC_EMP@DF_PHST,1.1",NoP,"OECD_OECD.ELS.HD,DSD_HEALTH_REAC_EMP@DF_PHST,1.1",1183253.39
01-2004,Health and social employment,"https://sdmx.oecd.org/public/rest/data/OECD.ELS.HD,DSD_HEALTH_REAC_EMP@DF_PSIO,1.1/all?startPeriod=2004&endPeriod=2026&dimensionAtObservation=AllDimensions&format=csvfilewithlabels","Imported from OECD API dataset OECD.ELS.HD,DSD_HEALTH_REAC_EMP@DF_PSIO,1.1",NoP,"OECD_OECD.ELS.HD,DSD_HEALTH_REAC_EMP@DF_PSIO,1.1",482914.04
01-2004,Hospital employment,"https://sdmx.oecd.org/public/rest/data/OECD.ELS.HD,DSD_HEALTH_REAC_EMP@DF_HOSP_EMP,1.1/all?startPeriod=2004&endPeriod=2026&dimensionAtObservation=AllDimensions&format=csvfilewithlabels","Imported from OECD API dataset OECD.ELS.HD,DSD_HEALTH_REAC_EMP@DF_HOSP_EMP,1.1",NoP,"OECD_OECD.ELS.HD,DSD_HEALTH_REAC_EMP@DF_HOSP_EMP,1.1",43010227.410000004
01-2004,Hospitals,"https://sdmx.oecd.org/public/rest/data/OECD.ELS.HD,DSD_HEALTH_REAC_HOSP@DF_HOSP,1.1/all?startPeriod=2004&endPeriod=2026&dimensionAtObservation=AllDimensions&format=csvfilewithlabels","Imported from OECD API dataset OECD.ELS.HD,DSD_HEALTH_REAC_HOSP@DF_HOSP,1.1",NoP,"OECD_OECD.ELS.HD,DSD_HEALTH_REAC_HOSP@DF_HOSP,1.1",82214.95
01-2004,Share of population who are obese,"https://sdmx.oecd.org/public/rest/data/OECD.ELS.HD,DSD_HEALTH_LVNG@DF_HEALTH_LVNG_BW,1.0/all?startPeriod=2004&endPeriod=2026&dimensionAtObservation=AllDimensions&format=csvfilewithlabels","Imported from OECD API dataset OECD.ELS.HD,DSD_HEALTH_LVNG@DF_HEALTH_LVNG_BW,1.0",NoP,"OECD_OECD.ELS.HD,DSD_HEALTH_LVNG@DF_HEALTH_LVNG_BW,1.0",1155.1
01-2004,Share of population who are overweight,"https://sdmx.oecd.org/public/rest/data/OECD.ELS.HD,DSD_HEALTH_LVNG@DF_HEALTH_LVNG_BW,1.0/all?startPeriod=2004&endPeriod=2026&dimensionAtObservation=AllDimensions&format=csvfilewithlabels","Imported from OECD API dataset OECD.ELS.HD,DSD_HEALTH_LVNG@DF_HEALTH_LVNG_BW,1.0",NoP,"OECD_OECD.ELS.HD,DSD_HEALTH_LVNG@DF_HEALTH_LVNG_BW,1.0",1539.4
01-2004,Share of population who are overweight or obese,"https://sdmx.oecd.org/public/rest/data/OECD.ELS.HD,DSD_HEALTH_LVNG@DF_HEALTH_LVNG_BW,1.0/all?startPeriod=2004&endPeriod=2026&dimensionAtObservation=AllDimensions&format=csvfilewithlabels","Imported from OECD API dataset OECD.ELS.HD,DSD_HEALTH_LVNG@DF_HEALTH_LVNG_BW,1.0",NoP,"OECD_OECD.ELS.HD,DSD_HEALTH_LVNG@DF_HEALTH_LVNG_BW,1.0",2294.9
01-2005,Alcohol consumption,"https://sdmx.oecd.org/public/rest/data/OECD.ELS.HD,DSD_HEALTH_LVNG@DF_HEALTH_LVNG_AC,1.0/all?startPeriod=2004&endPeriod=2026&dimensionAtObservation=AllDimensions&format=csvfilewithlabels","Imported from OECD API dataset OECD.ELS.HD,DSD_HEALTH_LVNG@DF_HEALTH_LVNG_AC,1.0",NoP,"OECD_OECD.ELS.HD,DSD_HEALTH_LVNG@DF_HEALTH_LVNG_AC,1.0",440.3
01-2005,Annual income,"https://sdmx.oecd.org/public/rest/data/OECD.ELS.HD,DSD_HEALTH_REAC_EMP@DF_REMUN,1.1/all?startPeriod=2004&endPeriod=2026&dimensionAtObservation=AllDimensions&format=csvfilewithlabels","Imported from OECD API dataset OECD.ELS.HD,DSD_HEALTH_REAC_EMP@DF_REMUN,1.1",NoP,"OECD_OECD.ELS.HD,DSD_HEALTH_REAC_EMP@DF_REMUN,1.1",79264990.87
01-2005,Health and social employment,"https://sdmx.oecd.org/public/rest/data/OECD.ELS.HD,DSD_HEALTH_EMP_REAC@DF_PHYS,1.1/all?startPeriod=2004&endPeriod=2026&dimensionAtObservation=AllDimensions&format=csvfilewithlabels","Imported from OECD API dataset OECD.ELS.HD,DSD_HEALTH_EMP_REAC@DF_PHYS,1.1",NoP,"OECD_OECD.ELS.HD,DSD_HEALTH_EMP_REAC@DF_PHYS,1.1",10914427.9
01-2005,Health and social employment,"https://sdmx.oecd.org/public/rest/data/OECD.ELS.HD,DSD_HEALTH_REAC_EMP@DF_DNST,1.1/all?startPeriod=2004&endPeriod=2026&dimensionAtObservation=AllDimensions&format=csvfilewithlabels","Imported from OECD API dataset OECD.ELS.HD,DSD_HEALTH_REAC_EMP@DF_DNST,1.1",NoP,"OECD_OECD.ELS.HD,DSD_HEALTH_REAC_EMP@DF_DNST,1.1",998764.57
01-2005,Health and social employment,"https://sdmx.oecd.org/public/rest/data/OECD.ELS.HD,DSD_HEALTH_REAC_EMP@DF_MIDWIFE,1.1/all?startPeriod=2004&endPeriod=2026&dimensionAtObservation=AllDimensions&format=csvfilewithlabels","Imported from OECD API dataset OECD.ELS.HD,DSD_HEALTH_REAC_EMP@DF_MIDWIFE,1.1",NoP,"OECD_OECD.ELS.HD,DSD_HEALTH_REAC_EMP@DF_MIDWIFE,1.1",352742.39
01-2005,Health and social employment,"https://sdmx.oecd.org/public/rest/data/OECD.ELS.HD,DSD_HEALTH_REAC_EMP@DF_NURSE,1.1/all?startPeriod=2004&endPeriod=2026&dimensionAtObservation=AllDimensions&format=csvfilewithlabels","Imported from OECD API dataset OECD.ELS.HD,DSD_HEALTH_REAC_EMP@DF_NURSE,1.1",NoP,"OECD_OECD.ELS.HD,DSD_HEALTH_REAC_EMP@DF_NURSE,1.1",36748102.3
01-2005,Health and social employment,"https://sdmx.oecd.org/public/rest/data/OECD.ELS.HD,DSD_HEALTH_REAC_EMP@DF_PHST,1.1/all?startPeriod=2004&endPeriod=2026&dimensionAtObservation=AllDimensions&format=csvfilewithlabels","Imported from OECD API dataset OECD.ELS.HD,DSD_HEALTH_REAC_EMP@DF_PHST,1.1",NoP,"OECD_OECD.ELS.HD,DSD_HEALTH_REAC_EMP@DF_PHST,1.1",1038163.07
01-2005,Health and social employment,"https://sdmx.oecd.org/public/rest/data/OECD.ELS.HD,DSD_HEALTH_REAC_EMP@DF_PSIO,1.1/all?startPeriod=2004&endPeriod=2026&dimensionAtObservation=AllDimensions&format=csvfilewithlabels","Imported from OECD API dataset OECD.ELS.HD,DSD_HEALTH_REAC_EMP@DF_PSIO,1.1",NoP,"OECD_OECD.ELS.HD,DSD_HEALTH_REAC_EMP@DF_PSIO,1.1",513010.81
01-2005,Hospital employment,"https://sdmx.oecd.org/public/rest/data/OECD.ELS.HD,DSD_HEALTH_REAC_EMP@DF_HOSP_EMP,1.1/all?startPeriod=2004&endPeriod=2026&dimensionAtObservation=AllDimensions&format=csvfilewithlabels","Imported from OECD API dataset OECD.ELS.HD,DSD_HEALTH_REAC_EMP@DF_HOSP_EMP,1.1",NoP,"OECD_OECD.ELS.HD,DSD_HEALTH_REAC_EMP@DF_HOSP_EMP,1.1",44501676.51
01-2005,Hospitals,"https://sdmx.oecd.org/public/rest/data/OECD.ELS.HD,DSD_HEALTH_REAC_HOSP@DF_HOSP,1.1/all?startPeriod=2004&endPeriod=2026&dimensionAtObservation=AllDimensions&format=csvfilewithlabels","Imported from OECD API dataset OECD.ELS.HD,DSD_HEALTH_REAC_HOSP@DF_HOSP,1.1",NoP,"OECD_OECD.ELS.HD,DSD_HEALTH_REAC_HOSP@DF_HOSP,1.1",82752.8
01-2005,Share of population who are obese,"https://sdmx.oecd.org/public/rest/data/OECD.ELS.HD,DSD_HEALTH_LVNG@DF_HEALTH_LVNG_BW,1.0/all?startPeriod=2004&endPeriod=2026&dimensionAtObservation=AllDimensions&format=csvfilewithlabels","Imported from OECD API dataset OECD.ELS.HD,DSD_HEALTH_LVNG@DF_HEALTH_LVNG_BW,1.0",NoP,"OECD_OECD.ELS.HD,DSD_HEALTH_LVNG@DF_HEALTH_LVNG_BW,1.0",1210.7
01-2005,Share of population who are overweight,"https://sdmx.oecd.org/public/rest/data/OECD.ELS.HD,DSD_HEALTH_LVNG@DF_HEALTH_LVNG_BW,1.0/all?startPeriod=2004&endPeriod=2026&dimensionAtObservation=AllDimensions&format=csvfilewithlabels","Imported from OECD API dataset OECD.ELS.HD,DSD_HEALTH_LVNG@DF_HEALTH_LVNG_BW,1.0",NoP,"OECD_OECD.ELS.HD,DSD_HEALTH_LVNG@DF_HEALTH_LVNG_BW,1.0",1824.2
01-2005,Share of population who are overweight or obese,"https://sdmx.oecd.org/public/rest/data/OECD.ELS.HD,DSD_HEALTH_LVNG@DF_HEALTH_LVNG_BW,1.0/all?startPeriod=2004&endPeriod=2026&dimensionAtObservation=AllDimensions&format=csvfilewithlabels","Imported from OECD API dataset OECD.ELS.HD,DSD_HEALTH_LVNG@DF_HEALTH_LVNG_BW,1.0",NoP,"OECD_OECD.ELS.HD,DSD_HEALTH_LVNG@DF_HEALTH_LVNG_BW,1.0",2487.8
01-2006,Alcohol consumption,"https://sdmx.oecd.org/public/rest/data/OECD.ELS.HD,DSD_HEALTH_LVNG@DF_HEALTH_LVNG_AC,1.0/all?startPeriod=2004&endPeriod=2026&dimensionAtObservation=AllDimensions&format=csvfilewithlabels","Imported from OECD API dataset OECD.ELS.HD,DSD_HEALTH_LVNG@DF_HEALTH_LVNG_AC,1.0",NoP,"OECD_OECD.ELS.HD,DSD_HEALTH_LVNG@DF_HEALTH_LVNG_AC,1.0",450.5
01-2006,Annual income,"https://sdmx.oecd.org/public/rest/data/OECD.ELS.HD,DSD_HEALTH_REAC_EMP@DF_REMUN,1.1/all?startPeriod=2004&endPeriod=2026&dimensionAtObservation=AllDimensions&format=csvfilewithlabels","Imported from OECD API dataset OECD.ELS.HD,DSD_HEALTH_REAC_EMP@DF_REMUN,1.1",NoP,"OECD_OECD.ELS.HD,DSD_HEALTH_REAC_EMP@DF_REMUN,1.1",68485892.12
01-2006,Health and social employment,"https://sdmx.oecd.org/public/rest/data/OECD.ELS.HD,DSD_HEALTH_REAC_EMP@DF_PSIO,1.1/all?startPeriod=2004&endPeriod=2026&dimensionAtObservation=AllDimensions&format=csvfilewithlabels","Imported from OECD API dataset OECD.ELS.HD,DSD_HEALTH_REAC_EMP@DF_PSIO,1.1",NoP,"OECD_OECD.ELS.HD,DSD_HEALTH_REAC_EMP@DF_PSIO,1.1",559417.09
01-2006,Health and social employment,"https://sdmx.oecd.org/public/rest/data/OECD.ELS.HD,DSD_HEALTH_REAC_EMP@DF_NURSE,1.1/all?startPeriod=2004&endPeriod=2026&dimensionAtObservation=AllDimensions&format=csvfilewithlabels","Imported from OECD API dataset OECD.ELS.HD,DSD_HEALTH_REAC_EMP@DF_NURSE,1.1",NoP,"OECD_OECD.ELS.HD,DSD_HEALTH_REAC_EMP@DF_NURSE,1.1",42865493.02
01-2006,Health and social employment,"https://sdmx.oecd.org/public/rest/data/OECD.ELS.HD,DSD_HEALTH_REAC_EMP@DF_PHST,1.1/all?startPeriod=2004&endPeriod=2026&dimensionAtObservation=AllDimensions&format=csvfilewithlabels","Imported from OECD API dataset OECD.ELS.HD,DSD_HEALTH_REAC_EMP@DF_PHST,1.1",NoP,"OECD_OECD.ELS.HD,DSD_HEALTH_REAC_EMP@DF_PHST,1.1",1327450.11
01-2006,Health and social employment,"https://sdmx.oecd.org/public/rest/data/OECD.ELS.HD,DSD_HEALTH_REAC_EMP@DF_DNST,1.1/all?startPeriod=2004&endPeriod=2026&dimensionAtObservation=AllDimensions&format=csvfilewithlabels","Imported from OECD API dataset OECD.ELS.HD,DSD_HEALTH_REAC_EMP@DF_DNST,1.1",NoP,"OECD_OECD.ELS.HD,DSD_HEALTH_REAC_EMP@DF_DNST,1.1",1218898.08
01-2006,Health and social employment,"https://sdmx.oecd.org/public/rest/data/OECD.ELS.HD,DSD_HEALTH_REAC_EMP@DF_MIDWIFE,1.1/all?startPeriod=2004&endPeriod=2026&dimensionAtObservation=AllDimensions&format=csvfilewithlabels","Imported from OECD API dataset OECD.ELS.HD,DSD_HEALTH_REAC_EMP@DF_MIDWIFE,1.1",NoP,"OECD_OECD.ELS.HD,DSD_HEALTH_REAC_EMP@DF_MIDWIFE,1.1",415675.4
01-2006,Health and social employment,"https://sdmx.oecd.org/public/rest/data/OECD.ELS.HD,DSD_HEALTH_EMP_REAC@DF_PHYS,1.1/all?startPeriod=2004&endPeriod=2026&dimensionAtObservation=AllDimensions&format=csvfilewithlabels","Imported from OECD API dataset OECD.ELS.HD,DSD_HEALTH_EMP_REAC@DF_PHYS,1.1",NoP,"OECD_OECD.ELS.HD,DSD_HEALTH_EMP_REAC@DF_PHYS,1.1",11696280.84
01-2006,Hospital employment,"https://sdmx.oecd.org/public/rest/data/OECD.ELS.HD,DSD_HEALTH_REAC_EMP@DF_HOSP_EMP,1.1/all?startPeriod=2004&endPeriod=2026&dimensionAtObservation=AllDimensions&format=csvfilewithlabels","Imported from OECD API dataset OECD.ELS.HD,DSD_HEALTH_REAC_EMP@DF_HOSP_EMP,1.1",NoP,"OECD_OECD.ELS.HD,DSD_HEALTH_REAC_EMP@DF_HOSP_EMP,1.1",45501727.6
01-2006,Hospitals,"https://sdmx.oecd.org/public/rest/data/OECD.ELS.HD,DSD_HEALTH_REAC_HOSP@DF_HOSP,1.1/all?startPeriod=2004&endPeriod=2026&dimensionAtObservation=AllDimensions&format=csvfilewithlabels","Imported from OECD API dataset OECD.ELS.HD,DSD_HEALTH_REAC_HOSP@DF_HOSP,1.1",NoP,"OECD_OECD.ELS.HD,DSD_HEALTH_REAC_HOSP@DF_HOSP,1.1",89480.95
01-2006,Share of population who are obese,"https://sdmx.oecd.org/public/rest/data/OECD.ELS.HD,DSD_HEALTH_LVNG@DF_HEALTH_LVNG_BW,1.0/all?startPeriod=2004&endPeriod=2026&dimensionAtObservation=AllDimensions&format=csvfilewithlabels","Imported from OECD API dataset OECD.ELS.HD,DSD_HEALTH_LVNG@DF_HEALTH_LVNG_BW,1.0",NoP,"OECD_OECD.ELS.HD,DSD_HEALTH_LVNG@DF_HEALTH_LVNG_BW,1.0",1359.5
01-2006,Share of population who are overweight,"https://sdmx.oecd.org/public/rest/data/OECD.ELS.HD,DSD_HEALTH_LVNG@DF_HEALTH_LVNG_BW,1.0/all?startPeriod=2004&endPeriod=2026&dimensionAtObservation=AllDimensions&format=csvfilewithlabels","Imported from OECD API dataset OECD.ELS.HD,DSD_HEALTH_LVNG@DF_HEALTH_LVNG_BW,1.0",NoP,"OECD_OECD.ELS.HD,DSD_HEALTH_LVNG@DF_HEALTH_LVNG_BW,1.0",2033.7
01-2006,Share of population who are overweight or obese,"https://sdmx.oecd.org/public/rest/data/OECD.ELS.HD,DSD_HEALTH_LVNG@DF_HEALTH_LVNG_BW,1.0/all?startPeriod=2004&endPeriod=2026&dimensionAtObservation=AllDimensions&format=csvfilewithlabels","Imported from OECD API dataset OECD.ELS.HD,DSD_HEALTH_LVNG@DF_HEALTH_LVNG_BW,1.0",NoP,"OECD_OECD.ELS.HD,DSD_HEALTH_LVNG@DF_HEALTH_LVNG_BW,1.0",2968.4
01-2007,Alcohol consumption,"https://sdmx.oecd.org/public/rest/data/OECD.ELS.HD,DSD_HEALTH_LVNG@DF_HEALTH_LVNG_AC,1.0/all?startPeriod=2004&endPeriod=2026&dimensionAtObservation=AllDimensions&format=csvfilewithlabels","Imported from OECD API dataset OECD.ELS.HD,DSD_HEALTH_LVNG@DF_HEALTH_LVNG_AC,1.0",NoP,"OECD_OECD.ELS.HD,DSD_HEALTH_LVNG@DF_HEALTH_LVNG_AC,1.0",454.5
01-2007,Annual income,"https://sdmx.oecd.org/public/rest/data/OECD.ELS.HD,DSD_HEALTH_REAC_EMP@DF_REMUN,1.1/all?startPeriod=2004&endPeriod=2026&dimensionAtObservation=AllDimensions&format=csvfilewithlabels","Imported from OECD API dataset OECD.ELS.HD,DSD_HEALTH_REAC_EMP@DF_REMUN,1.1",NoP,"OECD_OECD.ELS.HD,DSD_HEALTH_REAC_EMP@DF_REMUN,1.1",101947669.13
01-2007,Health and social employment,"https://sdmx.oecd.org/public/rest/data/OECD.ELS.HD,DSD_HEALTH_EMP_REAC@DF_PHYS,1.1/all?startPeriod=2004&endPeriod=2026&dimensionAtObservation=AllDimensions&format=csvfilewithlabels","Imported from OECD API dataset OECD.ELS.HD,DSD_HEALTH_EMP_REAC@DF_PHYS,1.1",NoP,"OECD_OECD.ELS.HD,DSD_HEALTH_EMP_REAC@DF_PHYS,1.1",11692309.15
01-2007,Health and social employment,"https://sdmx.oecd.org/public/rest/data/OECD.ELS.HD,DSD_HEALTH_REAC_EMP@DF_DNST,1.1/all?startPeriod=2004&endPeriod=2026&dimensionAtObservation=AllDimensions&format=csvfilewithlabels","Imported from OECD API dataset OECD.ELS.HD,DSD_HEALTH_REAC_EMP@DF_DNST,1.1",NoP,"OECD_OECD.ELS.HD,DSD_HEALTH_REAC_EMP@DF_DNST,1.1",1053441.83
01-2007,Health and social employment,"https://sdmx.oecd.org/public/rest/data/OECD.ELS.HD,DSD_HEALTH_REAC_EMP@DF_MIDWIFE,1.1/all?startPeriod=2004&endPeriod=2026&dimensionAtObservation=AllDimensions&format=csvfilewithlabels","Imported from OECD API dataset OECD.ELS.HD,DSD_HEALTH_REAC_EMP@DF_MIDWIFE,1.1",NoP,"OECD_OECD.ELS.HD,DSD_HEALTH_REAC_EMP@DF_MIDWIFE,1.1",378899.0
01-2007,Health and social employment,"https://sdmx.oecd.org/public/rest/data/OECD.ELS.HD,DSD_HEALTH_REAC_EMP@DF_NURSE,1.1/all?startPeriod=2004&endPeriod=2026&dimensionAtObservation=AllDimensions&format=csvfilewithlabels","Imported from OECD API dataset OECD.ELS.HD,DSD_HEALTH_REAC_EMP@DF_NURSE,1.1",NoP,"OECD_OECD.ELS.HD,DSD_HEALTH_REAC_EMP@DF_NURSE,1.1",40701809.56
01-2007,Health and social employment,"https://sdmx.oecd.org/public/rest/data/OECD.ELS.HD,DSD_HEALTH_REAC_EMP@DF_PHST,1.1/all?startPeriod=2004&endPeriod=2026&dimensionAtObservation=AllDimensions&format=csvfilewithlabels","Imported from OECD API dataset OECD.ELS.HD,DSD_HEALTH_REAC_EMP@DF_PHST,1.1",NoP,"OECD_OECD.ELS.HD,DSD_HEALTH_REAC_EMP@DF_PHST,1.1",1208165.58
01-2007,Health and social employment,"https://sdmx.oecd.org/public/rest/data/OECD.ELS.HD,DSD_HEALTH_REAC_EMP@DF_PSIO,1.1/all?startPeriod=2004&endPeriod=2026&dimensionAtObservation=AllDimensions&format=csvfilewithlabels","Imported from OECD API dataset OECD.ELS.HD,DSD_HEALTH_REAC_EMP@DF_PSIO,1.1",NoP,"OECD_OECD.ELS.HD,DSD_HEALTH_REAC_EMP@DF_PSIO,1.1",603816.44
01-2007,Hospital employment,"https://sdmx.oecd.org/public/rest/data/OECD.ELS.HD,DSD_HEALTH_REAC_EMP@DF_HOSP_EMP,1.1/all?startPeriod=2004&endPeriod=2026&dimensionAtObservation=AllDimensions&format=csvfilewithlabels","Imported from OECD API dataset OECD.ELS.HD,DSD_HEALTH_REAC_EMP@DF_HOSP_EMP,1.1",NoP,"OECD_OECD.ELS.HD,DSD_HEALTH_REAC_EMP@DF_HOSP_EMP,1.1",46606116.83
01-2007,Hospitals,"https://sdmx.oecd.org/public/rest/data/OECD.ELS.HD,DSD_HEALTH_REAC_HOSP@DF_HOSP,1.1/all?startPeriod=2004&endPeriod=2026&dimensionAtObservation=AllDimensions&format=csvfilewithlabels","Imported from OECD API dataset OECD.ELS.HD,DSD_HEALTH_REAC_HOSP@DF_HOSP,1.1",NoP,"OECD_OECD.ELS.HD,DSD_HEALTH_REAC_HOSP@DF_HOSP,1.1",90967.18
01-2007,Share of population who are obese,"https://sdmx.oecd.org/public/rest/data/OECD.ELS.HD,DSD_HEALTH_LVNG@DF_HEALTH_LVNG_BW,1.0/all?startPeriod=2004&endPeriod=2026&dimensionAtObservation=AllDimensions&format=csvfilewithlabels","Imported from OECD API dataset OECD.ELS.HD,DSD_HEALTH_LVNG@DF_HEALTH_LVNG_BW,1.0",NoP,"OECD_OECD.ELS.HD,DSD_HEALTH_LVNG@DF_HEALTH_LVNG_BW,1.0",1333.6
01-2007,Share of population who are overweight,"https://sdmx.oecd.org/public/rest/data/OECD.ELS.HD,DSD_HEALTH_LVNG@DF_HEALTH_LVNG_BW,1.0/all?startPeriod=2004&endPeriod=2026&dimensionAtObservation=AllDimensions&format=csvfilewithlabels","Imported from OECD API dataset OECD.ELS.HD,DSD_HEALTH_LVNG@DF_HEALTH_LVNG_BW,1.0",NoP,"OECD_OECD.ELS.HD,DSD_HEALTH_LVNG@DF_HEALTH_LVNG_BW,1.0",1913.0
01-2007,Share of population who are overweight or obese,"https://sdmx.oecd.org/public/rest/data/OECD.ELS.HD,DSD_HEALTH_LVNG@DF_HEALTH_LVNG_BW,1.0/all?startPeriod=2004&endPeriod=2026&dimensionAtObservation=AllDimensions&format=csvfilewithlabels","Imported from OECD API dataset OECD.ELS.HD,DSD_HEALTH_LVNG@DF_HEALTH_LVNG_BW,1.0",NoP,"OECD_OECD.ELS.HD,DSD_HEALTH_LVNG@DF_HEALTH_LVNG_BW,1.0",2881.3
01-2008,Alcohol consumption,"https://sdmx.oecd.org/public/rest/data/OECD.ELS.HD,DSD_HEALTH_LVNG@DF_HEALTH_LVNG_AC,1.0/all?startPeriod=2004&endPeriod=2026&dimensionAtObservation=AllDimensions&format=csvfilewithlabels","Imported from OECD API dataset OECD.ELS.HD,DSD_HEALTH_LVNG@DF_HEALTH_LVNG_AC,1.0",NoP,"OECD_OECD.ELS.HD,DSD_HEALTH_LVNG@DF_HEALTH_LVNG_AC,1.0",451.3
01-2008,Annual income,"https://sdmx.oecd.org/public/rest/data/OECD.ELS.HD,DSD_HEALTH_REAC_EMP@DF_REMUN,1.1/all?startPeriod=2004&endPeriod=2026&dimensionAtObservation=AllDimensions&format=csvfilewithlabels","Imported from OECD API dataset OECD.ELS.HD,DSD_HEALTH_REAC_EMP@DF_REMUN,1.1",NoP,"OECD_OECD.ELS.HD,DSD_HEALTH_REAC_EMP@DF_REMUN,1.1",122579957.38
01-2008,Health and social employment,"https://sdmx.oecd.org/public/rest/data/OECD.ELS.HD,DSD_HEALTH_REAC_EMP@DF_PSIO,1.1/all?startPeriod=2004&endPeriod=2026&dimensionAtObservation=AllDimensions&format=csvfilewithlabels","Imported from OECD API dataset OECD.ELS.HD,DSD_HEALTH_REAC_EMP@DF_PSIO,1.1",NoP,"OECD_OECD.ELS.HD,DSD_HEALTH_REAC_EMP@DF_PSIO,1.1",638188.95
01-2008,Health and social employment,"https://sdmx.oecd.org/public/rest/data/OECD.ELS.HD,DSD_HEALTH_REAC_EMP@DF_PHST,1.1/all?startPeriod=2004&endPeriod=2026&dimensionAtObservation=AllDimensions&format=csvfilewithlabels","Imported from OECD API dataset OECD.ELS.HD,DSD_HEALTH_REAC_EMP@DF_PHST,1.1",NoP,"OECD_OECD.ELS.HD,DSD_HEALTH_REAC_EMP@DF_PHST,1.1",1440227.79
01-2008,Health and social employment,"https://sdmx.oecd.org/public/rest/data/OECD.ELS.HD,DSD_HEALTH_REAC_EMP@DF_NURSE,1.1/all?startPeriod=2004&endPeriod=2026&dimensionAtObservation=AllDimensions&format=csvfilewithlabels","Imported from OECD API dataset OECD.ELS.HD,DSD_HEALTH_REAC_EMP@DF_NURSE,1.1",NoP,"OECD_OECD.ELS.HD,DSD_HEALTH_REAC_EMP@DF_NURSE,1.1",47216009.75
01-2008,Health and social employment,"https://sdmx.oecd.org/public/rest/data/OECD.ELS.HD,DSD_HEALTH_REAC_EMP@DF_DNST,1.1/all?startPeriod=2004&endPeriod=2026&dimensionAtObservation=AllDimensions&format=csvfilewithlabels","Imported from OECD API dataset OECD.ELS.HD,DSD_HEALTH_REAC_EMP@DF_DNST,1.1",NoP,"OECD_OECD.ELS.HD,DSD_HEALTH_REAC_EMP@DF_DNST,1.1",1260520.76
01-2008,Health and social employment,"https://sdmx.oecd.org/public/rest/data/OECD.ELS.HD,DSD_HEALTH_EMP_REAC@DF_PHYS,1.1/all?startPeriod=2004&endPeriod=2026&dimensionAtObservation=AllDimensions&format=csvfilewithlabels","Imported from OECD API dataset OECD.ELS.HD,DSD_HEALTH_EMP_REAC@DF_PHYS,1.1",NoP,"OECD_OECD.ELS.HD,DSD_HEALTH_EMP_REAC@DF_PHYS,1.1",12557675.45
01-2008,Health and social employment,"https://sdmx.oecd.org/public/rest/data/OECD.ELS.HD,DSD_HEALTH_REAC_EMP@DF_MIDWIFE,1.1/all?startPeriod=2004&endPeriod=2026&dimensionAtObservation=AllDimensions&format=csvfilewithlabels","Imported from OECD API dataset OECD.ELS.HD,DSD_HEALTH_REAC_EMP@DF_MIDWIFE,1.1",NoP,"OECD_OECD.ELS.HD,DSD_HEALTH_REAC_EMP@DF_MIDWIFE,1.1",443016.64
01-2008,Hospital employment,"https://sdmx.oecd.org/public/rest/data/OECD.ELS.HD,DSD_HEALTH_REAC_EMP@DF_HOSP_EMP,1.1/all?startPeriod=2004&endPeriod=2026&dimensionAtObservation=AllDimensions&format=csvfilewithlabels","Imported from OECD API dataset OECD.ELS.HD,DSD_HEALTH_REAC_EMP@DF_HOSP_EMP,1.1",NoP,"OECD_OECD.ELS.HD,DSD_HEALTH_REAC_EMP@DF_HOSP_EMP,1.1",48425080.1
01-2008,Hospitals,"https://sdmx.oecd.org/public/rest/data/OECD.ELS.HD,DSD_HEALTH_REAC_HOSP@DF_HOSP,1.1/all?startPeriod=2004&endPeriod=2026&dimensionAtObservation=AllDimensions&format=csvfilewithlabels","Imported from OECD API dataset OECD.ELS.HD,DSD_HEALTH_REAC_HOSP@DF_HOSP,1.1",NoP,"OECD_OECD.ELS.HD,DSD_HEALTH_REAC_HOSP@DF_HOSP,1.1",93195.65
01-2008,Share of population who are obese,"https://sdmx.oecd.org/public/rest/data/OECD.ELS.HD,DSD_HEALTH_LVNG@DF_HEALTH_LVNG_BW,1.0/all?startPeriod=2004&endPeriod=2026&dimensionAtObservation=AllDimensions&format=csvfilewithlabels","Imported from OECD API dataset OECD.ELS.HD,DSD_HEALTH_LVNG@DF_HEALTH_LVNG_BW,1.0",NoP,"OECD_OECD.ELS.HD,DSD_HEALTH_LVNG@DF_HEALTH_LVNG_BW,1.0",1853.3
01-2008,Share of population who are overweight,"https://sdmx.oecd.org/public/rest/data/OECD.ELS.HD,DSD_HEALTH_LVNG@DF_HEALTH_LVNG_BW,1.0/all?startPeriod=2004&endPeriod=2026&dimensionAtObservation=AllDimensions&format=csvfilewithlabels","Imported from OECD API dataset OECD.ELS.HD,DSD_HEALTH_LVNG@DF_HEALTH_LVNG_BW,1.0",NoP,"OECD_OECD.ELS.HD,DSD_HEALTH_LVNG@DF_HEALTH_LVNG_BW,1.0",2603.8
01-2008,Share of population who are overweight or obese,"https://sdmx.oecd.org/public/rest/data/OECD.ELS.HD,DSD_HEALTH_LVNG@DF_HEALTH_LVNG_BW,1.0/all?startPeriod=2004&endPeriod=2026&dimensionAtObservation=AllDimensions&format=csvfilewithlabels","Imported from OECD API dataset OECD.ELS.HD,DSD_HEALTH_LVNG@DF_HEALTH_LVNG_BW,1.0",NoP,"OECD_OECD.ELS.HD,DSD_HEALTH_LVNG@DF_HEALTH_LVNG_BW,1.0",3852.4
01-2009,Alcohol consumption,"https://sdmx.oecd.org/public/rest/data/OECD.ELS.HD,DSD_HEALTH_LVNG@DF_HEALTH_LVNG_AC,1.0/all?startPeriod=2004&endPeriod=2026&dimensionAtObservation=AllDimensions&format=csvfilewithlabels","Imported from OECD API dataset OECD.ELS.HD,DSD_HEALTH_LVNG@DF_HEALTH_LVNG_AC,1.0",NoP,"OECD_OECD.ELS.HD,DSD_HEALTH_LVNG@DF_HEALTH_LVNG_AC,1.0",436.4
01-2009,Annual income,"https://sdmx.oecd.org/public/rest/data/OECD.ELS.HD,DSD_HEALTH_REAC_EMP@DF_REMUN,1.1/all?startPeriod=2004&endPeriod=2026&dimensionAtObservation=AllDimensions&format=csvfilewithlabels","Imported from OECD API dataset OECD.ELS.HD,DSD_HEALTH_REAC_EMP@DF_REMUN,1.1",NoP,"OECD_OECD.ELS.HD,DSD_HEALTH_REAC_EMP@DF_REMUN,1.1",123209469.68
01-2009,Health and social employment,"https://sdmx.oecd.org/public/rest/data/OECD.ELS.HD,DSD_HEALTH_EMP_REAC@DF_PHYS,1.1/all?startPeriod=2004&endPeriod=2026&dimensionAtObservation=AllDimensions&format=csvfilewithlabels","Imported from OECD API dataset OECD.ELS.HD,DSD_HEALTH_EMP_REAC@DF_PHYS,1.1",NoP,"OECD_OECD.ELS.HD,DSD_HEALTH_EMP_REAC@DF_PHYS,1.1",12397459.32
01-2009,Health and social employment,"https://sdmx.oecd.org/public/rest/data/OECD.ELS.HD,DSD_HEALTH_REAC_EMP@DF_DNST,1.1/all?startPeriod=2004&endPeriod=2026&dimensionAtObservation=AllDimensions&format=csvfilewithlabels","Imported from OECD API dataset OECD.ELS.HD,DSD_HEALTH_REAC_EMP@DF_DNST,1.1",NoP,"OECD_OECD.ELS.HD,DSD_HEALTH_REAC_EMP@DF_DNST,1.1",1122222.42
01-2009,Health and social employment,"https://sdmx.oecd.org/public/rest/data/OECD.ELS.HD,DSD_HEALTH_REAC_EMP@DF_MIDWIFE,1.1/all?startPeriod=2004&endPeriod=2026&dimensionAtObservation=AllDimensions&format=csvfilewithlabels","Imported from OECD API dataset OECD.ELS.HD,DSD_HEALTH_REAC_EMP@DF_MIDWIFE,1.1",NoP,"OECD_OECD.ELS.HD,DSD_HEALTH_REAC_EMP@DF_MIDWIFE,1.1",396447.91
01-2009,Health and social employment,"https://sdmx.oecd.org/public/rest/data/OECD.ELS.HD,DSD_HEALTH_REAC_EMP@DF_NURSE,1.1/all?startPeriod=2004&endPeriod=2026&dimensionAtObservation=AllDimensions&format=csvfilewithlabels","Imported from OECD API dataset OECD.ELS.HD,DSD_HEALTH_REAC_EMP@DF_NURSE,1.1",NoP,"OECD_OECD.ELS.HD,DSD_HEALTH_REAC_EMP@DF_NURSE,1.1",42797380.1
01-2009,Health and social employment,"https://sdmx.oecd.org/public/rest/data/OECD.ELS.HD,DSD_HEALTH_REAC_EMP@DF_PHST,1.1/all?startPeriod=2004&endPeriod=2026&dimensionAtObservation=AllDimensions&format=csvfilewithlabels","Imported from OECD API dataset OECD.ELS.HD,DSD_HEALTH_REAC_EMP@DF_PHST,1.1",NoP,"OECD_OECD.ELS.HD,DSD_HEALTH_REAC_EMP@DF_PHST,1.1",1305289.72
01-2009,Health and social employment,"https://sdmx.oecd.org/public/rest/data/OECD.ELS.HD,DSD_HEALTH_REAC_EMP@DF_PSIO,1.1/all?startPeriod=2004&endPeriod=2026&dimensionAtObservation=AllDimensions&format=csvfilewithlabels","Imported from OECD API dataset OECD.ELS.HD,DSD_HEALTH_REAC_EMP@DF_PSIO,1.1",NoP,"OECD_OECD.ELS.HD,DSD_HEALTH_REAC_EMP@DF_PSIO,1.1",666371.94
01-2009,Hospital employment,"https://sdmx.oecd.org/public/rest/data/OECD.ELS.HD,DSD_HEALTH_REAC_EMP@DF_HOSP_EMP,1.1/all?startPeriod=2004&endPeriod=2026&dimensionAtObservation=AllDimensions&format=csvfilewithlabels","Imported from OECD API dataset OECD.ELS.HD,DSD_HEALTH_REAC_EMP@DF_HOSP_EMP,1.1",NoP,"OECD_OECD.ELS.HD,DSD_HEALTH_REAC_EMP@DF_HOSP_EMP,1.1",54821364.56
01-2009,Hospitals,"https://sdmx.oecd.org/public/rest/data/OECD.ELS.HD,DSD_HEALTH_REAC_HOSP@DF_HOSP,1.1/all?startPeriod=2004&endPeriod=2026&dimensionAtObservation=AllDimensions&format=csvfilewithlabels","Imported from OECD API dataset OECD.ELS.HD,DSD_HEALTH_REAC_HOSP@DF_HOSP,1.1",NoP,"OECD_OECD.ELS.HD,DSD_HEALTH_REAC_HOSP@DF_HOSP,1.1",94677.4
01-2009,Share of population who are obese,"https://sdmx.oecd.org/public/rest/data/OECD.ELS.HD,DSD_HEALTH_LVNG@DF_HEALTH_LVNG_BW,1.0/all?startPeriod=2004&endPeriod=2026&dimensionAtObservation=AllDimensions&format=csvfilewithlabels","Imported from OECD API dataset OECD.ELS.HD,DSD_HEALTH_LVNG@DF_HEALTH_LVNG_BW,1.0",NoP,"OECD_OECD.ELS.HD,DSD_HEALTH_LVNG@DF_HEALTH_LVNG_BW,1.0",1450.2
01-2009,Share of population who are overweight,"https://sdmx.oecd.org/public/rest/data/OECD.ELS.HD,DSD_HEALTH_LVNG@DF_HEALTH_LVNG_BW,1.0/all?startPeriod=2004&endPeriod=2026&dimensionAtObservation=AllDimensions&format=csvfilewithlabels","Imported from OECD API dataset OECD.ELS.HD,DSD_HEALTH_LVNG@DF_HEALTH_LVNG_BW,1.0",NoP,"OECD_OECD.ELS.HD,DSD_HEALTH_LVNG@DF_HEALTH_LVNG_BW,1.0",2163.8
01-2009,Share of population who are overweight or obese,"https://sdmx.oecd.org/public/rest/data/OECD.ELS.HD,DSD_HEALTH_LVNG@DF_HEALTH_LVNG_BW,1.0/all?startPeriod=2004&endPeriod=2026&dimensionAtObservation=AllDimensions&format=csvfilewithlabels","Imported from OECD API dataset OECD.ELS.HD,DSD_HEALTH_LVNG@DF_HEALTH_LVNG_BW,1.0",NoP,"OECD_OECD.ELS.HD,DSD_HEALTH_LVNG@DF_HEALTH_LVNG_BW,1.0",3314.1
01-2010,Alcohol consumption,"https://sdmx.oecd.org/public/rest/data/OECD.ELS.HD,DSD_HEALTH_LVNG@DF_HEALTH_LVNG_AC,1.0/all?startPeriod=2004&endPeriod=2026&dimensionAtObservation=AllDimensions&format=csvfilewithlabels","Imported from OECD API dataset OECD.ELS.HD,DSD_HEALTH_LVNG@DF_HEALTH_LVNG_AC,1.0",NoP,"OECD_OECD.ELS.HD,DSD_HEALTH_LVNG@DF_HEALTH_LVNG_AC,1.0",431.6
01-2010,Annual income,"https://sdmx.oecd.org/public/rest/data/OECD.ELS.HD,DSD_HEALTH_REAC_EMP@DF_REMUN,1.1/all?startPeriod=2004&endPeriod=2026&dimensionAtObservation=AllDimensions&format=csvfilewithlabels","Imported from OECD API dataset OECD.ELS.HD,DSD_HEALTH_REAC_EMP@DF_REMUN,1.1",NoP,"OECD_OECD.ELS.HD,DSD_HEALTH_REAC_EMP@DF_REMUN,1.1",612853631.39
01-2010,Health and social employment,"https://sdmx.oecd.org/public/rest/data/OECD.ELS.HD,DSD_HEALTH_REAC_EMP@DF_PSIO,1.1/all?startPeriod=2004&endPeriod=2026&dimensionAtObservation=AllDimensions&format=csvfilewithlabels","Imported from OECD API dataset OECD.ELS.HD,DSD_HEALTH_REAC_EMP@DF_PSIO,1.1",NoP,"OECD_OECD.ELS.HD,DSD_HEALTH_REAC_EMP@DF_PSIO,1.1",700687.06
01-2010,Health and social employment,"https://sdmx.oecd.org/public/rest/data/OECD.ELS.HD,DSD_HEALTH_REAC_EMP@DF_PHST,1.1/all?startPeriod=2004&endPeriod=2026&dimensionAtObservation=AllDimensions&format=csvfilewithlabels","Imported from OECD API dataset OECD.ELS.HD,DSD_HEALTH_REAC_EMP@DF_PHST,1.1",NoP,"OECD_OECD.ELS.HD,DSD_HEALTH_REAC_EMP@DF_PHST,1.1",1545848.63
01-2010,Health and social employment,"https://sdmx.oecd.org/public/rest/data/OECD.ELS.HD,DSD_HEALTH_REAC_EMP@DF_NURSE,1.1/all?startPeriod=2004&endPeriod=2026&dimensionAtObservation=AllDimensions&format=csvfilewithlabels","Imported from OECD API dataset OECD.ELS.HD,DSD_HEALTH_REAC_EMP@DF_NURSE,1.1",NoP,"OECD_OECD.ELS.HD,DSD_HEALTH_REAC_EMP@DF_NURSE,1.1",47992196.05
01-2010,Health and social employment,"https://sdmx.oecd.org/public/rest/data/OECD.ELS.HD,DSD_HEALTH_REAC_EMP@DF_DNST,1.1/all?startPeriod=2004&endPeriod=2026&dimensionAtObservation=AllDimensions&format=csvfilewithlabels","Imported from OECD API dataset OECD.ELS.HD,DSD_HEALTH_REAC_EMP@DF_DNST,1.1",NoP,"OECD_OECD.ELS.HD,DSD_HEALTH_REAC_EMP@DF_DNST,1.1",1324235.41
01-2010,Health and social employment,"https://sdmx.oecd.org/public/rest/data/OECD.ELS.HD,DSD_HEALTH_EMP_REAC@DF_PHYS,1.1/all?startPeriod=2004&endPeriod=2026&dimensionAtObservation=AllDimensions&format=csvfilewithlabels","Imported from OECD API dataset OECD.ELS.HD,DSD_HEALTH_EMP_REAC@DF_PHYS,1.1",NoP,"OECD_OECD.ELS.HD,DSD_HEALTH_EMP_REAC@DF_PHYS,1.1",13069989.13
01-2010,Health and social employment,"https://sdmx.oecd.org/public/rest/data/OECD.ELS.HD,DSD_HEALTH_REAC_EMP@DF_MIDWIFE,1.1/all?startPeriod=2004&endPeriod=2026&dimensionAtObservation=AllDimensions&format=csvfilewithlabels","Imported from OECD API dataset OECD.ELS.HD,DSD_HEALTH_REAC_EMP@DF_MIDWIFE,1.1",NoP,"OECD_OECD.ELS.HD,DSD_HEALTH_REAC_EMP@DF_MIDWIFE,1.1",468245.24
01-2010,Hospital employment,"https://sdmx.oecd.org/public/rest/data/OECD.ELS.HD,DSD_HEALTH_REAC_EMP@DF_HOSP_EMP,1.1/all?startPeriod=2004&endPeriod=2026&dimensionAtObservation=AllDimensions&format=csvfilewithlabels","Imported from OECD API dataset OECD.ELS.HD,DSD_HEALTH_REAC_EMP@DF_HOSP_EMP,1.1",NoP,"OECD_OECD.ELS.HD,DSD_HEALTH_REAC_EMP@DF_HOSP_EMP,1.1",55920280.36
01-2010,Hospitals,"https://sdmx.oecd.org/public/rest/data/OECD.ELS.HD,DSD_HEALTH_REAC_HOSP@DF_HOSP,1.1/all?startPeriod=2004&endPeriod=2026&dimensionAtObservation=AllDimensions&format=csvfilewithlabels","Imported from OECD API dataset OECD.ELS.HD,DSD_HEALTH_REAC_HOSP@DF_HOSP,1.1",NoP,"OECD_OECD.ELS.HD,DSD_HEALTH_REAC_HOSP@DF_HOSP,1.1",120068.59
01-2010,Share of population who are obese,"https://sdmx.oecd.org/public/rest/data/OECD.ELS.HD,DSD_HEALTH_LVNG@DF_HEALTH_LVNG_BW,1.0/all?startPeriod=2004&endPeriod=2026&dimensionAtObservation=AllDimensions&format=csvfilewithlabels","Imported from OECD API dataset OECD.ELS.HD,DSD_HEALTH_LVNG@DF_HEALTH_LVNG_BW,1.0",NoP,"OECD_OECD.ELS.HD,DSD_HEALTH_LVNG@DF_HEALTH_LVNG_BW,1.0",1458.5
01-2010,Share of population who are overweight,"https://sdmx.oecd.org/public/rest/data/OECD.ELS.HD,DSD_HEALTH_LVNG@DF_HEALTH_LVNG_BW,1.0/all?startPeriod=2004&endPeriod=2026&dimensionAtObservation=AllDimensions&format=csvfilewithlabels","Imported from OECD API dataset OECD.ELS.HD,DSD_HEALTH_LVNG@DF_HEALTH_LVNG_BW,1.0",NoP,"OECD_OECD.ELS.HD,DSD_HEALTH_LVNG@DF_HEALTH_LVNG_BW,1.0",2052.1
01-2010,Share of population who are overweight or obese,"https://sdmx.oecd.org/public/rest/data/OECD.ELS.HD,DSD_HEALTH_LVNG@DF_HEALTH_LVNG_BW,1.0/all?startPeriod=2004&endPeriod=2026&dimensionAtObservation=AllDimensions&format=csvfilewithlabels","Imported from OECD API dataset OECD.ELS.HD,DSD_HEALTH_LVNG@DF_HEALTH_LVNG_BW,1.0",NoP,"OECD_OECD.ELS.HD,DSD_HEALTH_LVNG@DF_HEALTH_LVNG_BW,1.0",2882.0
01-2011,Alcohol consumption,"https://sdmx.oecd.org/public/rest/data/OECD.ELS.HD,DSD_HEALTH_LVNG@DF_HEALTH_LVNG_AC,1.0/all?startPeriod=2004&endPeriod=2026&dimensionAtObservation=AllDimensions&format=csvfilewithlabels","Imported from OECD API dataset OECD.ELS.HD,DSD_HEALTH_LVNG@DF_HEALTH_LVNG_AC,1.0",NoP,"OECD_OECD.ELS.HD,DSD_HEALTH_LVNG@DF_HEALTH_LVNG_AC,1.0",435.7
01-2011,Annual income,"https://sdmx.oecd.org/public/rest/data/OECD.ELS.HD,DSD_HEALTH_REAC_EMP@DF_REMUN,1.1/all?startPeriod=2004&endPeriod=2026&dimensionAtObservation=AllDimensions&format=csvfilewithlabels","Imported from OECD API dataset OECD.ELS.HD,DSD_HEALTH_REAC_EMP@DF_REMUN,1.1",NoP,"OECD_OECD.ELS.HD,DSD_HEALTH_REAC_EMP@DF_REMUN,1.1",979666339.57
01-2011,Health and social employment,"https://sdmx.oecd.org/public/rest/data/OECD.ELS.HD,DSD_HEALTH_REAC_EMP@DF_PHST,1.1/all?startPeriod=2004&endPeriod=2026&dimensionAtObservation=AllDimensions&format=csvfilewithlabels","Imported from OECD API dataset OECD.ELS.HD,DSD_HEALTH_REAC_EMP@DF_PHST,1.1",NoP,"OECD_OECD.ELS.HD,DSD_HEALTH_REAC_EMP@DF_PHST,1.1",1559879.41
01-2011,Health and social employment,"https://sdmx.oecd.org/public/rest/data/OECD.ELS.HD,DSD_HEALTH_REAC_EMP@DF_NURSE,1.1/all?startPeriod=2004&endPeriod=2026&dimensionAtObservation=AllDimensions&format=csvfilewithlabels","Imported from OECD API dataset OECD.ELS.HD,DSD_HEALTH_REAC_EMP@DF_NURSE,1.1",NoP,"OECD_OECD.ELS.HD,DSD_HEALTH_REAC_EMP@DF_NURSE,1.1",46896128.730000004
01-2011,Health and social employment,"https://sdmx.oecd.org/public/rest/data/OECD.ELS.HD,DSD_HEALTH_REAC_EMP@DF_PSIO,1.1/all?startPeriod=2004&endPeriod=2026&dimensionAtObservation=AllDimensions&format=csvfilewithlabels","Imported from OECD API dataset OECD.ELS.HD,DSD_HEALTH_REAC_EMP@DF_PSIO,1.1",NoP,"OECD_OECD.ELS.HD,DSD_HEALTH_REAC_EMP@DF_PSIO,1.1",766023.35
01-2011,Health and social employment,"https://sdmx.oecd.org/public/rest/data/OECD.ELS.HD,DSD_HEALTH_REAC_EMP@DF_DNST,1.1/all?startPeriod=2004&endPeriod=2026&dimensionAtObservation=AllDimensions&format=csvfilewithlabels","Imported from OECD API dataset OECD.ELS.HD,DSD_HEALTH_REAC_EMP@DF_DNST,1.1",NoP,"OECD_OECD.ELS.HD,DSD_HEALTH_REAC_EMP@DF_DNST,1.1",1200959.04
01-2011,Health and social employment,"https://sdmx.oecd.org/public/rest/data/OECD.ELS.HD,DSD_HEALTH_EMP_REAC@DF_PHYS,1.1/all?startPeriod=2004&endPeriod=2026&dimensionAtObservation=AllDimensions&format=csvfilewithlabels","Imported from OECD API dataset OECD.ELS.HD,DSD_HEALTH_EMP_REAC@DF_PHYS,1.1",NoP,"OECD_OECD.ELS.HD,DSD_HEALTH_EMP_REAC@DF_PHYS,1.1",12838438.87
01-2011,Health and social employment,"https://sdmx.oecd.org/public/rest/data/OECD.ELS.HD,DSD_HEALTH_REAC_EMP@DF_MIDWIFE,1.1/all?startPeriod=2004&endPeriod=2026&dimensionAtObservation=AllDimensions&format=csvfilewithlabels","Imported from OECD API dataset OECD.ELS.HD,DSD_HEALTH_REAC_EMP@DF_MIDWIFE,1.1",NoP,"OECD_OECD.ELS.HD,DSD_HEALTH_REAC_EMP@DF_MIDWIFE,1.1",443622.87
01-2011,Hospital employment,"https://sdmx.oecd.org/public/rest/data/OECD.ELS.HD,DSD_HEALTH_REAC_EMP@DF_HOSP_EMP,1.1/all?startPeriod=2004&endPeriod=2026&dimensionAtObservation=AllDimensions&format=csvfilewithlabels","Imported from OECD API dataset OECD.ELS.HD,DSD_HEALTH_REAC_EMP@DF_HOSP_EMP,1.1",NoP,"OECD_OECD.ELS.HD,DSD_HEALTH_REAC_EMP@DF_HOSP_EMP,1.1",56875162.85
01-2011,Hospitals,"https://sdmx.oecd.org/public/rest/data/OECD.ELS.HD,DSD_HEALTH_REAC_HOSP@DF_HOSP,1.1/all?startPeriod=2004&endPeriod=2026&dimensionAtObservation=AllDimensions&format=csvfilewithlabels","Imported from OECD API dataset OECD.ELS.HD,DSD_HEALTH_REAC_HOSP@DF_HOSP,1.1",NoP,"OECD_OECD.ELS.HD,DSD_HEALTH_REAC_HOSP@DF_HOSP,1.1",118991.82
01-2011,Share of population who are obese,"https://sdmx.oecd.org/public/rest/data/OECD.ELS.HD,DSD_HEALTH_LVNG@DF_HEALTH_LVNG_BW,1.0/all?startPeriod=2004&endPeriod=2026&dimensionAtObservation=AllDimensions&format=csvfilewithlabels","Imported from OECD API dataset OECD.ELS.HD,DSD_HEALTH_LVNG@DF_HEALTH_LVNG_BW,1.0",NoP,"OECD_OECD.ELS.HD,DSD_HEALTH_LVNG@DF_HEALTH_LVNG_BW,1.0",1280.1
01-2011,Share of population who are overweight,"https://sdmx.oecd.org/public/rest/data/OECD.ELS.HD,DSD_HEALTH_LVNG@DF_HEALTH_LVNG_BW,1.0/all?startPeriod=2004&endPeriod=2026&dimensionAtObservation=AllDimensions&format=csvfilewithlabels","Imported from OECD API dataset OECD.ELS.HD,DSD_HEALTH_LVNG@DF_HEALTH_LVNG_BW,1.0",NoP,"OECD_OECD.ELS.HD,DSD_HEALTH_LVNG@DF_HEALTH_LVNG_BW,1.0",1584.8
01-2011,Share of population who are overweight or obese,"https://sdmx.oecd.org/public/rest/data/OECD.ELS.HD,DSD_HEALTH_LVNG@DF_HEALTH_LVNG_BW,1.0/all?startPeriod=2004&endPeriod=2026&dimensionAtObservation=AllDimensions&format=csvfilewithlabels","Imported from OECD API dataset OECD.ELS.HD,DSD_HEALTH_LVNG@DF_HEALTH_LVNG_BW,1.0",NoP,"OECD_OECD.ELS.HD,DSD_HEALTH_LVNG@DF_HEALTH_LVNG_BW,1.0",2378.1
01-2012,Alcohol consumption,"https://sdmx.oecd.org/public/rest/data/OECD.ELS.HD,DSD_HEALTH_LVNG@DF_HEALTH_LVNG_AC,1.0/all?startPeriod=2004&endPeriod=2026&dimensionAtObservation=AllDimensions&format=csvfilewithlabels","Imported from OECD API dataset OECD.ELS.HD,DSD_HEALTH_LVNG@DF_HEALTH_LVNG_AC,1.0",NoP,"OECD_OECD.ELS.HD,DSD_HEALTH_LVNG@DF_HEALTH_LVNG_AC,1.0",434.0
01-2012,Annual income,"https://sdmx.oecd.org/public/rest/data/OECD.ELS.HD,DSD_HEALTH_REAC_EMP@DF_REMUN,1.1/all?startPeriod=2004&endPeriod=2026&dimensionAtObservation=AllDimensions&format=csvfilewithlabels","Imported from OECD API dataset OECD.ELS.HD,DSD_HEALTH_REAC_EMP@DF_REMUN,1.1",NoP,"OECD_OECD.ELS.HD,DSD_HEALTH_REAC_EMP@DF_REMUN,1.1",1024246743.1
01-2012,Health and social employment,"https://sdmx.oecd.org/public/rest/data/OECD.ELS.HD,DSD_HEALTH_EMP_REAC@DF_PHYS,1.1/all?startPeriod=2004&endPeriod=2026&dimensionAtObservation=AllDimensions&format=csvfilewithlabels","Imported from OECD API dataset OECD.ELS.HD,DSD_HEALTH_EMP_REAC@DF_PHYS,1.1",NoP,"OECD_OECD.ELS.HD,DSD_HEALTH_EMP_REAC@DF_PHYS,1.1",13959027.8
01-2012,Health and social employment,"https://sdmx.oecd.org/public/rest/data/OECD.ELS.HD,DSD_HEALTH_REAC_EMP@DF_DNST,1.1/all?startPeriod=2004&endPeriod=2026&dimensionAtObservation=AllDimensions&format=csvfilewithlabels","Imported from OECD API dataset OECD.ELS.HD,DSD_HEALTH_REAC_EMP@DF_DNST,1.1",NoP,"OECD_OECD.ELS.HD,DSD_HEALTH_REAC_EMP@DF_DNST,1.1",1473775.24
01-2012,Health and social employment,"https://sdmx.oecd.org/public/rest/data/OECD.ELS.HD,DSD_HEALTH_REAC_EMP@DF_MIDWIFE,1.1/all?startPeriod=2004&endPeriod=2026&dimensionAtObservation=AllDimensions&format=csvfilewithlabels","Imported from OECD API dataset OECD.ELS.HD,DSD_HEALTH_REAC_EMP@DF_MIDWIFE,1.1",NoP,"OECD_OECD.ELS.HD,DSD_HEALTH_REAC_EMP@DF_MIDWIFE,1.1",468661.67
01-2012,Health and social employment,"https://sdmx.oecd.org/public/rest/data/OECD.ELS.HD,DSD_HEALTH_REAC_EMP@DF_NURSE,1.1/all?startPeriod=2004&endPeriod=2026&dimensionAtObservation=AllDimensions&format=csvfilewithlabels","Imported from OECD API dataset OECD.ELS.HD,DSD_HEALTH_REAC_EMP@DF_NURSE,1.1",NoP,"OECD_OECD.ELS.HD,DSD_HEALTH_REAC_EMP@DF_NURSE,1.1",53063435.3
01-2012,Health and social employment,"https://sdmx.oecd.org/public/rest/data/OECD.ELS.HD,DSD_HEALTH_REAC_EMP@DF_PHST,1.1/all?startPeriod=2004&endPeriod=2026&dimensionAtObservation=AllDimensions&format=csvfilewithlabels","Imported from OECD API dataset OECD.ELS.HD,DSD_HEALTH_REAC_EMP@DF_PHST,1.1",NoP,"OECD_OECD.ELS.HD,DSD_HEALTH_REAC_EMP@DF_PHST,1.1",1864195.66
01-2012,Health and social employment,"https://sdmx.oecd.org/public/rest/data/OECD.ELS.HD,DSD_HEALTH_REAC_EMP@DF_PSIO,1.1/all?startPeriod=2004&endPeriod=2026&dimensionAtObservation=AllDimensions&format=csvfilewithlabels","Imported from OECD API dataset OECD.ELS.HD,DSD_HEALTH_REAC_EMP@DF_PSIO,1.1",NoP,"OECD_OECD.ELS.HD,DSD_HEALTH_REAC_EMP@DF_PSIO,1.1",825676.05
01-2012,Hospital employment,"https://sdmx.oecd.org/public/rest/data/OECD.ELS.HD,DSD_HEALTH_REAC_EMP@DF_HOSP_EMP,1.1/all?startPeriod=2004&endPeriod=2026&dimensionAtObservation=AllDimensions&format=csvfilewithlabels","Imported from OECD API dataset OECD.ELS.HD,DSD_HEALTH_REAC_EMP@DF_HOSP_EMP,1.1",NoP,"OECD_OECD.ELS.HD,DSD_HEALTH_REAC_EMP@DF_HOSP_EMP,1.1",58312354.25
01-2012,Hospitals,"https://sdmx.oecd.org/public/rest/data/OECD.ELS.HD,DSD_HEALTH_REAC_HOSP@DF_HOSP,1.1/all?startPeriod=2004&endPeriod=2026&dimensionAtObservation=AllDimensions&format=csvfilewithlabels","Imported from OECD API dataset OECD.ELS.HD,DSD_HEALTH_REAC_HOSP@DF_HOSP,1.1",NoP,"OECD_OECD.ELS.HD,DSD_HEALTH_REAC_HOSP@DF_HOSP,1.1",122453.65
01-2012,Share of population who are obese,"https://sdmx.oecd.org/public/rest/data/OECD.ELS.HD,DSD_HEALTH_LVNG@DF_HEALTH_LVNG_BW,1.0/all?startPeriod=2004&endPeriod=2026&dimensionAtObservation=AllDimensions&format=csvfilewithlabels","Imported from OECD API dataset OECD.ELS.HD,DSD_HEALTH_LVNG@DF_HEALTH_LVNG_BW,1.0",NoP,"OECD_OECD.ELS.HD,DSD_HEALTH_LVNG@DF_HEALTH_LVNG_BW,1.0",1700.1
01-2012,Share of population who are overweight,"https://sdmx.oecd.org/public/rest/data/OECD.ELS.HD,DSD_HEALTH_LVNG@DF_HEALTH_LVNG_BW,1.0/all?startPeriod=2004&endPeriod=2026&dimensionAtObservation=AllDimensions&format=csvfilewithlabels","Imported from OECD API dataset OECD.ELS.HD,DSD_HEALTH_LVNG@DF_HEALTH_LVNG_BW,1.0",NoP,"OECD_OECD.ELS.HD,DSD_HEALTH_LVNG@DF_HEALTH_LVNG_BW,1.0",2296.7
01-2012,Share of population who are overweight or obese,"https://sdmx.oecd.org/public/rest/data/OECD.ELS.HD,DSD_HEALTH_LVNG@DF_HEALTH_LVNG_BW,1.0/all?startPeriod=2004&endPeriod=2026&dimensionAtObservation=AllDimensions&format=csvfilewithlabels","Imported from OECD API dataset OECD.ELS.HD,DSD_HEALTH_LVNG@DF_HEALTH_LVNG_BW,1.0",NoP,"OECD_OECD.ELS.HD,DSD_HEALTH_LVNG@DF_HEALTH_LVNG_BW,1.0",3500.1
01-2013,Alcohol consumption,"https://sdmx.oecd.org/public/rest/data/OECD.ELS.HD,DSD_HEALTH_LVNG@DF_HEALTH_LVNG_AC,1.0/all?startPeriod=2004&endPeriod=2026&dimensionAtObservation=AllDimensions&format=csvfilewithlabels","Imported from OECD API dataset OECD.ELS.HD,DSD_HEALTH_LVNG@DF_HEALTH_LVNG_AC,1.0",NoP,"OECD_OECD.ELS.HD,DSD_HEALTH_LVNG@DF_HEALTH_LVNG_AC,1.0",425.9
01-2013,Annual income,"https://sdmx.oecd.org/public/rest/data/OECD.ELS.HD,DSD_HEALTH_REAC_EMP@DF_REMUN,1.1/all?startPeriod=2004&endPeriod=2026&dimensionAtObservation=AllDimensions&format=csvfilewithlabels","Imported from OECD API dataset OECD.ELS.HD,DSD_HEALTH_REAC_EMP@DF_REMUN,1.1",NoP,"OECD_OECD.ELS.HD,DSD_HEALTH_REAC_EMP@DF_REMUN,1.1",1093494361.33
01-2013,Health and social employment,"https://sdmx.oecd.org/public/rest/data/OECD.ELS.HD,DSD_HEALTH_EMP_REAC@DF_PHYS,1.1/all?startPeriod=2004&endPeriod=2026&dimensionAtObservation=AllDimensions&format=csvfilewithlabels","Imported from OECD API dataset OECD.ELS.HD,DSD_HEALTH_EMP_REAC@DF_PHYS,1.1",NoP,"OECD_OECD.ELS.HD,DSD_HEALTH_EMP_REAC@DF_PHYS,1.1",13739040.72
01-2013,Health and social employment,"https://sdmx.oecd.org/public/rest/data/OECD.ELS.HD,DSD_HEALTH_REAC_EMP@DF_DNST,1.1/all?startPeriod=2004&endPeriod=2026&dimensionAtObservation=AllDimensions&format=csvfilewithlabels","Imported from OECD API dataset OECD.ELS.HD,DSD_HEALTH_REAC_EMP@DF_DNST,1.1",NoP,"OECD_OECD.ELS.HD,DSD_HEALTH_REAC_EMP@DF_DNST,1.1",1351029.47
01-2013,Health and social employment,"https://sdmx.oecd.org/public/rest/data/OECD.ELS.HD,DSD_HEALTH_REAC_EMP@DF_MIDWIFE,1.1/all?startPeriod=2004&endPeriod=2026&dimensionAtObservation=AllDimensions&format=csvfilewithlabels","Imported from OECD API dataset OECD.ELS.HD,DSD_HEALTH_REAC_EMP@DF_MIDWIFE,1.1",NoP,"OECD_OECD.ELS.HD,DSD_HEALTH_REAC_EMP@DF_MIDWIFE,1.1",581717.72
01-2013,Health and social employment,"https://sdmx.oecd.org/public/rest/data/OECD.ELS.HD,DSD_HEALTH_REAC_EMP@DF_NURSE,1.1/all?startPeriod=2004&endPeriod=2026&dimensionAtObservation=AllDimensions&format=csvfilewithlabels","Imported from OECD API dataset OECD.ELS.HD,DSD_HEALTH_REAC_EMP@DF_NURSE,1.1",NoP,"OECD_OECD.ELS.HD,DSD_HEALTH_REAC_EMP@DF_NURSE,1.1",50646999.8
01-2013,Health and social employment,"https://sdmx.oecd.org/public/rest/data/OECD.ELS.HD,DSD_HEALTH_REAC_EMP@DF_PHST,1.1/all?startPeriod=2004&endPeriod=2026&dimensionAtObservation=AllDimensions&format=csvfilewithlabels","Imported from OECD API dataset OECD.ELS.HD,DSD_HEALTH_REAC_EMP@DF_PHST,1.1",NoP,"OECD_OECD.ELS.HD,DSD_HEALTH_REAC_EMP@DF_PHST,1.1",1750332.24
01-2013,Health and social employment,"https://sdmx.oecd.org/public/rest/data/OECD.ELS.HD,DSD_HEALTH_REAC_EMP@DF_PSIO,1.1/all?startPeriod=2004&endPeriod=2026&dimensionAtObservation=AllDimensions&format=csvfilewithlabels","Imported from OECD API dataset OECD.ELS.HD,DSD_HEALTH_REAC_EMP@DF_PSIO,1.1",NoP,"OECD_OECD.ELS.HD,DSD_HEALTH_REAC_EMP@DF_PSIO,1.1",859280.58
01-2013,Hospital employment,"https://sdmx.oecd.org/public/rest/data/OECD.ELS.HD,DSD_HEALTH_REAC_EMP@DF_HOSP_EMP,1.1/all?startPeriod=2004&endPeriod=2026&dimensionAtObservation=AllDimensions&format=csvfilewithlabels","Imported from OECD API dataset OECD.ELS.HD,DSD_HEALTH_REAC_EMP@DF_HOSP_EMP,1.1",NoP,"OECD_OECD.ELS.HD,DSD_HEALTH_REAC_EMP@DF_HOSP_EMP,1.1",59042523.47
01-2013,Hospitals,"https://sdmx.oecd.org/public/rest/data/OECD.ELS.HD,DSD_HEALTH_REAC_HOSP@DF_HOSP,1.1/all?startPeriod=2004&endPeriod=2026&dimensionAtObservation=AllDimensions&format=csvfilewithlabels","Imported from OECD API dataset OECD.ELS.HD,DSD_HEALTH_REAC_HOSP@DF_HOSP,1.1",NoP,"OECD_OECD.ELS.HD,DSD_HEALTH_REAC_HOSP@DF_HOSP,1.1",124686.97
01-2013,Share of population who are obese,"https://sdmx.oecd.org/public/rest/data/OECD.ELS.HD,DSD_HEALTH_LVNG@DF_HEALTH_LVNG_BW,1.0/all?startPeriod=2004&endPeriod=2026&dimensionAtObservation=AllDimensions&format=csvfilewithlabels","Imported from OECD API dataset OECD.ELS.HD,DSD_HEALTH_LVNG@DF_HEALTH_LVNG_BW,1.0",NoP,"OECD_OECD.ELS.HD,DSD_HEALTH_LVNG@DF_HEALTH_LVNG_BW,1.0",1307.9
01-2013,Share of population who are overweight,"https://sdmx.oecd.org/public/rest/data/OECD.ELS.HD,DSD_HEALTH_LVNG@DF_HEALTH_LVNG_BW,1.0/all?startPeriod=2004&endPeriod=2026&dimensionAtObservation=AllDimensions&format=csvfilewithlabels","Imported from OECD API dataset OECD.ELS.HD,DSD_HEALTH_LVNG@DF_HEALTH_LVNG_BW,1.0",NoP,"OECD_OECD.ELS.HD,DSD_HEALTH_LVNG@DF_HEALTH_LVNG_BW,1.0",1676.8
01-2013,Share of population who are overweight or obese,"https://sdmx.oecd.org/public/rest/data/OECD.ELS.HD,DSD_HEALTH_LVNG@DF_HEALTH_LVNG_BW,1.0/all?startPeriod=2004&endPeriod=2026&dimensionAtObservation=AllDimensions&format=csvfilewithlabels","Imported from OECD API dataset OECD.ELS.HD,DSD_HEALTH_LVNG@DF_HEALTH_LVNG_BW,1.0",NoP,"OECD_OECD.ELS.HD,DSD_HEALTH_LVNG@DF_HEALTH_LVNG_BW,1.0",2474.3
01-2014,Alcohol consumption,"https://sdmx.oecd.org/public/rest/data/OECD.ELS.HD,DSD_HEALTH_LVNG@DF_HEALTH_LVNG_AC,1.0/all?startPeriod=2004&endPeriod=2026&dimensionAtObservation=AllDimensions&format=csvfilewithlabels","Imported from OECD API dataset OECD.ELS.HD,DSD_HEALTH_LVNG@DF_HEALTH_LVNG_AC,1.0",NoP,"OECD_OECD.ELS.HD,DSD_HEALTH_LVNG@DF_HEALTH_LVNG_AC,1.0",424.2
01-2014,Annual income,"https://sdmx.oecd.org/public/rest/data/OECD.ELS.HD,DSD_HEALTH_REAC_EMP@DF_REMUN,1.1/all?startPeriod=2004&endPeriod=2026&dimensionAtObservation=AllDimensions&format=csvfilewithlabels","Imported from OECD API dataset OECD.ELS.HD,DSD_HEALTH_REAC_EMP@DF_REMUN,1.1",NoP,"OECD_OECD.ELS.HD,DSD_HEALTH_REAC_EMP@DF_REMUN,1.1",1156403947.16
01-2014,Health and social employment,"https://sdmx.oecd.org/public/rest/data/OECD.ELS.HD,DSD_HEALTH_REAC_EMP@DF_PSIO,1.1/all?startPeriod=2004&endPeriod=2026&dimensionAtObservation=AllDimensions&format=csvfilewithlabels","Imported from OECD API dataset OECD.ELS.HD,DSD_HEALTH_REAC_EMP@DF_PSIO,1.1",NoP,"OECD_OECD.ELS.HD,DSD_HEALTH_REAC_EMP@DF_PSIO,1.1",892572.52
01-2014,Health and social employment,"https://sdmx.oecd.org/public/rest/data/OECD.ELS.HD,DSD_HEALTH_REAC_EMP@DF_NURSE,1.1/all?startPeriod=2004&endPeriod=2026&dimensionAtObservation=AllDimensions&format=csvfilewithlabels","Imported from OECD API dataset OECD.ELS.HD,DSD_HEALTH_REAC_EMP@DF_NURSE,1.1",NoP,"OECD_OECD.ELS.HD,DSD_HEALTH_REAC_EMP@DF_NURSE,1.1",57575287.14
01-2014,Health and social employment,"https://sdmx.oecd.org/public/rest/data/OECD.ELS.HD,DSD_HEALTH_REAC_EMP@DF_PHST,1.1/all?startPeriod=2004&endPeriod=2026&dimensionAtObservation=AllDimensions&format=csvfilewithlabels","Imported from OECD API dataset OECD.ELS.HD,DSD_HEALTH_REAC_EMP@DF_PHST,1.1",NoP,"OECD_OECD.ELS.HD,DSD_HEALTH_REAC_EMP@DF_PHST,1.1",2031388.57
01-2014,Health and social employment,"https://sdmx.oecd.org/public/rest/data/OECD.ELS.HD,DSD_HEALTH_REAC_EMP@DF_DNST,1.1/all?startPeriod=2004&endPeriod=2026&dimensionAtObservation=AllDimensions&format=csvfilewithlabels","Imported from OECD API dataset OECD.ELS.HD,DSD_HEALTH_REAC_EMP@DF_DNST,1.1",NoP,"OECD_OECD.ELS.HD,DSD_HEALTH_REAC_EMP@DF_DNST,1.1",1579761.9
01-2014,Health and social employment,"https://sdmx.oecd.org/public/rest/data/OECD.ELS.HD,DSD_HEALTH_REAC_EMP@DF_MIDWIFE,1.1/all?startPeriod=2004&endPeriod=2026&dimensionAtObservation=AllDimensions&format=csvfilewithlabels","Imported from OECD API dataset OECD.ELS.HD,DSD_HEALTH_REAC_EMP@DF_MIDWIFE,1.1",NoP,"OECD_OECD.ELS.HD,DSD_HEALTH_REAC_EMP@DF_MIDWIFE,1.1",661171.23
01-2014,Health and social employment,"https://sdmx.oecd.org/public/rest/data/OECD.ELS.HD,DSD_HEALTH_EMP_REAC@DF_PHYS,1.1/all?startPeriod=2004&endPeriod=2026&dimensionAtObservation=AllDimensions&format=csvfilewithlabels","Imported from OECD API dataset OECD.ELS.HD,DSD_HEALTH_EMP_REAC@DF_PHYS,1.1",NoP,"OECD_OECD.ELS.HD,DSD_HEALTH_EMP_REAC@DF_PHYS,1.1",14514308.65
01-2014,Hospital employment,"https://sdmx.oecd.org/public/rest/data/OECD.ELS.HD,DSD_HEALTH_REAC_EMP@DF_HOSP_EMP,1.1/all?startPeriod=2004&endPeriod=2026&dimensionAtObservation=AllDimensions&format=csvfilewithlabels","Imported from OECD API dataset OECD.ELS.HD,DSD_HEALTH_REAC_EMP@DF_HOSP_EMP,1.1",NoP,"OECD_OECD.ELS.HD,DSD_HEALTH_REAC_EMP@DF_HOSP_EMP,1.1",59725507.0
01-2014,Hospitals,"https://sdmx.oecd.org/public/rest/data/OECD.ELS.HD,DSD_HEALTH_REAC_HOSP@DF_HOSP,1.1/all?startPeriod=2004&endPeriod=2026&dimensionAtObservation=AllDimensions&format=csvfilewithlabels","Imported from OECD API dataset OECD.ELS.HD,DSD_HEALTH_REAC_HOSP@DF_HOSP,1.1",NoP,"OECD_OECD.ELS.HD,DSD_HEALTH_REAC_HOSP@DF_HOSP,1.1",125031.20999999999
01-2014,Share of population who are obese,"https://sdmx.oecd.org/public/rest/data/OECD.ELS.HD,DSD_HEALTH_LVNG@DF_HEALTH_LVNG_BW,1.0/all?startPeriod=2004&endPeriod=2026&dimensionAtObservation=AllDimensions&format=csvfilewithlabels","Imported from OECD API dataset OECD.ELS.HD,DSD_HEALTH_LVNG@DF_HEALTH_LVNG_BW,1.0",NoP,"OECD_OECD.ELS.HD,DSD_HEALTH_LVNG@DF_HEALTH_LVNG_BW,1.0",2917.4
01-2014,Share of population who are overweight,"https://sdmx.oecd.org/public/rest/data/OECD.ELS.HD,DSD_HEALTH_LVNG@DF_HEALTH_LVNG_BW,1.0/all?startPeriod=2004&endPeriod=2026&dimensionAtObservation=AllDimensions&format=csvfilewithlabels","Imported from OECD API dataset OECD.ELS.HD,DSD_HEALTH_LVNG@DF_HEALTH_LVNG_BW,1.0",NoP,"OECD_OECD.ELS.HD,DSD_HEALTH_LVNG@DF_HEALTH_LVNG_BW,1.0",4053.9
01-2014,Share of population who are overweight or obese,"https://sdmx.oecd.org/public/rest/data/OECD.ELS.HD,DSD_HEALTH_LVNG@DF_HEALTH_LVNG_BW,1.0/all?startPeriod=2004&endPeriod=2026&dimensionAtObservation=AllDimensions&format=csvfilewithlabels","Imported from OECD API dataset OECD.ELS.HD,DSD_HEALTH_LVNG@DF_HEALTH_LVNG_BW,1.0",NoP,"OECD_OECD.ELS.HD,DSD_HEALTH_LVNG@DF_HEALTH_LVNG_BW,1.0",5986.6
01-2015,Alcohol consumption,"https://sdmx.oecd.org/public/rest/data/OECD.ELS.HD,DSD_HEALTH_LVNG@DF_HEALTH_LVNG_AC,1.0/all?startPeriod=2004&endPeriod=2026&dimensionAtObservation=AllDimensions&format=csvfilewithlabels","Imported from OECD API dataset OECD.ELS.HD,DSD_HEALTH_LVNG@DF_HEALTH_LVNG_AC,1.0",NoP,"OECD_OECD.ELS.HD,DSD_HEALTH_LVNG@DF_HEALTH_LVNG_AC,1.0",421.5
01-2015,Annual income,"https://sdmx.oecd.org/public/rest/data/OECD.ELS.HD,DSD_HEALTH_REAC_EMP@DF_REMUN,1.1/all?startPeriod=2004&endPeriod=2026&dimensionAtObservation=AllDimensions&format=csvfilewithlabels","Imported from OECD API dataset OECD.ELS.HD,DSD_HEALTH_REAC_EMP@DF_REMUN,1.1",NoP,"OECD_OECD.ELS.HD,DSD_HEALTH_REAC_EMP@DF_REMUN,1.1",1213906079.61
01-2015,Health and social employment,"https://sdmx.oecd.org/public/rest/data/OECD.ELS.HD,DSD_HEALTH_EMP_REAC@DF_PHYS,1.1/all?startPeriod=2004&endPeriod=2026&dimensionAtObservation=AllDimensions&format=csvfilewithlabels","Imported from OECD API dataset OECD.ELS.HD,DSD_HEALTH_EMP_REAC@DF_PHYS,1.1",NoP,"OECD_OECD.ELS.HD,DSD_HEALTH_EMP_REAC@DF_PHYS,1.1",14130780.95
01-2015,Health and social employment,"https://sdmx.oecd.org/public/rest/data/OECD.ELS.HD,DSD_HEALTH_REAC_EMP@DF_DNST,1.1/all?startPeriod=2004&endPeriod=2026&dimensionAtObservation=AllDimensions&format=csvfilewithlabels","Imported from OECD API dataset OECD.ELS.HD,DSD_HEALTH_REAC_EMP@DF_DNST,1.1",NoP,"OECD_OECD.ELS.HD,DSD_HEALTH_REAC_EMP@DF_DNST,1.1",1393473.48
01-2015,Health and social employment,"https://sdmx.oecd.org/public/rest/data/OECD.ELS.HD,DSD_HEALTH_REAC_EMP@DF_MIDWIFE,1.1/all?startPeriod=2004&endPeriod=2026&dimensionAtObservation=AllDimensions&format=csvfilewithlabels","Imported from OECD API dataset OECD.ELS.HD,DSD_HEALTH_REAC_EMP@DF_MIDWIFE,1.1",NoP,"OECD_OECD.ELS.HD,DSD_HEALTH_REAC_EMP@DF_MIDWIFE,1.1",625826.0599999999
01-2015,Health and social employment,"https://sdmx.oecd.org/public/rest/data/OECD.ELS.HD,DSD_HEALTH_REAC_EMP@DF_NURSE,1.1/all?startPeriod=2004&endPeriod=2026&dimensionAtObservation=AllDimensions&format=csvfilewithlabels","Imported from OECD API dataset OECD.ELS.HD,DSD_HEALTH_REAC_EMP@DF_NURSE,1.1",NoP,"OECD_OECD.ELS.HD,DSD_HEALTH_REAC_EMP@DF_NURSE,1.1",53299818.64
01-2015,Health and social employment,"https://sdmx.oecd.org/public/rest/data/OECD.ELS.HD,DSD_HEALTH_REAC_EMP@DF_PHST,1.1/all?startPeriod=2004&endPeriod=2026&dimensionAtObservation=AllDimensions&format=csvfilewithlabels","Imported from OECD API dataset OECD.ELS.HD,DSD_HEALTH_REAC_EMP@DF_PHST,1.1",NoP,"OECD_OECD.ELS.HD,DSD_HEALTH_REAC_EMP@DF_PHST,1.1",1847903.02
01-2015,Health and social employment,"https://sdmx.oecd.org/public/rest/data/OECD.ELS.HD,DSD_HEALTH_REAC_EMP@DF_PSIO,1.1/all?startPeriod=2004&endPeriod=2026&dimensionAtObservation=AllDimensions&format=csvfilewithlabels","Imported from OECD API dataset OECD.ELS.HD,DSD_HEALTH_REAC_EMP@DF_PSIO,1.1",NoP,"OECD_OECD.ELS.HD,DSD_HEALTH_REAC_EMP@DF_PSIO,1.1",922960.78
01-2015,Hospital employment,"https://sdmx.oecd.org/public/rest/data/OECD.ELS.HD,DSD_HEALTH_REAC_EMP@DF_HOSP_EMP,1.1/all?startPeriod=2004&endPeriod=2026&dimensionAtObservation=AllDimensions&format=csvfilewithlabels","Imported from OECD API dataset OECD.ELS.HD,DSD_HEALTH_REAC_EMP@DF_HOSP_EMP,1.1",NoP,"OECD_OECD.ELS.HD,DSD_HEALTH_REAC_EMP@DF_HOSP_EMP,1.1",60671929.29
01-2015,Hospitals,"https://sdmx.oecd.org/public/rest/data/OECD.ELS.HD,DSD_HEALTH_REAC_HOSP@DF_HOSP,1.1/all?startPeriod=2004&endPeriod=2026&dimensionAtObservation=AllDimensions&format=csvfilewithlabels","Imported from OECD API dataset OECD.ELS.HD,DSD_HEALTH_REAC_HOSP@DF_HOSP,1.1",NoP,"OECD_OECD.ELS.HD,DSD_HEALTH_REAC_HOSP@DF_HOSP,1.1",122597.11
01-2015,Share of population who are obese,"https://sdmx.oecd.org/public/rest/data/OECD.ELS.HD,DSD_HEALTH_LVNG@DF_HEALTH_LVNG_BW,1.0/all?startPeriod=2004&endPeriod=2026&dimensionAtObservation=AllDimensions&format=csvfilewithlabels","Imported from OECD API dataset OECD.ELS.HD,DSD_HEALTH_LVNG@DF_HEALTH_LVNG_BW,1.0",NoP,"OECD_OECD.ELS.HD,DSD_HEALTH_LVNG@DF_HEALTH_LVNG_BW,1.0",1734.7
01-2015,Share of population who are overweight,"https://sdmx.oecd.org/public/rest/data/OECD.ELS.HD,DSD_HEALTH_LVNG@DF_HEALTH_LVNG_BW,1.0/all?startPeriod=2004&endPeriod=2026&dimensionAtObservation=AllDimensions&format=csvfilewithlabels","Imported from OECD API dataset OECD.ELS.HD,DSD_HEALTH_LVNG@DF_HEALTH_LVNG_BW,1.0",NoP,"OECD_OECD.ELS.HD,DSD_HEALTH_LVNG@DF_HEALTH_LVNG_BW,1.0",2349.7
01-2015,Share of population who are overweight or obese,"https://sdmx.oecd.org/public/rest/data/OECD.ELS.HD,DSD_HEALTH_LVNG@DF_HEALTH_LVNG_BW,1.0/all?startPeriod=2004&endPeriod=2026&dimensionAtObservation=AllDimensions&format=csvfilewithlabels","Imported from OECD API dataset OECD.ELS.HD,DSD_HEALTH_LVNG@DF_HEALTH_LVNG_BW,1.0",NoP,"OECD_OECD.ELS.HD,DSD_HEALTH_LVNG@DF_HEALTH_LVNG_BW,1.0",3380.9
01-2016,Alcohol consumption,"https://sdmx.oecd.org/public/rest/data/OECD.ELS.HD,DSD_HEALTH_LVNG@DF_HEALTH_LVNG_AC,1.0/all?startPeriod=2004&endPeriod=2026&dimensionAtObservation=AllDimensions&format=csvfilewithlabels","Imported from OECD API dataset OECD.ELS.HD,DSD_HEALTH_LVNG@DF_HEALTH_LVNG_AC,1.0",NoP,"OECD_OECD.ELS.HD,DSD_HEALTH_LVNG@DF_HEALTH_LVNG_AC,1.0",418.3
01-2016,Annual income,"https://sdmx.oecd.org/public/rest/data/OECD.ELS.HD,DSD_HEALTH_REAC_EMP@DF_REMUN,1.1/all?startPeriod=2004&endPeriod=2026&dimensionAtObservation=AllDimensions&format=csvfilewithlabels","Imported from OECD API dataset OECD.ELS.HD,DSD_HEALTH_REAC_EMP@DF_REMUN,1.1",NoP,"OECD_OECD.ELS.HD,DSD_HEALTH_REAC_EMP@DF_REMUN,1.1",1294480357.58
01-2016,Health and social employment,"https://sdmx.oecd.org/public/rest/data/OECD.ELS.HD,DSD_HEALTH_EMP_REAC@DF_PHYS,1.1/all?startPeriod=2004&endPeriod=2026&dimensionAtObservation=AllDimensions&format=csvfilewithlabels","Imported from OECD API dataset OECD.ELS.HD,DSD_HEALTH_EMP_REAC@DF_PHYS,1.1",NoP,"OECD_OECD.ELS.HD,DSD_HEALTH_EMP_REAC@DF_PHYS,1.1",15110964.74
01-2016,Health and social employment,"https://sdmx.oecd.org/public/rest/data/OECD.ELS.HD,DSD_HEALTH_REAC_EMP@DF_DNST,1.1/all?startPeriod=2004&endPeriod=2026&dimensionAtObservation=AllDimensions&format=csvfilewithlabels","Imported from OECD API dataset OECD.ELS.HD,DSD_HEALTH_REAC_EMP@DF_DNST,1.1",NoP,"OECD_OECD.ELS.HD,DSD_HEALTH_REAC_EMP@DF_DNST,1.1",1633473.92
01-2016,Health and social employment,"https://sdmx.oecd.org/public/rest/data/OECD.ELS.HD,DSD_HEALTH_REAC_EMP@DF_MIDWIFE,1.1/all?startPeriod=2004&endPeriod=2026&dimensionAtObservation=AllDimensions&format=csvfilewithlabels","Imported from OECD API dataset OECD.ELS.HD,DSD_HEALTH_REAC_EMP@DF_MIDWIFE,1.1",NoP,"OECD_OECD.ELS.HD,DSD_HEALTH_REAC_EMP@DF_MIDWIFE,1.1",703396.45
01-2016,Health and social employment,"https://sdmx.oecd.org/public/rest/data/OECD.ELS.HD,DSD_HEALTH_REAC_EMP@DF_NURSE,1.1/all?startPeriod=2004&endPeriod=2026&dimensionAtObservation=AllDimensions&format=csvfilewithlabels","Imported from OECD API dataset OECD.ELS.HD,DSD_HEALTH_REAC_EMP@DF_NURSE,1.1",NoP,"OECD_OECD.ELS.HD,DSD_HEALTH_REAC_EMP@DF_NURSE,1.1",60847433.55
01-2016,Health and social employment,"https://sdmx.oecd.org/public/rest/data/OECD.ELS.HD,DSD_HEALTH_REAC_EMP@DF_PHST,1.1/all?startPeriod=2004&endPeriod=2026&dimensionAtObservation=AllDimensions&format=csvfilewithlabels","Imported from OECD API dataset OECD.ELS.HD,DSD_HEALTH_REAC_EMP@DF_PHST,1.1",NoP,"OECD_OECD.ELS.HD,DSD_HEALTH_REAC_EMP@DF_PHST,1.1",2121962.0
01-2016,Health and social employment,"https://sdmx.oecd.org/public/rest/data/OECD.ELS.HD,DSD_HEALTH_REAC_EMP@DF_PSIO,1.1/all?startPeriod=2004&endPeriod=2026&dimensionAtObservation=AllDimensions&format=csvfilewithlabels","Imported from OECD API dataset OECD.ELS.HD,DSD_HEALTH_REAC_EMP@DF_PSIO,1.1",NoP,"OECD_OECD.ELS.HD,DSD_HEALTH_REAC_EMP@DF_PSIO,1.1",951541.65
01-2016,Hospital employment,"https://sdmx.oecd.org/public/rest/data/OECD.ELS.HD,DSD_HEALTH_REAC_EMP@DF_HOSP_EMP,1.1/all?startPeriod=2004&endPeriod=2026&dimensionAtObservation=AllDimensions&format=csvfilewithlabels","Imported from OECD API dataset OECD.ELS.HD,DSD_HEALTH_REAC_EMP@DF_HOSP_EMP,1.1",NoP,"OECD_OECD.ELS.HD,DSD_HEALTH_REAC_EMP@DF_HOSP_EMP,1.1",62394808.28
01-2016,Hospitals,"https://sdmx.oecd.org/public/rest/data/OECD.ELS.HD,DSD_HEALTH_REAC_HOSP@DF_HOSP,1.1/all?startPeriod=2004&endPeriod=2026&dimensionAtObservation=AllDimensions&format=csvfilewithlabels","Imported from OECD API dataset OECD.ELS.HD,DSD_HEALTH_REAC_HOSP@DF_HOSP,1.1",NoP,"OECD_OECD.ELS.HD,DSD_HEALTH_REAC_HOSP@DF_HOSP,1.1",123150.11
01-2016,Share of population who are obese,"https://sdmx.oecd.org/public/rest/data/OECD.ELS.HD,DSD_HEALTH_LVNG@DF_HEALTH_LVNG_BW,1.0/all?startPeriod=2004&endPeriod=2026&dimensionAtObservation=AllDimensions&format=csvfilewithlabels","Imported from OECD API dataset OECD.ELS.HD,DSD_HEALTH_LVNG@DF_HEALTH_LVNG_BW,1.0",NoP,"OECD_OECD.ELS.HD,DSD_HEALTH_LVNG@DF_HEALTH_LVNG_BW,1.0",1748.8
01-2016,Share of population who are overweight,"https://sdmx.oecd.org/public/rest/data/OECD.ELS.HD,DSD_HEALTH_LVNG@DF_HEALTH_LVNG_BW,1.0/all?startPeriod=2004&endPeriod=2026&dimensionAtObservation=AllDimensions&format=csvfilewithlabels","Imported from OECD API dataset OECD.ELS.HD,DSD_HEALTH_LVNG@DF_HEALTH_LVNG_BW,1.0",NoP,"OECD_OECD.ELS.HD,DSD_HEALTH_LVNG@DF_HEALTH_LVNG_BW,1.0",2018.1
01-2016,Share of population who are overweight or obese,"https://sdmx.oecd.org/public/rest/data/OECD.ELS.HD,DSD_HEALTH_LVNG@DF_HEALTH_LVNG_BW,1.0/all?startPeriod=2004&endPeriod=2026&dimensionAtObservation=AllDimensions&format=csvfilewithlabels","Imported from OECD API dataset OECD.ELS.HD,DSD_HEALTH_LVNG@DF_HEALTH_LVNG_BW,1.0",NoP,"OECD_OECD.ELS.HD,DSD_HEALTH_LVNG@DF_HEALTH_LVNG_BW,1.0",3217.8
01-2017,Alcohol consumption,"https://sdmx.oecd.org/public/rest/data/OECD.ELS.HD,DSD_HEALTH_LVNG@DF_HEALTH_LVNG_AC,1.0/all?startPeriod=2004&endPeriod=2026&dimensionAtObservation=AllDimensions&format=csvfilewithlabels","Imported from OECD API dataset OECD.ELS.HD,DSD_HEALTH_LVNG@DF_HEALTH_LVNG_AC,1.0",NoP,"OECD_OECD.ELS.HD,DSD_HEALTH_LVNG@DF_HEALTH_LVNG_AC,1.0",414.5
01-2017,Annual income,"https://sdmx.oecd.org/public/rest/data/OECD.ELS.HD,DSD_HEALTH_REAC_EMP@DF_REMUN,1.1/all?startPeriod=2004&endPeriod=2026&dimensionAtObservation=AllDimensions&format=csvfilewithlabels","Imported from OECD API dataset OECD.ELS.HD,DSD_HEALTH_REAC_EMP@DF_REMUN,1.1",NoP,"OECD_OECD.ELS.HD,DSD_HEALTH_REAC_EMP@DF_REMUN,1.1",1363521284.6
01-2017,Health and social employment,"https://sdmx.oecd.org/public/rest/data/OECD.ELS.HD,DSD_HEALTH_EMP_REAC@DF_PHYS,1.1/all?startPeriod=2004&endPeriod=2026&dimensionAtObservation=AllDimensions&format=csvfilewithlabels","Imported from OECD API dataset OECD.ELS.HD,DSD_HEALTH_EMP_REAC@DF_PHYS,1.1",NoP,"OECD_OECD.ELS.HD,DSD_HEALTH_EMP_REAC@DF_PHYS,1.1",14995998.07
01-2017,Health and social employment,"https://sdmx.oecd.org/public/rest/data/OECD.ELS.HD,DSD_HEALTH_REAC_EMP@DF_DNST,1.1/all?startPeriod=2004&endPeriod=2026&dimensionAtObservation=AllDimensions&format=csvfilewithlabels","Imported from OECD API dataset OECD.ELS.HD,DSD_HEALTH_REAC_EMP@DF_DNST,1.1",NoP,"OECD_OECD.ELS.HD,DSD_HEALTH_REAC_EMP@DF_DNST,1.1",1439681.48
01-2017,Health and social employment,"https://sdmx.oecd.org/public/rest/data/OECD.ELS.HD,DSD_HEALTH_REAC_EMP@DF_MIDWIFE,1.1/all?startPeriod=2004&endPeriod=2026&dimensionAtObservation=AllDimensions&format=csvfilewithlabels","Imported from OECD API dataset OECD.ELS.HD,DSD_HEALTH_REAC_EMP@DF_MIDWIFE,1.1",NoP,"OECD_OECD.ELS.HD,DSD_HEALTH_REAC_EMP@DF_MIDWIFE,1.1",647390.87
01-2017,Health and social employment,"https://sdmx.oecd.org/public/rest/data/OECD.ELS.HD,DSD_HEALTH_REAC_EMP@DF_NURSE,1.1/all?startPeriod=2004&endPeriod=2026&dimensionAtObservation=AllDimensions&format=csvfilewithlabels","Imported from OECD API dataset OECD.ELS.HD,DSD_HEALTH_REAC_EMP@DF_NURSE,1.1",NoP,"OECD_OECD.ELS.HD,DSD_HEALTH_REAC_EMP@DF_NURSE,1.1",56759329.26
01-2017,Health and social employment,"https://sdmx.oecd.org/public/rest/data/OECD.ELS.HD,DSD_HEALTH_REAC_EMP@DF_PHST,1.1/all?startPeriod=2004&endPeriod=2026&dimensionAtObservation=AllDimensions&format=csvfilewithlabels","Imported from OECD API dataset OECD.ELS.HD,DSD_HEALTH_REAC_EMP@DF_PHST,1.1",NoP,"OECD_OECD.ELS.HD,DSD_HEALTH_REAC_EMP@DF_PHST,1.1",1926191.63
01-2017,Health and social employment,"https://sdmx.oecd.org/public/rest/data/OECD.ELS.HD,DSD_HEALTH_REAC_EMP@DF_PSIO,1.1/all?startPeriod=2004&endPeriod=2026&dimensionAtObservation=AllDimensions&format=csvfilewithlabels","Imported from OECD API dataset OECD.ELS.HD,DSD_HEALTH_REAC_EMP@DF_PSIO,1.1",NoP,"OECD_OECD.ELS.HD,DSD_HEALTH_REAC_EMP@DF_PSIO,1.1",989657.92
01-2017,Hospital employment,"https://sdmx.oecd.org/public/rest/data/OECD.ELS.HD,DSD_HEALTH_REAC_EMP@DF_HOSP_EMP,1.1/all?startPeriod=2004&endPeriod=2026&dimensionAtObservation=AllDimensions&format=csvfilewithlabels","Imported from OECD API dataset OECD.ELS.HD,DSD_HEALTH_REAC_EMP@DF_HOSP_EMP,1.1",NoP,"OECD_OECD.ELS.HD,DSD_HEALTH_REAC_EMP@DF_HOSP_EMP,1.1",64022711.81
01-2017,Hospitals,"https://sdmx.oecd.org/public/rest/data/OECD.ELS.HD,DSD_HEALTH_REAC_HOSP@DF_HOSP,1.1/all?startPeriod=2004&endPeriod=2026&dimensionAtObservation=AllDimensions&format=csvfilewithlabels","Imported from OECD API dataset OECD.ELS.HD,DSD_HEALTH_REAC_HOSP@DF_HOSP,1.1",NoP,"OECD_OECD.ELS.HD,DSD_HEALTH_REAC_HOSP@DF_HOSP,1.1",124484.74
01-2017,Share of population who are obese,"https://sdmx.oecd.org/public/rest/data/OECD.ELS.HD,DSD_HEALTH_LVNG@DF_HEALTH_LVNG_BW,1.0/all?startPeriod=2004&endPeriod=2026&dimensionAtObservation=AllDimensions&format=csvfilewithlabels","Imported from OECD API dataset OECD.ELS.HD,DSD_HEALTH_LVNG@DF_HEALTH_LVNG_BW,1.0",NoP,"OECD_OECD.ELS.HD,DSD_HEALTH_LVNG@DF_HEALTH_LVNG_BW,1.0",2445.6
01-2017,Share of population who are overweight,"https://sdmx.oecd.org/public/rest/data/OECD.ELS.HD,DSD_HEALTH_LVNG@DF_HEALTH_LVNG_BW,1.0/all?startPeriod=2004&endPeriod=2026&dimensionAtObservation=AllDimensions&format=csvfilewithlabels","Imported from OECD API dataset OECD.ELS.HD,DSD_HEALTH_LVNG@DF_HEALTH_LVNG_BW,1.0",NoP,"OECD_OECD.ELS.HD,DSD_HEALTH_LVNG@DF_HEALTH_LVNG_BW,1.0",3498.4
01-2017,Share of population who are overweight or obese,"https://sdmx.oecd.org/public/rest/data/OECD.ELS.HD,DSD_HEALTH_LVNG@DF_HEALTH_LVNG_BW,1.0/all?startPeriod=2004&endPeriod=2026&dimensionAtObservation=AllDimensions&format=csvfilewithlabels","Imported from OECD API dataset OECD.ELS.HD,DSD_HEALTH_LVNG@DF_HEALTH_LVNG_BW,1.0",NoP,"OECD_OECD.ELS.HD,DSD_HEALTH_LVNG@DF_HEALTH_LVNG_BW,1.0",4070.3
01-2018,Alcohol consumption,"https://sdmx.oecd.org/public/rest/data/OECD.ELS.HD,DSD_HEALTH_LVNG@DF_HEALTH_LVNG_AC,1.0/all?startPeriod=2004&endPeriod=2026&dimensionAtObservation=AllDimensions&format=csvfilewithlabels","Imported from OECD API dataset OECD.ELS.HD,DSD_HEALTH_LVNG@DF_HEALTH_LVNG_AC,1.0",NoP,"OECD_OECD.ELS.HD,DSD_HEALTH_LVNG@DF_HEALTH_LVNG_AC,1.0",414.9
01-2018,Annual income,"https://sdmx.oecd.org/public/rest/data/OECD.ELS.HD,DSD_HEALTH_REAC_EMP@DF_REMUN,1.1/all?startPeriod=2004&endPeriod=2026&dimensionAtObservation=AllDimensions&format=csvfilewithlabels","Imported from OECD API dataset OECD.ELS.HD,DSD_HEALTH_REAC_EMP@DF_REMUN,1.1",NoP,"OECD_OECD.ELS.HD,DSD_HEALTH_REAC_EMP@DF_REMUN,1.1",1444056959.17
01-2018,Health and social employment,"https://sdmx.oecd.org/public/rest/data/OECD.ELS.HD,DSD_HEALTH_REAC_EMP@DF_PSIO,1.1/all?startPeriod=2004&endPeriod=2026&dimensionAtObservation=AllDimensions&format=csvfilewithlabels","Imported from OECD API dataset OECD.ELS.HD,DSD_HEALTH_REAC_EMP@DF_PSIO,1.1",NoP,"OECD_OECD.ELS.HD,DSD_HEALTH_REAC_EMP@DF_PSIO,1.1",1017645.18
01-2018,Health and social employment,"https://sdmx.oecd.org/public/rest/data/OECD.ELS.HD,DSD_HEALTH_REAC_EMP@DF_PHST,1.1/all?startPeriod=2004&endPeriod=2026&dimensionAtObservation=AllDimensions&format=csvfilewithlabels","Imported from OECD API dataset OECD.ELS.HD,DSD_HEALTH_REAC_EMP@DF_PHST,1.1",NoP,"OECD_OECD.ELS.HD,DSD_HEALTH_REAC_EMP@DF_PHST,1.1",2196168.83
01-2018,Health and social employment,"https://sdmx.oecd.org/public/rest/data/OECD.ELS.HD,DSD_HEALTH_REAC_EMP@DF_NURSE,1.1/all?startPeriod=2004&endPeriod=2026&dimensionAtObservation=AllDimensions&format=csvfilewithlabels","Imported from OECD API dataset OECD.ELS.HD,DSD_HEALTH_REAC_EMP@DF_NURSE,1.1",NoP,"OECD_OECD.ELS.HD,DSD_HEALTH_REAC_EMP@DF_NURSE,1.1",64162025.87
01-2018,Health and social employment,"https://sdmx.oecd.org/public/rest/data/OECD.ELS.HD,DSD_HEALTH_REAC_EMP@DF_DNST,1.1/all?startPeriod=2004&endPeriod=2026&dimensionAtObservation=AllDimensions&format=csvfilewithlabels","Imported from OECD API dataset OECD.ELS.HD,DSD_HEALTH_REAC_EMP@DF_DNST,1.1",NoP,"OECD_OECD.ELS.HD,DSD_HEALTH_REAC_EMP@DF_DNST,1.1",1668187.74
01-2018,Health and social employment,"https://sdmx.oecd.org/public/rest/data/OECD.ELS.HD,DSD_HEALTH_EMP_REAC@DF_PHYS,1.1/all?startPeriod=2004&endPeriod=2026&dimensionAtObservation=AllDimensions&format=csvfilewithlabels","Imported from OECD API dataset OECD.ELS.HD,DSD_HEALTH_EMP_REAC@DF_PHYS,1.1",NoP,"OECD_OECD.ELS.HD,DSD_HEALTH_EMP_REAC@DF_PHYS,1.1",16203516.66
01-2018,Health and social employment,"https://sdmx.oecd.org/public/rest/data/OECD.ELS.HD,DSD_HEALTH_REAC_EMP@DF_MIDWIFE,1.1/all?startPeriod=2004&endPeriod=2026&dimensionAtObservation=AllDimensions&format=csvfilewithlabels","Imported from OECD API dataset OECD.ELS.HD,DSD_HEALTH_REAC_EMP@DF_MIDWIFE,1.1",NoP,"OECD_OECD.ELS.HD,DSD_HEALTH_REAC_EMP@DF_MIDWIFE,1.1",717392.03
01-2018,Hospital employment,"https://sdmx.oecd.org/public/rest/data/OECD.ELS.HD,DSD_HEALTH_REAC_EMP@DF_HOSP_EMP,1.1/all?startPeriod=2004&endPeriod=2026&dimensionAtObservation=AllDimensions&format=csvfilewithlabels","Imported from OECD API dataset OECD.ELS.HD,DSD_HEALTH_REAC_EMP@DF_HOSP_EMP,1.1",NoP,"OECD_OECD.ELS.HD,DSD_HEALTH_REAC_EMP@DF_HOSP_EMP,1.1",59856870.019999996
01-2018,Hospitals,"https://sdmx.oecd.org/public/rest/data/OECD.ELS.HD,DSD_HEALTH_REAC_HOSP@DF_HOSP,1.1/all?startPeriod=2004&endPeriod=2026&dimensionAtObservation=AllDimensions&format=csvfilewithlabels","Imported from OECD API dataset OECD.ELS.HD,DSD_HEALTH_REAC_HOSP@DF_HOSP,1.1",NoP,"OECD_OECD.ELS.HD,DSD_HEALTH_REAC_HOSP@DF_HOSP,1.1",126039.35
01-2018,Share of population who are obese,"https://sdmx.oecd.org/public/rest/data/OECD.ELS.HD,DSD_HEALTH_LVNG@DF_HEALTH_LVNG_BW,1.0/all?startPeriod=2004&endPeriod=2026&dimensionAtObservation=AllDimensions&format=csvfilewithlabels","Imported from OECD API dataset OECD.ELS.HD,DSD_HEALTH_LVNG@DF_HEALTH_LVNG_BW,1.0",NoP,"OECD_OECD.ELS.HD,DSD_HEALTH_LVNG@DF_HEALTH_LVNG_BW,1.0",1833.0
01-2018,Share of population who are overweight,"https://sdmx.oecd.org/public/rest/data/OECD.ELS.HD,DSD_HEALTH_LVNG@DF_HEALTH_LVNG_BW,1.0/all?startPeriod=2004&endPeriod=2026&dimensionAtObservation=AllDimensions&format=csvfilewithlabels","Imported from OECD API dataset OECD.ELS.HD,DSD_HEALTH_LVNG@DF_HEALTH_LVNG_BW,1.0",NoP,"OECD_OECD.ELS.HD,DSD_HEALTH_LVNG@DF_HEALTH_LVNG_BW,1.0",2024.8
01-2018,Share of population who are overweight or obese,"https://sdmx.oecd.org/public/rest/data/OECD.ELS.HD,DSD_HEALTH_LVNG@DF_HEALTH_LVNG_BW,1.0/all?startPeriod=2004&endPeriod=2026&dimensionAtObservation=AllDimensions&format=csvfilewithlabels","Imported from OECD API dataset OECD.ELS.HD,DSD_HEALTH_LVNG@DF_HEALTH_LVNG_BW,1.0",NoP,"OECD_OECD.ELS.HD,DSD_HEALTH_LVNG@DF_HEALTH_LVNG_BW,1.0",3063.1
01-2019,Alcohol consumption,"https://sdmx.oecd.org/public/rest/data/OECD.ELS.HD,DSD_HEALTH_LVNG@DF_HEALTH_LVNG_AC,1.0/all?startPeriod=2004&endPeriod=2026&dimensionAtObservation=AllDimensions&format=csvfilewithlabels","Imported from OECD API dataset OECD.ELS.HD,DSD_HEALTH_LVNG@DF_HEALTH_LVNG_AC,1.0",NoP,"OECD_OECD.ELS.HD,DSD_HEALTH_LVNG@DF_HEALTH_LVNG_AC,1.0",415.7
01-2019,Annual income,"https://sdmx.oecd.org/public/rest/data/OECD.ELS.HD,DSD_HEALTH_REAC_EMP@DF_REMUN,1.1/all?startPeriod=2004&endPeriod=2026&dimensionAtObservation=AllDimensions&format=csvfilewithlabels","Imported from OECD API dataset OECD.ELS.HD,DSD_HEALTH_REAC_EMP@DF_REMUN,1.1",NoP,"OECD_OECD.ELS.HD,DSD_HEALTH_REAC_EMP@DF_REMUN,1.1",1523999303.41
01-2019,Health and social employment,"https://sdmx.oecd.org/public/rest/data/OECD.ELS.HD,DSD_HEALTH_REAC_EMP@DF_PHST,1.1/all?startPeriod=2004&endPeriod=2026&dimensionAtObservation=AllDimensions&format=csvfilewithlabels","Imported from OECD API dataset OECD.ELS.HD,DSD_HEALTH_REAC_EMP@DF_PHST,1.1",NoP,"OECD_OECD.ELS.HD,DSD_HEALTH_REAC_EMP@DF_PHST,1.1",2002798.99
01-2019,Health and social employment,"https://sdmx.oecd.org/public/rest/data/OECD.ELS.HD,DSD_HEALTH_EMP_REAC@DF_PHYS,1.1/all?startPeriod=2004&endPeriod=2026&dimensionAtObservation=AllDimensions&format=csvfilewithlabels","Imported from OECD API dataset OECD.ELS.HD,DSD_HEALTH_EMP_REAC@DF_PHYS,1.1",NoP,"OECD_OECD.ELS.HD,DSD_HEALTH_EMP_REAC@DF_PHYS,1.1",16157476.620000001
01-2019,Health and social employment,"https://sdmx.oecd.org/public/rest/data/OECD.ELS.HD,DSD_HEALTH_REAC_EMP@DF_DNST,1.1/all?startPeriod=2004&endPeriod=2026&dimensionAtObservation=AllDimensions&format=csvfilewithlabels","Imported from OECD API dataset OECD.ELS.HD,DSD_HEALTH_REAC_EMP@DF_DNST,1.1",NoP,"OECD_OECD.ELS.HD,DSD_HEALTH_REAC_EMP@DF_DNST,1.1",1535647.25
01-2019,Health and social employment,"https://sdmx.oecd.org/public/rest/data/OECD.ELS.HD,DSD_HEALTH_REAC_EMP@DF_MIDWIFE,1.1/all?startPeriod=2004&endPeriod=2026&dimensionAtObservation=AllDimensions&format=csvfilewithlabels","Imported from OECD API dataset OECD.ELS.HD,DSD_HEALTH_REAC_EMP@DF_MIDWIFE,1.1",NoP,"OECD_OECD.ELS.HD,DSD_HEALTH_REAC_EMP@DF_MIDWIFE,1.1",677839.2
01-2019,Health and social employment,"https://sdmx.oecd.org/public/rest/data/OECD.ELS.HD,DSD_HEALTH_REAC_EMP@DF_NURSE,1.1/all?startPeriod=2004&endPeriod=2026&dimensionAtObservation=AllDimensions&format=csvfilewithlabels","Imported from OECD API dataset OECD.ELS.HD,DSD_HEALTH_REAC_EMP@DF_NURSE,1.1",NoP,"OECD_OECD.ELS.HD,DSD_HEALTH_REAC_EMP@DF_NURSE,1.1",57826689.35
01-2019,Health and social employment,"https://sdmx.oecd.org/public/rest/data/OECD.ELS.HD,DSD_HEALTH_REAC_EMP@DF_PSIO,1.1/all?startPeriod=2004&endPeriod=2026&dimensionAtObservation=AllDimensions&format=csvfilewithlabels","Imported from OECD API dataset OECD.ELS.HD,DSD_HEALTH_REAC_EMP@DF_PSIO,1.1",NoP,"OECD_OECD.ELS.HD,DSD_HEALTH_REAC_EMP@DF_PSIO,1.1",1059305.96
01-2019,Hospital employment,"https://sdmx.oecd.org/public/rest/data/OECD.ELS.HD,DSD_HEALTH_REAC_EMP@DF_HOSP_EMP,1.1/all?startPeriod=2004&endPeriod=2026&dimensionAtObservation=AllDimensions&format=csvfilewithlabels","Imported from OECD API dataset OECD.ELS.HD,DSD_HEALTH_REAC_EMP@DF_HOSP_EMP,1.1",NoP,"OECD_OECD.ELS.HD,DSD_HEALTH_REAC_EMP@DF_HOSP_EMP,1.1",60448957.46
01-2019,Hospitals,"https://sdmx.oecd.org/public/rest/data/OECD.ELS.HD,DSD_HEALTH_REAC_HOSP@DF_HOSP,1.1/all?startPeriod=2004&endPeriod=2026&dimensionAtObservation=AllDimensions&format=csvfilewithlabels","Imported from OECD API dataset OECD.ELS.HD,DSD_HEALTH_REAC_HOSP@DF_HOSP,1.1",NoP,"OECD_OECD.ELS.HD,DSD_HEALTH_REAC_HOSP@DF_HOSP,1.1",126148.85
01-2019,Share of population who are obese,"https://sdmx.oecd.org/public/rest/data/OECD.ELS.HD,DSD_HEALTH_LVNG@DF_HEALTH_LVNG_BW,1.0/all?startPeriod=2004&endPeriod=2026&dimensionAtObservation=AllDimensions&format=csvfilewithlabels","Imported from OECD API dataset OECD.ELS.HD,DSD_HEALTH_LVNG@DF_HEALTH_LVNG_BW,1.0",NoP,"OECD_OECD.ELS.HD,DSD_HEALTH_LVNG@DF_HEALTH_LVNG_BW,1.0",2544.3
01-2019,Share of population who are overweight,"https://sdmx.oecd.org/public/rest/data/OECD.ELS.HD,DSD_HEALTH_LVNG@DF_HEALTH_LVNG_BW,1.0/all?startPeriod=2004&endPeriod=2026&dimensionAtObservation=AllDimensions&format=csvfilewithlabels","Imported from OECD API dataset OECD.ELS.HD,DSD_HEALTH_LVNG@DF_HEALTH_LVNG_BW,1.0",NoP,"OECD_OECD.ELS.HD,DSD_HEALTH_LVNG@DF_HEALTH_LVNG_BW,1.0",3679.1
01-2019,Share of population who are overweight or obese,"https://sdmx.oecd.org/public/rest/data/OECD.ELS.HD,DSD_HEALTH_LVNG@DF_HEALTH_LVNG_BW,1.0/all?startPeriod=2004&endPeriod=2026&dimensionAtObservation=AllDimensions&format=csvfilewithlabels","Imported from OECD API dataset OECD.ELS.HD,DSD_HEALTH_LVNG@DF_HEALTH_LVNG_BW,1.0",NoP,"OECD_OECD.ELS.HD,DSD_HEALTH_LVNG@DF_HEALTH_LVNG_BW,1.0",5630.3
01-2020,Alcohol consumption,"https://sdmx.oecd.org/public/rest/data/OECD.ELS.HD,DSD_HEALTH_LVNG@DF_HEALTH_LVNG_AC,1.0/all?startPeriod=2004&endPeriod=2026&dimensionAtObservation=AllDimensions&format=csvfilewithlabels","Imported from OECD API dataset OECD.ELS.HD,DSD_HEALTH_LVNG@DF_HEALTH_LVNG_AC,1.0",NoP,"OECD_OECD.ELS.HD,DSD_HEALTH_LVNG@DF_HEALTH_LVNG_AC,1.0",393.2
01-2020,Annual income,"https://sdmx.oecd.org/public/rest/data/OECD.ELS.HD,DSD_HEALTH_REAC_EMP@DF_REMUN,1.1/all?startPeriod=2004&endPeriod=2026&dimensionAtObservation=AllDimensions&format=csvfilewithlabels","Imported from OECD API dataset OECD.ELS.HD,DSD_HEALTH_REAC_EMP@DF_REMUN,1.1",NoP,"OECD_OECD.ELS.HD,DSD_HEALTH_REAC_EMP@DF_REMUN,1.1",1539854777.44
01-2020,Health and social employment,"https://sdmx.oecd.org/public/rest/data/OECD.ELS.HD,DSD_HEALTH_REAC_EMP@DF_PSIO,1.1/all?startPeriod=2004&endPeriod=2026&dimensionAtObservation=AllDimensions&format=csvfilewithlabels","Imported from OECD API dataset OECD.ELS.HD,DSD_HEALTH_REAC_EMP@DF_PSIO,1.1",NoP,"OECD_OECD.ELS.HD,DSD_HEALTH_REAC_EMP@DF_PSIO,1.1",1076306.72
01-2020,Health and social employment,"https://sdmx.oecd.org/public/rest/data/OECD.ELS.HD,DSD_HEALTH_REAC_EMP@DF_PHST,1.1/all?startPeriod=2004&endPeriod=2026&dimensionAtObservation=AllDimensions&format=csvfilewithlabels","Imported from OECD API dataset OECD.ELS.HD,DSD_HEALTH_REAC_EMP@DF_PHST,1.1",NoP,"OECD_OECD.ELS.HD,DSD_HEALTH_REAC_EMP@DF_PHST,1.1",2276732.69
01-2020,Health and social employment,"https://sdmx.oecd.org/public/rest/data/OECD.ELS.HD,DSD_HEALTH_REAC_EMP@DF_NURSE,1.1/all?startPeriod=2004&endPeriod=2026&dimensionAtObservation=AllDimensions&format=csvfilewithlabels","Imported from OECD API dataset OECD.ELS.HD,DSD_HEALTH_REAC_EMP@DF_NURSE,1.1",NoP,"OECD_OECD.ELS.HD,DSD_HEALTH_REAC_EMP@DF_NURSE,1.1",64284928.96
01-2020,Health and social employment,"https://sdmx.oecd.org/public/rest/data/OECD.ELS.HD,DSD_HEALTH_REAC_EMP@DF_MIDWIFE,1.1/all?startPeriod=2004&endPeriod=2026&dimensionAtObservation=AllDimensions&format=csvfilewithlabels","Imported from OECD API dataset OECD.ELS.HD,DSD_HEALTH_REAC_EMP@DF_MIDWIFE,1.1",NoP,"OECD_OECD.ELS.HD,DSD_HEALTH_REAC_EMP@DF_MIDWIFE,1.1",739796.55
01-2020,Health and social employment,"https://sdmx.oecd.org/public/rest/data/OECD.ELS.HD,DSD_HEALTH_REAC_EMP@DF_DNST,1.1/all?startPeriod=2004&endPeriod=2026&dimensionAtObservation=AllDimensions&format=csvfilewithlabels","Imported from OECD API dataset OECD.ELS.HD,DSD_HEALTH_REAC_EMP@DF_DNST,1.1",NoP,"OECD_OECD.ELS.HD,DSD_HEALTH_REAC_EMP@DF_DNST,1.1",1769375.32
01-2020,Health and social employment,"https://sdmx.oecd.org/public/rest/data/OECD.ELS.HD,DSD_HEALTH_EMP_REAC@DF_PHYS,1.1/all?startPeriod=2004&endPeriod=2026&dimensionAtObservation=AllDimensions&format=csvfilewithlabels","Imported from OECD API dataset OECD.ELS.HD,DSD_HEALTH_EMP_REAC@DF_PHYS,1.1",NoP,"OECD_OECD.ELS.HD,DSD_HEALTH_EMP_REAC@DF_PHYS,1.1",15496977.16
01-2020,Hospital employment,"https://sdmx.oecd.org/public/rest/data/OECD.ELS.HD,DSD_HEALTH_REAC_EMP@DF_HOSP_EMP,1.1/all?startPeriod=2004&endPeriod=2026&dimensionAtObservation=AllDimensions&format=csvfilewithlabels","Imported from OECD API dataset OECD.ELS.HD,DSD_HEALTH_REAC_EMP@DF_HOSP_EMP,1.1",NoP,"OECD_OECD.ELS.HD,DSD_HEALTH_REAC_EMP@DF_HOSP_EMP,1.1",61649758.17
01-2020,Hospitals,"https://sdmx.oecd.org/public/rest/data/OECD.ELS.HD,DSD_HEALTH_REAC_HOSP@DF_HOSP,1.1/all?startPeriod=2004&endPeriod=2026&dimensionAtObservation=AllDimensions&format=csvfilewithlabels","Imported from OECD API dataset OECD.ELS.HD,DSD_HEALTH_REAC_HOSP@DF_HOSP,1.1",NoP,"OECD_OECD.ELS.HD,DSD_HEALTH_REAC_HOSP@DF_HOSP,1.1",126980.27
01-2020,Share of population who are obese,"https://sdmx.oecd.org/public/rest/data/OECD.ELS.HD,DSD_HEALTH_LVNG@DF_HEALTH_LVNG_BW,1.0/all?startPeriod=2004&endPeriod=2026&dimensionAtObservation=AllDimensions&format=csvfilewithlabels","Imported from OECD API dataset OECD.ELS.HD,DSD_HEALTH_LVNG@DF_HEALTH_LVNG_BW,1.0",NoP,"OECD_OECD.ELS.HD,DSD_HEALTH_LVNG@DF_HEALTH_LVNG_BW,1.0",1623.9
01-2020,Share of population who are overweight,"https://sdmx.oecd.org/public/rest/data/OECD.ELS.HD,DSD_HEALTH_LVNG@DF_HEALTH_LVNG_BW,1.0/all?startPeriod=2004&endPeriod=2026&dimensionAtObservation=AllDimensions&format=csvfilewithlabels","Imported from OECD API dataset OECD.ELS.HD,DSD_HEALTH_LVNG@DF_HEALTH_LVNG_BW,1.0",NoP,"OECD_OECD.ELS.HD,DSD_HEALTH_LVNG@DF_HEALTH_LVNG_BW,1.0",1757.6
01-2020,Share of population who are overweight or obese,"https://sdmx.oecd.org/public/rest/data/OECD.ELS.HD,DSD_HEALTH_LVNG@DF_HEALTH_LVNG_BW,1.0/all?startPeriod=2004&endPeriod=2026&dimensionAtObservation=AllDimensions&format=csvfilewithlabels","Imported from OECD API dataset OECD.ELS.HD,DSD_HEALTH_LVNG@DF_HEALTH_LVNG_BW,1.0",NoP,"OECD_OECD.ELS.HD,DSD_HEALTH_LVNG@DF_HEALTH_LVNG_BW,1.0",2839.2
01-2021,Alcohol consumption,"https://sdmx.oecd.org/public/rest/data/OECD.ELS.HD,DSD_HEALTH_LVNG@DF_HEALTH_LVNG_AC,1.0/all?startPeriod=2004&endPeriod=2026&dimensionAtObservation=AllDimensions&format=csvfilewithlabels","Imported from OECD API dataset OECD.ELS.HD,DSD_HEALTH_LVNG@DF_HEALTH_LVNG_AC,1.0",NoP,"OECD_OECD.ELS.HD,DSD_HEALTH_LVNG@DF_HEALTH_LVNG_AC,1.0",406.6
01-2021,Annual income,"https://sdmx.oecd.org/public/rest/data/OECD.ELS.HD,DSD_HEALTH_REAC_EMP@DF_REMUN,1.1/all?startPeriod=2004&endPeriod=2026&dimensionAtObservation=AllDimensions&format=csvfilewithlabels","Imported from OECD API dataset OECD.ELS.HD,DSD_HEALTH_REAC_EMP@DF_REMUN,1.1",NoP,"OECD_OECD.ELS.HD,DSD_HEALTH_REAC_EMP@DF_REMUN,1.1",767628496.94
01-2021,Health and social employment,"https://sdmx.oecd.org/public/rest/data/OECD.ELS.HD,DSD_HEALTH_EMP_REAC@DF_PHYS,1.1/all?startPeriod=2004&endPeriod=2026&dimensionAtObservation=AllDimensions&format=csvfilewithlabels","Imported from OECD API dataset OECD.ELS.HD,DSD_HEALTH_EMP_REAC@DF_PHYS,1.1",NoP,"OECD_OECD.ELS.HD,DSD_HEALTH_EMP_REAC@DF_PHYS,1.1",15245669.66
01-2021,Health and social employment,"https://sdmx.oecd.org/public/rest/data/OECD.ELS.HD,DSD_HEALTH_REAC_EMP@DF_DNST,1.1/all?startPeriod=2004&endPeriod=2026&dimensionAtObservation=AllDimensions&format=csvfilewithlabels","Imported from OECD API dataset OECD.ELS.HD,DSD_HEALTH_REAC_EMP@DF_DNST,1.1",NoP,"OECD_OECD.ELS.HD,DSD_HEALTH_REAC_EMP@DF_DNST,1.1",1567998.55
01-2021,Health and social employment,"https://sdmx.oecd.org/public/rest/data/OECD.ELS.HD,DSD_HEALTH_REAC_EMP@DF_MIDWIFE,1.1/all?startPeriod=2004&endPeriod=2026&dimensionAtObservation=AllDimensions&format=csvfilewithlabels","Imported from OECD API dataset OECD.ELS.HD,DSD_HEALTH_REAC_EMP@DF_MIDWIFE,1.1",NoP,"OECD_OECD.ELS.HD,DSD_HEALTH_REAC_EMP@DF_MIDWIFE,1.1",657235.69
01-2021,Health and social employment,"https://sdmx.oecd.org/public/rest/data/OECD.ELS.HD,DSD_HEALTH_REAC_EMP@DF_NURSE,1.1/all?startPeriod=2004&endPeriod=2026&dimensionAtObservation=AllDimensions&format=csvfilewithlabels","Imported from OECD API dataset OECD.ELS.HD,DSD_HEALTH_REAC_EMP@DF_NURSE,1.1",NoP,"OECD_OECD.ELS.HD,DSD_HEALTH_REAC_EMP@DF_NURSE,1.1",59045800.28
01-2021,Health and social employment,"https://sdmx.oecd.org/public/rest/data/OECD.ELS.HD,DSD_HEALTH_REAC_EMP@DF_PHST,1.1/all?startPeriod=2004&endPeriod=2026&dimensionAtObservation=AllDimensions&format=csvfilewithlabels","Imported from OECD API dataset OECD.ELS.HD,DSD_HEALTH_REAC_EMP@DF_PHST,1.1",NoP,"OECD_OECD.ELS.HD,DSD_HEALTH_REAC_EMP@DF_PHST,1.1",2057276.1
01-2021,Health and social employment,"https://sdmx.oecd.org/public/rest/data/OECD.ELS.HD,DSD_HEALTH_REAC_EMP@DF_PSIO,1.1/all?startPeriod=2004&endPeriod=2026&dimensionAtObservation=AllDimensions&format=csvfilewithlabels","Imported from OECD API dataset OECD.ELS.HD,DSD_HEALTH_REAC_EMP@DF_PSIO,1.1",NoP,"OECD_OECD.ELS.HD,DSD_HEALTH_REAC_EMP@DF_PSIO,1.1",1098611.93
01-2021,Hospital employment,"https://sdmx.oecd.org/public/rest/data/OECD.ELS.HD,DSD_HEALTH_REAC_EMP@DF_HOSP_EMP,1.1/all?startPeriod=2004&endPeriod=2026&dimensionAtObservation=AllDimensions&format=csvfilewithlabels","Imported from OECD API dataset OECD.ELS.HD,DSD_HEALTH_REAC_EMP@DF_HOSP_EMP,1.1",NoP,"OECD_OECD.ELS.HD,DSD_HEALTH_REAC_EMP@DF_HOSP_EMP,1.1",62814424.7
01-2021,Hospitals,"https://sdmx.oecd.org/public/rest/data/OECD.ELS.HD,DSD_HEALTH_REAC_HOSP@DF_HOSP,1.1/all?startPeriod=2004&endPeriod=2026&dimensionAtObservation=AllDimensions&format=csvfilewithlabels","Imported from OECD API dataset OECD.ELS.HD,DSD_HEALTH_REAC_HOSP@DF_HOSP,1.1",NoP,"OECD_OECD.ELS.HD,DSD_HEALTH_REAC_HOSP@DF_HOSP,1.1",137610.98
01-2021,Share of population who are obese,"https://sdmx.oecd.org/public/rest/data/OECD.ELS.HD,DSD_HEALTH_LVNG@DF_HEALTH_LVNG_BW,1.0/all?startPeriod=2004&endPeriod=2026&dimensionAtObservation=AllDimensions&format=csvfilewithlabels","Imported from OECD API dataset OECD.ELS.HD,DSD_HEALTH_LVNG@DF_HEALTH_LVNG_BW,1.0",NoP,"OECD_OECD.ELS.HD,DSD_HEALTH_LVNG@DF_HEALTH_LVNG_BW,1.0",1393.2
01-2021,Share of population who are overweight,"https://sdmx.oecd.org/public/rest/data/OECD.ELS.HD,DSD_HEALTH_LVNG@DF_HEALTH_LVNG_BW,1.0/all?startPeriod=2004&endPeriod=2026&dimensionAtObservation=AllDimensions&format=csvfilewithlabels","Imported from OECD API dataset OECD.ELS.HD,DSD_HEALTH_LVNG@DF_HEALTH_LVNG_BW,1.0",NoP,"OECD_OECD.ELS.HD,DSD_HEALTH_LVNG@DF_HEALTH_LVNG_BW,1.0",1451.9
01-2021,Share of population who are overweight or obese,"https://sdmx.oecd.org/public/rest/data/OECD.ELS.HD,DSD_HEALTH_LVNG@DF_HEALTH_LVNG_BW,1.0/all?startPeriod=2004&endPeriod=2026&dimensionAtObservation=AllDimensions&format=csvfilewithlabels","Imported from OECD API dataset OECD.ELS.HD,DSD_HEALTH_LVNG@DF_HEALTH_LVNG_BW,1.0",NoP,"OECD_OECD.ELS.HD,DSD_HEALTH_LVNG@DF_HEALTH_LVNG_BW,1.0",2286.8
01-2022,Alcohol consumption,"https://sdmx.oecd.org/public/rest/data/OECD.ELS.HD,DSD_HEALTH_LVNG@DF_HEALTH_LVNG_AC,1.0/all?startPeriod=2004&endPeriod=2026&dimensionAtObservation=AllDimensions&format=csvfilewithlabels","Imported from OECD API dataset OECD.ELS.HD,DSD_HEALTH_LVNG@DF_HEALTH_LVNG_AC,1.0",NoP,"OECD_OECD.ELS.HD,DSD_HEALTH_LVNG@DF_HEALTH_LVNG_AC,1.0",409.9
01-2022,Annual income,"https://sdmx.oecd.org/public/rest/data/OECD.ELS.HD,DSD_HEALTH_REAC_EMP@DF_REMUN,1.1/all?startPeriod=2004&endPeriod=2026&dimensionAtObservation=AllDimensions&format=csvfilewithlabels","Imported from OECD API dataset OECD.ELS.HD,DSD_HEALTH_REAC_EMP@DF_REMUN,1.1",NoP,"OECD_OECD.ELS.HD,DSD_HEALTH_REAC_EMP@DF_REMUN,1.1",884046342.85
01-2022,Health and social employment,"https://sdmx.oecd.org/public/rest/data/OECD.ELS.HD,DSD_HEALTH_REAC_EMP@DF_PSIO,1.1/all?startPeriod=2004&endPeriod=2026&dimensionAtObservation=AllDimensions&format=csvfilewithlabels","Imported from OECD API dataset OECD.ELS.HD,DSD_HEALTH_REAC_EMP@DF_PSIO,1.1",NoP,"OECD_OECD.ELS.HD,DSD_HEALTH_REAC_EMP@DF_PSIO,1.1",1157510.48
01-2022,Health and social employment,"https://sdmx.oecd.org/public/rest/data/OECD.ELS.HD,DSD_HEALTH_REAC_EMP@DF_PHST,1.1/all?startPeriod=2004&endPeriod=2026&dimensionAtObservation=AllDimensions&format=csvfilewithlabels","Imported from OECD API dataset OECD.ELS.HD,DSD_HEALTH_REAC_EMP@DF_PHST,1.1",NoP,"OECD_OECD.ELS.HD,DSD_HEALTH_REAC_EMP@DF_PHST,1.1",2355473.84
01-2022,Health and social employment,"https://sdmx.oecd.org/public/rest/data/OECD.ELS.HD,DSD_HEALTH_REAC_EMP@DF_NURSE,1.1/all?startPeriod=2004&endPeriod=2026&dimensionAtObservation=AllDimensions&format=csvfilewithlabels","Imported from OECD API dataset OECD.ELS.HD,DSD_HEALTH_REAC_EMP@DF_NURSE,1.1",NoP,"OECD_OECD.ELS.HD,DSD_HEALTH_REAC_EMP@DF_NURSE,1.1",60226611.71
01-2022,Health and social employment,"https://sdmx.oecd.org/public/rest/data/OECD.ELS.HD,DSD_HEALTH_REAC_EMP@DF_MIDWIFE,1.1/all?startPeriod=2004&endPeriod=2026&dimensionAtObservation=AllDimensions&format=csvfilewithlabels","Imported from OECD API dataset OECD.ELS.HD,DSD_HEALTH_REAC_EMP@DF_MIDWIFE,1.1",NoP,"OECD_OECD.ELS.HD,DSD_HEALTH_REAC_EMP@DF_MIDWIFE,1.1",807303.51
01-2022,Health and social employment,"https://sdmx.oecd.org/public/rest/data/OECD.ELS.HD,DSD_HEALTH_REAC_EMP@DF_DNST,1.1/all?startPeriod=2004&endPeriod=2026&dimensionAtObservation=AllDimensions&format=csvfilewithlabels","Imported from OECD API dataset OECD.ELS.HD,DSD_HEALTH_REAC_EMP@DF_DNST,1.1",NoP,"OECD_OECD.ELS.HD,DSD_HEALTH_REAC_EMP@DF_DNST,1.1",1874365.1
01-2022,Health and social employment,"https://sdmx.oecd.org/public/rest/data/OECD.ELS.HD,DSD_HEALTH_EMP_REAC@DF_PHYS,1.1/all?startPeriod=2004&endPeriod=2026&dimensionAtObservation=AllDimensions&format=csvfilewithlabels","Imported from OECD API dataset OECD.ELS.HD,DSD_HEALTH_EMP_REAC@DF_PHYS,1.1",NoP,"OECD_OECD.ELS.HD,DSD_HEALTH_EMP_REAC@DF_PHYS,1.1",12296983.9
01-2022,Hospital employment,"https://sdmx.oecd.org/public/rest/data/OECD.ELS.HD,DSD_HEALTH_REAC_EMP@DF_HOSP_EMP,1.1/all?startPeriod=2004&endPeriod=2026&dimensionAtObservation=AllDimensions&format=csvfilewithlabels","Imported from OECD API dataset OECD.ELS.HD,DSD_HEALTH_REAC_EMP@DF_HOSP_EMP,1.1",NoP,"OECD_OECD.ELS.HD,DSD_HEALTH_REAC_EMP@DF_HOSP_EMP,1.1",64361190.46
01-2022,Hospitals,"https://sdmx.oecd.org/public/rest/data/OECD.ELS.HD,DSD_HEALTH_REAC_HOSP@DF_HOSP,1.1/all?startPeriod=2004&endPeriod=2026&dimensionAtObservation=AllDimensions&format=csvfilewithlabels","Imported from OECD API dataset OECD.ELS.HD,DSD_HEALTH_REAC_HOSP@DF_HOSP,1.1",NoP,"OECD_OECD.ELS.HD,DSD_HEALTH_REAC_HOSP@DF_HOSP,1.1",138180.55
01-2022,Share of population who are obese,"https://sdmx.oecd.org/public/rest/data/OECD.ELS.HD,DSD_HEALTH_LVNG@DF_HEALTH_LVNG_BW,1.0/all?startPeriod=2004&endPeriod=2026&dimensionAtObservation=AllDimensions&format=csvfilewithlabels","Imported from OECD API dataset OECD.ELS.HD,DSD_HEALTH_LVNG@DF_HEALTH_LVNG_BW,1.0",NoP,"OECD_OECD.ELS.HD,DSD_HEALTH_LVNG@DF_HEALTH_LVNG_BW,1.0",1967.5
01-2022,Share of population who are overweight,"https://sdmx.oecd.org/public/rest/data/OECD.ELS.HD,DSD_HEALTH_LVNG@DF_HEALTH_LVNG_BW,1.0/all?startPeriod=2004&endPeriod=2026&dimensionAtObservation=AllDimensions&format=csvfilewithlabels","Imported from OECD API dataset OECD.ELS.HD,DSD_HEALTH_LVNG@DF_HEALTH_LVNG_BW,1.0",NoP,"OECD_OECD.ELS.HD,DSD_HEALTH_LVNG@DF_HEALTH_LVNG_BW,1.0",2480.6
01-2022,Share of population who are overweight or obese,"https://sdmx.oecd.org/public/rest/data/OECD.ELS.HD,DSD_HEALTH_LVNG@DF_HEALTH_LVNG_BW,1.0/all?startPeriod=2004&endPeriod=2026&dimensionAtObservation=AllDimensions&format=csvfilewithlabels","Imported from OECD API dataset OECD.ELS.HD,DSD_HEALTH_LVNG@DF_HEALTH_LVNG_BW,1.0",NoP,"OECD_OECD.ELS.HD,DSD_HEALTH_LVNG@DF_HEALTH_LVNG_BW,1.0",3696.6
01-2023,Alcohol consumption,"https://sdmx.oecd.org/public/rest/data/OECD.ELS.HD,DSD_HEALTH_LVNG@DF_HEALTH_LVNG_AC,1.0/all?startPeriod=2004&endPeriod=2026&dimensionAtObservation=AllDimensions&format=csvfilewithlabels","Imported from OECD API dataset OECD.ELS.HD,DSD_HEALTH_LVNG@DF_HEALTH_LVNG_AC,1.0",NoP,"OECD_OECD.ELS.HD,DSD_HEALTH_LVNG@DF_HEALTH_LVNG_AC,1.0",236.3
01-2023,Annual income,"https://sdmx.oecd.org/public/rest/data/OECD.ELS.HD,DSD_HEALTH_REAC_EMP@DF_REMUN,1.1/all?startPeriod=2004&endPeriod=2026&dimensionAtObservation=AllDimensions&format=csvfilewithlabels","Imported from OECD API dataset OECD.ELS.HD,DSD_HEALTH_REAC_EMP@DF_REMUN,1.1",NoP,"OECD_OECD.ELS.HD,DSD_HEALTH_REAC_EMP@DF_REMUN,1.1",958268427.5
01-2023,Health and social employment,"https://sdmx.oecd.org/public/rest/data/OECD.ELS.HD,DSD_HEALTH_EMP_REAC@DF_PHYS,1.1/all?startPeriod=2004&endPeriod=2026&dimensionAtObservation=AllDimensions&format=csvfilewithlabels","Imported from OECD API dataset OECD.ELS.HD,DSD_HEALTH_EMP_REAC@DF_PHYS,1.1",NoP,"OECD_OECD.ELS.HD,DSD_HEALTH_EMP_REAC@DF_PHYS,1.1",8472010.36
01-2023,Health and social employment,"https://sdmx.oecd.org/public/rest/data/OECD.ELS.HD,DSD_HEALTH_REAC_EMP@DF_DNST,1.1/all?startPeriod=2004&endPeriod=2026&dimensionAtObservation=AllDimensions&format=csvfilewithlabels","Imported from OECD API dataset OECD.ELS.HD,DSD_HEALTH_REAC_EMP@DF_DNST,1.1",NoP,"OECD_OECD.ELS.HD,DSD_HEALTH_REAC_EMP@DF_DNST,1.1",1621495.48
01-2023,Health and social employment,"https://sdmx.oecd.org/public/rest/data/OECD.ELS.HD,DSD_HEALTH_REAC_EMP@DF_MIDWIFE,1.1/all?startPeriod=2004&endPeriod=2026&dimensionAtObservation=AllDimensions&format=csvfilewithlabels","Imported from OECD API dataset OECD.ELS.HD,DSD_HEALTH_REAC_EMP@DF_MIDWIFE,1.1",NoP,"OECD_OECD.ELS.HD,DSD_HEALTH_REAC_EMP@DF_MIDWIFE,1.1",675179.82
01-2023,Health and social employment,"https://sdmx.oecd.org/public/rest/data/OECD.ELS.HD,DSD_HEALTH_REAC_EMP@DF_NURSE,1.1/all?startPeriod=2004&endPeriod=2026&dimensionAtObservation=AllDimensions&format=csvfilewithlabels","Imported from OECD API dataset OECD.ELS.HD,DSD_HEALTH_REAC_EMP@DF_NURSE,1.1",NoP,"OECD_OECD.ELS.HD,DSD_HEALTH_REAC_EMP@DF_NURSE,1.1",53604282.47
01-2023,Health and social employment,"https://sdmx.oecd.org/public/rest/data/OECD.ELS.HD,DSD_HEALTH_REAC_EMP@DF_PHST,1.1/all?startPeriod=2004&endPeriod=2026&dimensionAtObservation=AllDimensions&format=csvfilewithlabels","Imported from OECD API dataset OECD.ELS.HD,DSD_HEALTH_REAC_EMP@DF_PHST,1.1",NoP,"OECD_OECD.ELS.HD,DSD_HEALTH_REAC_EMP@DF_PHST,1.1",2054620.7
01-2023,Health and social employment,"https://sdmx.oecd.org/public/rest/data/OECD.ELS.HD,DSD_HEALTH_REAC_EMP@DF_PSIO,1.1/all?startPeriod=2004&endPeriod=2026&dimensionAtObservation=AllDimensions&format=csvfilewithlabels","Imported from OECD API dataset OECD.ELS.HD,DSD_HEALTH_REAC_EMP@DF_PSIO,1.1",NoP,"OECD_OECD.ELS.HD,DSD_HEALTH_REAC_EMP@DF_PSIO,1.1",1179562.31
01-2023,Hospital employment,"https://sdmx.oecd.org/public/rest/data/OECD.ELS.HD,DSD_HEALTH_REAC_EMP@DF_HOSP_EMP,1.1/all?startPeriod=2004&endPeriod=2026&dimensionAtObservation=AllDimensions&format=csvfilewithlabels","Imported from OECD API dataset OECD.ELS.HD,DSD_HEALTH_REAC_EMP@DF_HOSP_EMP,1.1",NoP,"OECD_OECD.ELS.HD,DSD_HEALTH_REAC_EMP@DF_HOSP_EMP,1.1",42607982.52
01-2023,Hospitals,"https://sdmx.oecd.org/public/rest/data/OECD.ELS.HD,DSD_HEALTH_REAC_HOSP@DF_HOSP,1.1/all?startPeriod=2004&endPeriod=2026&dimensionAtObservation=AllDimensions&format=csvfilewithlabels","Imported from OECD API dataset OECD.ELS.HD,DSD_HEALTH_REAC_HOSP@DF_HOSP,1.1",NoP,"OECD_OECD.ELS.HD,DSD_HEALTH_REAC_HOSP@DF_HOSP,1.1",122012.29
01-2023,Share of population who are obese,"https://sdmx.oecd.org/public/rest/data/OECD.ELS.HD,DSD_HEALTH_LVNG@DF_HEALTH_LVNG_BW,1.0/all?startPeriod=2004&endPeriod=2026&dimensionAtObservation=AllDimensions&format=csvfilewithlabels","Imported from OECD API dataset OECD.ELS.HD,DSD_HEALTH_LVNG@DF_HEALTH_LVNG_BW,1.0",NoP,"OECD_OECD.ELS.HD,DSD_HEALTH_LVNG@DF_HEALTH_LVNG_BW,1.0",873.5
01-2023,Share of population who are overweight,"https://sdmx.oecd.org/public/rest/data/OECD.ELS.HD,DSD_HEALTH_LVNG@DF_HEALTH_LVNG_BW,1.0/all?startPeriod=2004&endPeriod=2026&dimensionAtObservation=AllDimensions&format=csvfilewithlabels","Imported from OECD API dataset OECD.ELS.HD,DSD_HEALTH_LVNG@DF_HEALTH_LVNG_BW,1.0",NoP,"OECD_OECD.ELS.HD,DSD_HEALTH_LVNG@DF_HEALTH_LVNG_BW,1.0",1366.2
01-2023,Share of population who are overweight or obese,"https://sdmx.oecd.org/public/rest/data/OECD.ELS.HD,DSD_HEALTH_LVNG@DF_HEALTH_LVNG_BW,1.0/all?startPeriod=2004&endPeriod=2026&dimensionAtObservation=AllDimensions&format=csvfilewithlabels","Imported from OECD API dataset OECD.ELS.HD,DSD_HEALTH_LVNG@DF_HEALTH_LVNG_BW,1.0",NoP,"OECD_OECD.ELS.HD,DSD_HEALTH_LVNG@DF_HEALTH_LVNG_BW,1.0",2342.4
01-2024,Alcohol consumption,"https://sdmx.oecd.org/public/rest/data/OECD.ELS.HD,DSD_HEALTH_LVNG@DF_HEALTH_LVNG_AC,1.0/all?startPeriod=2004&endPeriod=2026&dimensionAtObservation=AllDimensions&format=csvfilewithlabels","Imported from OECD API dataset OECD.ELS.HD,DSD_HEALTH_LVNG@DF_HEALTH_LVNG_AC,1.0",NoP,"OECD_OECD.ELS.HD,DSD_HEALTH_LVNG@DF_HEALTH_LVNG_AC,1.0",30.9
01-2024,Annual income,"https://sdmx.oecd.org/public/rest/data/OECD.ELS.HD,DSD_HEALTH_REAC_EMP@DF_REMUN,1.1/all?startPeriod=2004&endPeriod=2026&dimensionAtObservation=AllDimensions&format=csvfilewithlabels","Imported from OECD API dataset OECD.ELS.HD,DSD_HEALTH_REAC_EMP@DF_REMUN,1.1",NoP,"OECD_OECD.ELS.HD,DSD_HEALTH_REAC_EMP@DF_REMUN,1.1",815192263.94
01-2024,Health and social employment,"https://sdmx.oecd.org/public/rest/data/OECD.ELS.HD,DSD_HEALTH_EMP_REAC@DF_PHYS,1.1/all?startPeriod=2004&endPeriod=2026&dimensionAtObservation=AllDimensions&format=csvfilewithlabels","Imported from OECD API dataset OECD.ELS.HD,DSD_HEALTH_EMP_REAC@DF_PHYS,1.1",NoP,"OECD_OECD.ELS.HD,DSD_HEALTH_EMP_REAC@DF_PHYS,1.1",721864.64
01-2024,Health and social employment,"https://sdmx.oecd.org/public/rest/data/OECD.ELS.HD,DSD_HEALTH_REAC_EMP@DF_DNST,1.1/all?startPeriod=2004&endPeriod=2026&dimensionAtObservation=AllDimensions&format=csvfilewithlabels","Imported from OECD API dataset OECD.ELS.HD,DSD_HEALTH_REAC_EMP@DF_DNST,1.1",NoP,"OECD_OECD.ELS.HD,DSD_HEALTH_REAC_EMP@DF_DNST,1.1",169511.8
01-2024,Health and social employment,"https://sdmx.oecd.org/public/rest/data/OECD.ELS.HD,DSD_HEALTH_REAC_EMP@DF_MIDWIFE,1.1/all?startPeriod=2004&endPeriod=2026&dimensionAtObservation=AllDimensions&format=csvfilewithlabels","Imported from OECD API dataset OECD.ELS.HD,DSD_HEALTH_REAC_EMP@DF_MIDWIFE,1.1",NoP,"OECD_OECD.ELS.HD,DSD_HEALTH_REAC_EMP@DF_MIDWIFE,1.1",127491.51
01-2024,Health and social employment,"https://sdmx.oecd.org/public/rest/data/OECD.ELS.HD,DSD_HEALTH_REAC_EMP@DF_NURSE,1.1/all?startPeriod=2004&endPeriod=2026&dimensionAtObservation=AllDimensions&format=csvfilewithlabels","Imported from OECD API dataset OECD.ELS.HD,DSD_HEALTH_REAC_EMP@DF_NURSE,1.1",NoP,"OECD_OECD.ELS.HD,DSD_HEALTH_REAC_EMP@DF_NURSE,1.1",15009584.030000001
01-2024,Health and social employment,"https://sdmx.oecd.org/public/rest/data/OECD.ELS.HD,DSD_HEALTH_REAC_EMP@DF_PHST,1.1/all?startPeriod=2004&endPeriod=2026&dimensionAtObservation=AllDimensions&format=csvfilewithlabels","Imported from OECD API dataset OECD.ELS.HD,DSD_HEALTH_REAC_EMP@DF_PHST,1.1",NoP,"OECD_OECD.ELS.HD,DSD_HEALTH_REAC_EMP@DF_PHST,1.1",466434.19
01-2024,Health and social employment,"https://sdmx.oecd.org/public/rest/data/OECD.ELS.HD,DSD_HEALTH_REAC_EMP@DF_PSIO,1.1/all?startPeriod=2004&endPeriod=2026&dimensionAtObservation=AllDimensions&format=csvfilewithlabels","Imported from OECD API dataset OECD.ELS.HD,DSD_HEALTH_REAC_EMP@DF_PSIO,1.1",NoP,"OECD_OECD.ELS.HD,DSD_HEALTH_REAC_EMP@DF_PSIO,1.1",340628.79
01-2024,Hospital employment,"https://sdmx.oecd.org/public/rest/data/OECD.ELS.HD,DSD_HEALTH_REAC_EMP@DF_HOSP_EMP,1.1/all?startPeriod=2004&endPeriod=2026&dimensionAtObservation=AllDimensions&format=csvfilewithlabels","Imported from OECD API dataset OECD.ELS.HD,DSD_HEALTH_REAC_EMP@DF_HOSP_EMP,1.1",NoP,"OECD_OECD.ELS.HD,DSD_HEALTH_REAC_EMP@DF_HOSP_EMP,1.1",1874609.3699999999
01-2024,Hospitals,"https://sdmx.oecd.org/public/rest/data/OECD.ELS.HD,DSD_HEALTH_REAC_HOSP@DF_HOSP,1.1/all?startPeriod=2004&endPeriod=2026&dimensionAtObservation=AllDimensions&format=csvfilewithlabels","Imported from OECD API dataset OECD.ELS.HD,DSD_HEALTH_REAC_HOSP@DF_HOSP,1.1",NoP,"OECD_OECD.ELS.HD,DSD_HEALTH_REAC_HOSP@DF_HOSP,1.1",50488.05
01-2024,Share of population who are obese,"https://sdmx.oecd.org/public/rest/data/OECD.ELS.HD,DSD_HEALTH_LVNG@DF_HEALTH_LVNG_BW,1.0/all?startPeriod=2004&endPeriod=2026&dimensionAtObservation=AllDimensions&format=csvfilewithlabels","Imported from OECD API dataset OECD.ELS.HD,DSD_HEALTH_LVNG@DF_HEALTH_LVNG_BW,1.0",NoP,"OECD_OECD.ELS.HD,DSD_HEALTH_LVNG@DF_HEALTH_LVNG_BW,1.0",386.7
01-2024,Share of population who are overweight,"https://sdmx.oecd.org/public/rest/data/OECD.ELS.HD,DSD_HEALTH_LVNG@DF_HEALTH_LVNG_BW,1.0/all?startPeriod=2004&endPeriod=2026&dimensionAtObservation=AllDimensions&format=csvfilewithlabels","Imported from OECD API dataset OECD.ELS.HD,DSD_HEALTH_LVNG@DF_HEALTH_LVNG_BW,1.0",NoP,"OECD_OECD.ELS.HD,DSD_HEALTH_LVNG@DF_HEALTH_LVNG_BW,1.0",614.3
01-2024,Share of population who are overweight or obese,"https://sdmx.oecd.org/public/rest/data/OECD.ELS.HD,DSD_HEALTH_LVNG@DF_HEALTH_LVNG_BW,1.0/all?startPeriod=2004&endPeriod=2026&dimensionAtObservation=AllDimensions&format=csvfilewithlabels","Imported from OECD API dataset OECD.ELS.HD,DSD_HEALTH_LVNG@DF_HEALTH_LVNG_BW,1.0",NoP,"OECD_OECD.ELS.HD,DSD_HEALTH_LVNG@DF_HEALTH_LVNG_BW,1.0",1001.0
