Month-Year,RMD_Anorexia Nervosa_NoM,RMD_Antisocial Personality Disorder_NoM,RMD_Autosarcophagy_NoM,RMD_Avoidant Personality Disorder_NoM,RMD_Boanthropy_NoM,RMD_Body Integrity Dysphoria_NoM,RMD_Brief Psychotic Disorder_NoM,RMD_Capgras Syndrome_NoM,RMD_Childhood Disintegrative Disorder_NoM,RMD_Chronic Traumatic Encephalopathy_NoM,RMD_Circadian Rhythm Sleep Wake Disorder_NoM,RMD_Cotard Syndrome_NoM,RMD_Cyclothymic Disorder_NoM,RMD_Delusional Disorder_NoM,RMD_Diogenes Syndrome_NoM,RMD_Disinhibited Social Engagement Disorder_NoM,RMD_Dissociative Amnesia_NoM,RMD_Dissociative Fugue_NoM,RMD_Ekbom Syndrome_NoM,RMD_Erotomania_NoM,RMD_Factitious Disorder_NoM,RMD_Fregoli Delusion_NoM,RMD_Ganser Syndrome_NoM,RMD_Hallucinogen Persisting Perception Disorder_NoM,RMD_Histrionic Personality Disorder_NoM,RMD_Hypergraphia_NoM,RMD_Hyperthymesia_NoM,RMD_Impulse Control Disorders_NoM,RMD_Intermetamorphosis Syndrome_NoM,RMD_Kleine Levin Syndrome_NoM,RMD_Kleptomania_NoM,RMD_Koro_NoM,RMD_Landau Kleffner Syndrome_NoM,RMD_Narcissistic Personality Disorder_NoM,RMD_Olfactory Reference Syndrome_NoM,RMD_Othello Syndrome_NoM,RMD_Palilalia_NoM,RMD_Postpartum Psychosis_NoM,RMD_Pyromania_NoM,RMD_Reactive Attachment Disorder_NoM,RMD_Reduplicative Paramnesia_NoM,RMD_Rumination Disorder_NoM,RMD_Savant Syndrome_NoM,RMD_Schizoaffective Disorder_NoM,RMD_Schizotypal Personality Disorder_NoM,RMD_Selective Mutism_NoM,RMD_Stendhal Syndrome_NoM,RMD_Wendigo Psychosis_NoM,PT_Acceptance And Commitment Therapy_NoM,PT_Animal Assisted Therapy_NoM,PT_Anticonvulsant Therapy_NoM,PT_Antidepressants_NoM,PT_Antipsychotic Medications_NoM,PT_Anxiolytic Medications_NoM,PT_Art Therapy_NoM,PT_Augmentative Communication Devices_NoM,PT_Behavioral Activation Therapy_NoM,PT_Biofeedback Devices_NoM,PT_Blockchain For Data Protection_NoM,PT_Brain Computer Interface_NoM,PT_Cbt For Insomnia_NoM,PT_Chronotherapy_NoM,PT_Closed Loop Neurostimulation_NoM,PT_Clozapine Protocol_NoM,PT_Cognitive Assistive Technologies_NoM,PT_Cognitive Behavioral Therapy_NoM,PT_Cognitive Enhancement Programs_NoM,PT_Cultural Psychiatry Interventions_NoM,PT_Deep Brain Stimulation_NoM,PT_Dialectical Behavior Therapy_NoM,PT_Dietary Interventions And Supplements_NoM,PT_Digital Health Tools_NoM,PT_Digital Imaging Technologies For Brain Scanning_NoM,PT_Digital Phenotyping_NoM,PT_Digital Therapeutics_NoM,PT_Electroconvulsive Therapy_NoM,PT_Electroencephalography_NoM,PT_Emdr Therapy_NoM,PT_Emotion Regulation Training_NoM,PT_Expressive Writing And Journaling_NoM,PT_Fecal Microbiota Transplant_NoM,PT_Focused Ultrasound Therapy_NoM,PT_Hypnotherapy_NoM,PT_Immunotherapy For Neuropsychiatric Disorders_NoM,PT_Interpersonal Psychotherapy_NoM,PT_Ketamine Therapy_NoM,PT_Light Therapy_NoM,PT_Lithium Therapy_NoM,PT_Machine Learning Neuroimaging_NoM,PT_Meditation And Relaxation Techniques_NoM,PT_Memory Retrieval Techniques_NoM,PT_Mentalization Based Treatment_NoM,PT_Metabolic And Enzyme Targeted Therapy_NoM,PT_Metaverse_NoM,PT_Mindfulness Based Stress Reduction_NoM,PT_Mood Stabilizers_NoM,PT_Motivational Interviewing_NoM,PT_Music Therapy_NoM,PT_Naltrexone_NoM,PT_Narrative Exposure Therapy_NoM,PT_Neurobiological Assessments For Mental Disorders_NoM,PT_Neurocognitive Training_NoM,PT_Neurofeedback Systems_NoM,PT_Neuromodulation Techniques_NoM,PT_Neuroplasticity Techniques_NoM,PT_Neuroprotective Agents_NoM,PT_Occupational Therapy_NoM,PT_Oxytocin Therapy_NoM,PT_Personalized Medicine_NoM,PT_Pharmacogenomic Testing_NoM,PT_Privacy Preserving Ai In Digital Mental Health_NoM,PT_Prolonged Exposure Therapy_NoM,PT_Psilocybin Assisted Therapy_NoM,PT_Psychoeducation Programs_NoM,PT_Psychophysiological Metrics For Treatment Response_NoM,PT_Reality Testing Techniques_NoM,PT_Regenerative Medicine Approaches_NoM,PT_Resting State Fmri_NoM,PT_Schema Therapy_NoM,PT_Secure Data Storage For Patient Records_NoM,PT_Selective Serotonin Reuptake Inhibitors_NoM,PT_Sleep Pattern Monitoring And Manipulation_NoM,PT_Smart Wearable Mental Health Trackers_NoM,PT_Social Skills Training_NoM,PT_Speech Language Therapy_NoM,PT_Stem Cell Therapy For Neurological Disorders_NoM,PT_Stimulant And Wake Promoting Agents_NoM,PT_Traditional And Alternative Medicine Approaches_NoM,PT_Transcranial Direct Current Stimulation_NoM,PT_Transcranial Magnetic Stimulation_NoM,PT_Transference Focused Psychotherapy_NoM,PT_Trauma Focused Cbt_NoM,PT_Vagus Nerve Stimulation_NoM,PT_Virtual Reality Exposure Therapy_NoM,PT_Vocal And Speech Biomarkers_NoM,PT_Voxel Based Lesion Symptom Mapping_NoM,RMD_Anorexia Nervosa_NoP,RMD_Antisocial Personality Disorder_NoP,RMD_Autosarcophagy_NoP,RMD_Avoidant Personality Disorder_NoP,RMD_Boanthropy_NoP,RMD_Body Integrity Dysphoria_NoP,RMD_Brief Psychotic Disorder_NoP,RMD_Capgras Syndrome_NoP,RMD_Childhood Disintegrative Disorder_NoP,RMD_Chronic Traumatic Encephalopathy_NoP,RMD_Circadian Rhythm Sleep Wake Disorder_NoP,RMD_Cotard Syndrome_NoP,RMD_Cyclothymic Disorder_NoP,RMD_Delusional Disorder_NoP,RMD_Diogenes Syndrome_NoP,RMD_Disinhibited Social Engagement Disorder_NoP,RMD_Dissociative Amnesia_NoP,RMD_Dissociative Fugue_NoP,RMD_Ekbom Syndrome_NoP,RMD_Erotomania_NoP,RMD_Factitious Disorder_NoP,RMD_Fregoli Delusion_NoP,RMD_Ganser Syndrome_NoP,RMD_Hallucinogen Persisting Perception Disorder_NoP,RMD_Histrionic Personality Disorder_NoP,RMD_Hypergraphia_NoP,RMD_Hyperthymesia_NoP,RMD_Impulse Control Disorders_NoP,RMD_Intermetamorphosis Syndrome_NoP,RMD_Kleine Levin Syndrome_NoP,RMD_Kleptomania_NoP,RMD_Koro_NoP,RMD_Landau Kleffner Syndrome_NoP,RMD_Narcissistic Personality Disorder_NoP,RMD_Olfactory Reference Syndrome_NoP,RMD_Othello Syndrome_NoP,RMD_Palilalia_NoP,RMD_Postpartum Psychosis_NoP,RMD_Pyromania_NoP,RMD_Reactive Attachment Disorder_NoP,RMD_Reduplicative Paramnesia_NoP,RMD_Rumination Disorder_NoP,RMD_Savant Syndrome_NoP,RMD_Schizoaffective Disorder_NoP,RMD_Schizotypal Personality Disorder_NoP,RMD_Selective Mutism_NoP,RMD_Stendhal Syndrome_NoP,WAR_GLOBAL_UCDP_GED_MONTHLY,GLOBAL_PUBLIC_HOLIDAYS_MONTHLY,GLOBAL_DISASTER_EVENTS_MONTHLY,GLOBAL_DISASTER_TOTAL_AFFECTED_RAW,GLOBAL_DISASTER_TOTAL_AFFECTED_MONTHLY,RMD_Wendigo Psychosis_NoP
Jan-04,0,4,0,0,0,0,0,0,0,1,0,0,0,0,0,0,0,0,0,0,0,0,0,0,0,0,0,0,0,2,0,0,0,1,0,0,0,0,0,0,0,1,0,6,0,0,0,0,36,4,25,135,47,82,31,3,0,1,0,9,0,2,6,0,0,35,0,0,18,13,0,9,0,6,0,4,84,12,0,1,2,0,3,17,9,0,11,2,0,6,0,7,3,0,7,42,36,19,12,49,0,0,0,5,7,13,31,0,12,0,0,0,0,4,1,0,14,0,1,0,67,0,8,20,2,4,8,11,70,69,7,0,5,9,1,1,231,1803,0,0,0,52,628,10,2,75,40,0,84,5793,0,272,0,2,46,0,22,20,0,0,1,1,0,1402616,0,609,2400000,0,41,173,279,1,0,0,0,41,0,10771,35,34,35310,1,0,7.876638460975463,69,60,15940951,16.584401953507808,0
Feb-04,2,1,0,0,0,0,0,0,0,0,0,0,0,0,0,0,0,0,0,0,0,0,0,0,0,0,0,0,2,0,0,0,0,1,0,1,0,0,0,0,0,0,1,1,0,0,0,0,0,0,12,49,12,25,0,0,0,0,0,3,0,0,3,0,0,10,1,0,3,2,0,1,0,2,0,1,40,2,0,0,0,0,0,0,2,0,12,2,0,0,1,0,2,0,0,18,2,0,3,3,0,0,0,0,0,1,0,0,0,0,0,1,0,1,0,0,13,0,0,0,20,0,0,3,2,1,5,6,2,24,2,0,1,1,0,0,296.6507936507937,450.75,0,0,0,0,0,0,0,0,0,0,0,0,0,0,0,0,0,0,2,0,0,0,0,0,0,0,0.02,0,0,0,0,97.25,0,219,0,0,0,0,0,0,0.01,8.533333333333333,0,0,0,7.706612913964197,49,70,1085820,13.897846940844836,0
Mar-04,4,3,0,1,0,0,1,0,0,0,0,0,0,1,0,0,0,0,0,0,1,0,0,0,0,0,0,0,0,0,0,0,0,3,0,2,0,0,0,0,0,0,0,2,2,0,0,0,2,9,5,67,29,43,2,0,0,0,0,1,0,0,1,0,0,9,1,1,13,6,0,4,0,0,0,7,53,10,0,2,0,0,9,3,3,0,11,1,0,0,0,0,1,0,1,28,12,7,29,6,0,0,0,3,3,3,10,0,2,0,0,0,0,0,0,0,3,0,1,0,19,0,2,16,2,0,3,8,11,57,2,0,0,0,0,8,593.3015873015873,1352.25,0,0.01,0,0,30.5,0,0,0,0,0,0,44.16666666666667,0,0,0,0,0,0,75.08333333333334,0,0,0,0,0,0,0,0,0,0,0,0,291.75,0,438,0,0,0,0,0,0,0,17.066666666666666,1435.5,0,0,7.554858521040676,25,60,2295609,14.646509161366469,0
Apr-04,0,2,0,0,0,0,0,0,0,0,0,0,0,0,0,0,0,0,1,0,0,0,0,0,0,0,0,4,0,1,0,0,0,1,0,0,0,1,0,0,0,0,5,1,7,0,0,0,1,0,2,58,13,29,0,0,1,1,0,1,0,2,0,0,0,12,1,0,3,7,0,5,0,1,0,0,61,2,0,0,0,0,2,2,10,0,5,1,0,0,0,1,15,0,0,21,13,1,5,6,0,0,0,0,2,4,2,0,4,0,0,0,0,3,1,0,12,0,0,0,25,0,1,6,0,1,5,5,1,34,0,4,4,0,0,0,0,901.5,0,0,0,0,0,0,0,0,0,0,0,0,0,0,0,0,6.25,0,0,0,0,0,0,0,0,471.4285714285714,0,59,0,0,0,97.25,0,0,0,466.25,0,0,0,0,0.05,8.533333333333333,5024.25,0,0,7.123672785204607,60,61,1154074,13.958809715272825,0
May-04,2,0,0,0,0,0,2,4,0,0,0,0,0,0,0,0,0,0,6,0,0,0,0,0,0,0,0,0,0,2,1,0,0,1,0,0,0,0,0,0,0,0,0,2,0,0,0,0,1,2,10,55,18,37,1,0,0,0,0,7,0,1,4,0,0,9,0,0,5,1,0,6,0,1,0,0,38,0,0,0,0,0,1,0,2,0,0,2,0,0,0,0,1,0,5,18,17,1,5,5,0,0,0,2,0,3,9,0,4,0,0,0,0,0,0,0,5,0,0,0,28,0,1,5,3,1,5,1,2,39,0,0,3,2,3,0,296.6507936507937,0,0,0,0,0,61,10.666666666666668,0,0,0,0,0,0,0,0,0,0,37.5,0,0,0,0,0,0,0,0,0,0,118,1.5,0,0,97.25,0,0,0,0,0,0,0,0,0,17.066666666666666,0,0,0,7.327780538421631,80,68,910488,13.721737096802796,0
Jun-04,0,0,0,3,0,0,0,0,0,0,0,0,0,0,0,0,0,0,0,1,1,0,0,1,0,1,0,1,0,0,0,0,0,0,0,0,0,0,0,0,0,0,1,0,0,0,0,0,12,4,6,74,32,42,2,1,0,0,0,19,0,0,2,0,0,7,0,0,3,2,0,6,0,0,0,10,49,7,0,1,0,0,3,5,2,0,7,0,0,0,0,0,11,0,1,21,31,2,1,6,1,0,0,1,4,1,7,0,6,0,0,0,0,0,0,0,10,0,0,1,26,0,13,10,3,1,1,7,5,45,2,1,3,0,0,2,0,0,0,0.03,0,0,0,0,0,0,0,0,0,0,0,0,0,0,0,2,75.08333333333334,0,0,2.6666666666666665,0,0.01,0,117.85714285714286,0,0,0,0,0,0,0,0,0,0,0,0,0,0,0.01,0,0,0,0,7.251344983372214,20,92,73636942,18.114657400702672,0
Jul-04,1,0,0,0,0,0,0,1,0,0,0,0,0,0,0,0,0,0,0,0,1,0,0,0,1,0,0,1,0,2,0,1,0,1,0,0,0,0,0,10,0,0,1,2,0,0,0,0,12,1,2,73,20,47,0,0,0,0,0,3,0,4,1,0,0,20,0,0,26,1,0,3,0,2,0,20,35,16,0,0,0,0,1,13,5,0,7,0,0,3,0,2,8,0,1,27,11,2,13,1,0,0,0,4,0,8,0,0,3,0,0,0,0,3,0,0,8,0,1,0,23,0,3,5,4,0,3,6,1,36,0,0,6,2,0,1,148.32539682539684,0,0,0,0,0,0,2.666666666666667,0,0,0,0,0,0,0,0,0,0,0,0,75.08333333333334,0,0,0,0.01,0,0,117.85714285714286,0,118,0,1,0,97.25,0,0,0,0,0,14720,0,0,0.01,17.066666666666666,0,0,0,6.941190055068375,13,100,109520032,18.51161804025925,0
Aug-04,4,2,0,0,0,4,0,0,0,0,0,0,0,0,0,0,0,0,0,0,2,0,1,0,0,0,0,0,0,1,0,0,0,2,0,0,0,0,0,0,0,0,0,1,0,0,0,0,3,0,24,37,10,32,4,0,0,0,0,2,0,1,0,0,0,9,0,0,14,3,0,5,0,0,0,14,35,3,0,2,0,0,0,1,8,0,5,0,0,1,0,0,0,0,3,9,3,0,27,2,0,0,0,2,3,3,12,0,3,0,0,0,0,1,0,0,6,0,0,0,28,0,5,5,2,1,3,4,6,68,0,0,2,1,0,0,593.3015873015873,901.5,0,0,0,64,0,0,0,0,0,0,0,0,0,0,0,0,0,0,150.16666666666669,0,0.01,0,0,0,0,0,0,59,0,0,0,194.5,0,0,0,0,0,0,0,0,0,8.533333333333333,0,0,0,7.427738840532894,21,91,80469867,18.203393361758103,0
Sep-04,2,0,0,0,0,0,0,0,3,0,0,0,0,8,12,0,3,0,0,0,0,0,0,0,0,0,0,0,0,0,0,0,2,0,0,2,0,0,0,0,0,0,0,0,0,0,0,0,18,2,5,77,23,32,1,2,0,0,0,6,0,1,0,0,0,18,0,1,3,1,0,7,0,2,0,3,52,5,0,5,0,2,4,1,3,1,1,0,0,3,0,0,0,0,1,24,21,3,9,2,0,0,0,1,1,6,13,0,4,0,0,0,0,0,0,0,4,0,2,1,40,0,2,5,6,4,2,10,2,31,0,0,1,1,0,0,296.6507936507937,0,0,0,0,0,0,0,105.3,0,0,0,0,353.33333333333337,129,0,159,0,0,0,0,0,0,0,0,0,0,0,0,0,0,0,202,0,0,438,0,0,0,0,0,0,0,0,0,0,0,7.752764808851328,24,81,15024739,16.52520873374331,0
Oct-04,0,0,0,4,0,0,0,0,0,1,0,0,1,2,0,0,0,0,1,0,1,0,3,0,0,0,0,3,0,0,1,0,0,2,0,0,0,0,0,0,0,2,0,0,0,0,0,0,2,11,4,72,27,39,0,0,0,0,0,2,0,0,2,0,0,19,0,0,8,2,0,12,0,3,0,4,22,1,0,0,0,3,9,1,5,0,3,1,0,3,0,7,2,0,4,15,23,0,3,4,0,0,0,3,2,4,4,0,4,0,0,0,0,2,0,0,6,0,0,0,29,0,2,5,0,1,10,3,3,25,3,0,1,1,1,0,0,0,0,0.04,0,0,0,0,0,47.4,0,0,67.5,88.33333333333334,0,0,0,0,6.25,0,2,0,0.03,0,0,0,0,353.57142857142856,0,0,1.5,0,0,194.5,0,0,0,0,0,0,0,94,0,0,0,0,0,6.834108738813838,29,62,1429130,14.172577125208589,0
Nov-04,1,0,0,1,0,0,1,0,0,0,0,0,0,0,0,0,0,0,1,0,0,1,0,1,0,0,0,1,0,0,0,0,0,0,0,0,0,0,0,0,0,1,1,9,0,0,0,0,3,1,5,81,25,26,2,0,6,0,0,1,0,0,0,0,0,14,0,0,2,1,0,8,0,0,0,2,25,4,0,1,0,1,0,11,1,0,1,0,0,2,0,5,3,0,2,31,15,0,8,9,0,0,0,0,0,4,13,0,4,0,0,1,0,0,0,0,7,0,0,0,39,0,3,12,1,1,8,5,7,56,3,1,12,0,0,0,148.32539682539684,0,0,0.01,0,0,30.5,0,0,0,0,0,0,0,0,0,0,0,6.25,0,0,0.01,0,2.6666666666666665,0,0,0,117.85714285714286,0,0,0,0,0,0,0,0,0,0,0,0,0,47,0.01,76.8,0,0,0,7.633369649679584,52,68,2625734,14.780871414815175,0
Dec-04,6,0,0,0,0,1,0,0,1,0,0,0,2,2,0,0,0,0,2,0,2,0,0,0,0,0,0,18,0,3,1,0,0,1,0,0,0,0,0,0,0,6,0,24,6,1,3,0,12,2,8,62,21,36,1,0,2,1,0,10,0,0,9,0,0,30,0,1,3,2,0,15,1,1,0,12,27,2,0,2,1,0,2,1,4,0,3,0,0,7,0,0,2,0,0,46,6,6,8,0,1,0,0,6,0,7,10,0,10,0,0,0,0,8,9,0,14,1,0,0,22,0,2,8,0,5,2,19,1,52,4,0,1,0,1,1,889.952381,0,0,0,0,16,0,0,35.1,0,0,0,135,88.33333333333334,0,0,0,0,12.5,0,150.16666666666669,0,0,0,0,0,0,2121.428571428572,0,177,1.5,0,0,97.25,0,0,0,0,0,0,0,282,0,204.8,4306.5,224,0.03,6.829793737512425,53,73,2861771,14.866951571354912,0
Jan-05,4,0,0,0,0,0,0,0,0,3,0,0,0,2,0,0,0,0,2,0,0,0,0,0,0,0,0,0,0,0,0,0,0,12,0,0,1,0,0,0,0,0,0,0,0,0,0,0,39,10,19,198,63,94,23,0,0,3,0,47,0,9,0,0,1,59,0,0,28,18,0,21,1,1,0,9,123,10,0,1,1,4,2,0,16,0,5,1,0,4,0,0,7,0,8,33,10,20,0,3,0,1,0,3,1,12,0,0,14,0,0,0,0,0,0,0,36,0,2,0,76,0,22,12,0,2,1,26,0,98,0,0,0,7,0,0,593.3015873015873,0,0,49,0,0,0,0,0,2,0,0,37,5963,0,0,5,0,8,93,0,0,0,0,0,0,0,8,0,12,0,0,0,1167,0,0,0.1428571428571428,0,0,0,0,0,0,0,0,0,1,7.113956109566034,88,99,3144926,14.961301236400548,0
Feb-05,1,0,0,0,0,0,0,0,0,0,0,0,0,0,0,0,0,0,0,0,0,0,1,0,1,0,0,1,0,0,0,0,0,2,0,0,0,0,0,0,0,0,0,0,0,0,0,0,0,1,1,58,16,30,0,0,0,0,0,1,0,0,0,0,0,11,0,0,1,3,0,8,0,1,0,0,24,4,0,0,0,0,3,1,7,0,0,1,0,1,0,0,0,0,2,12,0,0,0,0,0,1,0,0,0,3,0,0,4,0,0,0,0,0,0,0,3,0,0,0,28,0,2,3,0,0,1,7,1,26,0,4,0,1,0,0,148.32539682539684,0,0,0,0,0,0,0,0,0,0,0,0,0,0,0,0,0,0,0,0,0,0.01,0,0.01,0,0,117.85714285714286,0,0,0,0,0,194.5,0,0,0,0,0,0,0,0,0,0,0,0,0,6.809039306,39,75,10312399,16.14885761260836,0
Mar-05,9,0,0,1,0,0,0,0,0,0,0,0,3,0,0,0,0,0,0,0,1,0,0,0,0,0,0,0,0,0,0,0,0,8,0,0,0,0,0,0,0,7,0,2,3,0,0,0,4,0,3,82,13,21,7,0,15,0,0,7,0,2,0,0,0,15,0,0,3,3,0,9,0,0,0,13,41,2,0,0,2,0,1,0,6,0,0,1,0,0,0,0,0,0,1,23,0,3,0,0,0,0,0,2,1,4,6,0,9,0,0,0,0,0,0,0,9,0,0,0,32,0,4,3,0,1,0,12,0,39,0,0,0,0,0,0,1334.9285714285716,0,0,0.01,0,0,68,0,0,0,0,0,202.5,0,0,0,0,0,0,0,75.08333333333334,0,0,0,0,0,0,82,0,0,0,0,0,778,0,0,0,0,0,0,0,329,0,17.066666666666666,2153.25,0,0,6.584791392385716,55,88,11344397,16.244234611764828,0
Apr-05,1,14,0,0,0,0,0,0,1,0,0,0,2,2,0,0,0,0,0,0,0,0,0,0,0,0,0,0,0,0,0,0,1,16,0,0,0,0,0,0,0,1,0,0,9,0,0,0,15,0,5,56,18,48,2,2,1,0,0,14,0,0,0,0,0,15,0,1,7,6,0,10,0,0,0,4,53,1,0,1,0,1,0,0,1,0,0,2,0,0,0,0,6,0,0,18,0,0,0,0,0,0,0,0,0,2,0,0,3,0,0,0,0,0,0,0,9,0,0,0,36,0,5,2,0,2,0,13,0,40,0,0,1,0,0,0,148.32539682539684,6310.5,0,0,0,0,0,0,35.1,0,0,0,135,88.33333333333334,0,0,0,0,0,0,0,0,0,0,0,0,0,0,0,0,0,0,101,1556,0,0,0,0,0,0,0,47,0,0,6459.75,0,0,6.937314081223682,33,78,4648567,15.35206977,0
May-05,2,4,0,5,0,0,0,0,0,1,0,0,0,0,0,0,0,0,0,0,0,0,0,0,3,0,0,0,0,0,0,0,0,1,0,0,0,0,0,0,0,0,0,2,0,0,0,0,4,1,13,59,26,28,0,0,0,0,0,4,0,1,0,0,0,24,0,0,2,5,0,6,0,0,0,2,22,0,0,0,1,0,0,0,9,0,1,0,0,0,0,0,1,0,2,16,0,0,0,1,0,0,0,2,0,3,3,0,10,0,0,0,0,0,0,0,8,0,0,0,39,0,2,4,0,1,0,8,0,47,0,0,0,0,1,0,296.6507936507937,1803,0,0.05,0,0,0,0,0,47.4,0,0,0,0,0,0,0,0,0,0,0,0,0,0,0.03,0,0,0,0,0,0,0,0,97.25,0,0,0,0,0,0,0,0,0,17.066666666666666,0,0,0,7.242797922793756,71,84,5205784,15.465281065182111,0
Jun-05,0,0,0,0,0,0,4,0,0,4,0,0,0,0,0,0,0,0,0,1,2,0,0,0,1,0,0,0,0,1,0,0,0,2,0,0,0,2,0,0,0,0,0,0,0,1,0,0,7,1,11,72,21,49,1,0,0,0,0,12,0,3,0,0,0,17,0,0,1,11,0,8,0,1,0,5,34,4,0,0,0,0,5,1,1,0,1,0,0,0,1,0,0,0,3,18,0,4,0,1,0,0,1,2,7,2,1,0,7,0,0,1,0,2,0,0,10,0,1,0,20,0,1,1,0,0,0,7,0,35,0,0,1,0,0,0,0,0,0,0,0,0,122,0,0,189.6,0,0,0,0,0,0,0,0,0,2,150.16666666666669,0,0,0,0.01,0,0,0,0,59,0,0,0,194.5,0,0,0,932.5,0,0,0,0,0,0,0,224,0,7.199678345691172,24,95,36247652,17.405885192341334,0
Jul-05,0,0,0,0,0,0,0,0,0,0,0,0,2,1,0,0,0,0,0,0,2,0,0,0,4,0,0,0,0,4,0,0,0,1,0,0,0,0,0,0,0,0,0,0,0,0,0,0,7,1,4,70,15,46,0,0,0,0,0,10,0,0,0,1,1,14,0,0,1,17,0,7,0,0,0,1,40,1,0,2,0,0,6,0,3,0,0,0,0,0,0,0,0,0,2,18,0,5,0,0,0,0,0,1,0,3,5,0,4,0,0,0,0,0,6,0,13,0,0,0,20,0,1,7,0,5,0,7,0,27,0,0,0,0,0,0,0,0,0,0,0,0,0,0,0,0,0,0,135,44.16666666666667,0,0,0,0,0,0,150.16666666666669,0,0,0,0.04,0,0,0,0,236,0,0,0,97.25,0,0,0,0,0,0,0,0,0,0,0,0,0,6.994849985833071,13,113,57798138,17.87246713589243,0
Aug-05,5,0,0,0,0,0,0,0,0,1,0,0,4,0,0,0,0,0,0,0,9,0,0,0,0,0,0,1,0,2,0,0,0,1,0,0,0,1,0,0,0,0,0,5,0,1,0,0,7,0,3,79,33,33,0,1,0,1,0,11,0,1,0,0,0,10,0,0,2,2,0,14,0,0,0,0,41,0,0,1,0,0,0,0,1,0,0,0,0,0,1,0,13,0,5,18,0,0,0,1,0,0,0,1,8,11,7,0,7,0,0,0,0,0,0,0,8,0,0,0,21,0,4,4,0,2,0,11,0,37,0,1,1,2,1,1,741.6269841269842,0,0,0,0,0,0,0,0,47.4,0,0,270,0,0,0,0,0,0,0,675.7500000000001,0,0,0,0,0,0,117.85714285714286,0,118,0,0,0,97.25,0,0,0,466.25,0,0,0,0,0,42.66666666666666,0,224,0,6.866933284461882,20,124,33897426,17.338849669765136,0
Sep-05,0,0,0,0,0,0,0,0,0,1,0,0,2,1,0,0,0,0,0,0,6,0,0,0,0,0,0,1,0,0,1,0,0,0,0,0,0,0,1,0,0,2,4,0,4,0,0,0,12,0,9,103,22,43,1,0,0,0,0,6,0,0,0,0,0,26,0,0,7,3,0,4,0,1,0,10,25,3,0,0,0,1,2,0,4,0,3,0,0,0,0,0,0,0,2,18,1,0,0,0,1,0,0,1,39,3,5,0,11,0,0,0,0,0,0,0,9,0,1,0,47,0,0,5,0,2,0,5,0,38,0,0,0,2,2,0,0,0,0,0,0,0,0,0,0,47.4,0,0,135,44.16666666666667,0,0,0,0,0,0,450.50000000000006,0,0,0,0,0,0,117.85714285714286,0,0,1.5,0,0,0,0,0,0,0,10.625,0,0,94,0.04,0,2871,0,0,7.020190708311925,22,109,42981609,17.576282907760444,0
Oct-05,1,2,0,0,0,0,0,0,5,0,0,0,0,5,0,0,0,0,0,0,0,0,0,0,0,0,0,0,0,0,0,0,0,7,0,0,0,0,0,0,0,1,0,0,2,0,0,0,10,1,6,59,18,29,0,0,0,0,0,1,0,2,0,0,0,8,0,0,13,2,0,14,1,2,0,0,60,9,0,0,0,0,1,0,5,0,2,1,0,2,0,0,0,0,1,15,1,0,0,1,1,0,0,2,0,7,1,1,17,0,0,0,0,0,0,0,12,0,0,0,34,0,3,2,0,0,2,1,0,23,0,0,2,0,1,0,148.32539682539684,901.5,0,0,0,0,0,0,175.5,0,0,0,0,14,0,0,0,0,0,0,0,0,0,0,0,0,0,0,0,0,0,2,0,680.75,0,0,0,0,0,0,0,47,0,0,1435.5,0,0,7.122059881629142,33,105,35433814,17.383177148154683,0
Nov-05,4,0,0,0,0,0,0,0,4,0,0,0,0,0,0,0,0,0,0,0,3,0,0,0,0,0,0,1,0,4,0,0,0,2,0,0,0,0,0,0,0,3,0,16,0,1,0,0,0,0,1,81,11,38,0,0,1,0,0,7,0,0,0,0,0,6,0,0,2,1,0,4,0,0,0,2,32,7,0,0,1,0,1,0,4,0,2,0,0,1,0,0,6,0,3,16,0,1,0,0,0,0,0,1,1,9,0,0,7,0,0,0,0,1,0,0,12,0,0,0,36,1,4,5,0,0,0,5,0,39,0,0,4,0,0,0,593.3015873015873,0,0,0,0,0,0,0,140.4,0,0,0,0,0,0,0,0,0,0,0,225.25000000000003,0,0,0,0,0,0,63,0,236,0,0,0,194.5,0,0,0,0,0,0,0,141,0,136.53333333333333,0,224,0,6.583409222158765,53,79,20770146,16.849027273342898,0
Dec-05,7,1,0,2,0,0,1,2,6,0,6,0,0,1,0,0,1,0,8,0,2,0,0,0,0,0,0,8,0,7,0,0,0,2,0,1,0,0,0,0,0,14,1,16,13,0,1,0,4,0,3,54,23,47,1,1,5,0,0,5,0,0,0,0,0,9,0,0,2,3,0,10,0,2,0,10,29,4,0,0,0,1,5,0,6,0,0,0,0,2,0,0,0,0,0,22,0,3,0,1,1,1,0,10,1,6,4,0,15,0,0,0,0,0,6,0,16,0,0,0,25,0,5,7,0,3,0,17,0,38,0,0,0,1,0,0,1038.2777777777778,450.75,0,0.02,0,0,30.5,5.333333333333334,210.6,0,319.3333333333333,0,0,44.16666666666667,0,0,53,0,50,0,150.16666666666669,0,0,0,0,0,0,942.8571428571428,0,413,0,0,0,194.5,0,219,0,0,0,0,0,658,0.01,136.53333333333333,9330.75,0,0.01,6.668228248417403,49,100,20335098,16.827858965765017,0
Jan-06,2,0,0,0,0,0,0,0,0,1,0,0,0,1,3,0,0,0,5,0,0,0,0,0,0,0,0,1,0,1,0,0,3,0,0,0,0,1,0,0,0,0,0,0,0,0,0,0,0,0,0,212,43,97,0,0,1,0,0,20,0,0,0,0,0,51,0,0,0,16,0,18,0,0,0,0,80,8,0,0,0,0,0,0,18,0,0,0,0,0,0,0,0,0,6,43,0,0,0,0,0,0,0,4,0,12,0,0,27,0,0,0,0,0,0,0,33,1,0,0,96,0,0,12,0,0,1,21,0,93,0,2,0,8,0,0,296.6507936507937,0,0,0,0,0,0,0,0,47.4,0,1,0,44.16666666666667,32.25,0,0,0,31.25,0,22,0,0,0,0,0,36,114,0,60,0,0,6,0,0,0,0,466.25,0,0,0,0,0,34201,1665,0,0,7.942362237674335,112,132,20971863,16.85869228781661,0
Feb-06,4,0,0,0,0,0,0,0,6,0,0,0,0,0,0,0,0,0,2,0,0,0,0,0,0,0,0,0,0,0,0,1,1,1,0,0,0,1,0,0,0,0,0,0,1,1,0,0,0,0,0,69,16,27,0,0,0,0,0,2,0,0,0,0,0,6,0,0,0,3,0,9,0,0,0,0,36,1,0,0,0,0,0,0,3,0,0,0,0,1,0,0,0,0,0,14,0,0,0,0,0,0,0,0,0,1,0,0,7,0,0,0,0,0,0,0,11,0,0,0,36,0,0,4,0,2,0,5,0,35,0,0,0,0,0,0,593.3015873015873,0,0,0,0,0,0,0,210.6,0,0,0,0,0,0,0,0,0,12.5,0,0,0,0,0,0,0,0,0,0,0,0,1,101,97.25,0,0,0,466.25,0,0,0,0,0,0,717.75,224,0,6.577861357721047,27,102,17880040,16.69919562077189,0
Mar-06,0,3,0,0,0,0,0,0,0,1,0,0,0,0,0,0,1,0,1,0,0,0,0,0,0,0,0,0,0,2,0,0,0,0,0,2,0,1,0,1,0,0,0,2,0,0,0,0,0,1,0,76,17,40,0,0,0,0,0,7,0,0,0,0,0,19,0,0,0,2,0,6,0,0,0,0,38,1,0,1,0,0,0,0,5,0,0,0,0,0,0,0,0,0,1,25,0,0,0,1,0,0,0,2,0,6,0,0,16,0,0,0,0,1,0,0,10,0,0,0,55,0,0,6,0,0,0,7,0,66,0,0,0,2,0,0,0,1352.25,0,0,0,0,0,0,0,47.4,0,0,0,0,0,0,53,0,6.25,0,0,0,0,0,0,0,0,0,0,118,0,0,0,0,0,438,0,466.25,0,1472,0,0,0,17.066666666666666,0,0,0,7.095064377287131,22,87,17556721,16.680947454485754,0
Apr-06,2,0,0,0,0,0,0,0,0,2,0,0,2,0,0,0,0,0,0,0,0,0,0,0,1,0,0,12,0,0,0,0,4,2,0,0,0,1,0,0,0,6,0,2,17,0,0,0,0,0,0,76,14,25,0,0,0,0,0,1,0,0,0,0,0,10,0,0,0,1,0,21,1,0,0,0,36,3,0,0,0,0,0,0,4,0,0,0,0,1,0,0,0,0,2,6,0,0,0,0,0,0,0,7,1,6,0,0,7,0,0,0,0,0,0,0,22,0,0,0,20,0,0,3,0,3,0,9,0,31,0,0,0,4,0,0,296.6507936507937,0,0,0,0,0,0,0,0,94.8,0,0,135,0,0,0,0,0,0,0,0,0,0,0,0.01,0,0,1414.2857142857142,0,0,0,0,404,194.5,0,0,0,466.25,0,0,0,282,0,17.066666666666666,12201.75,0,0,7.393263094763838,65,111,11848696,16.287728461693703,0
May-06,2,0,0,0,0,0,0,1,0,3,0,0,6,1,1,0,0,0,0,0,14,0,0,0,0,0,0,3,0,0,0,0,0,0,0,0,0,0,0,0,0,0,0,1,1,0,0,0,0,0,0,58,15,31,0,0,1,0,0,1,0,0,0,0,0,9,0,0,0,0,0,8,0,0,0,0,34,2,0,0,0,0,0,0,2,0,0,0,0,2,0,0,9,0,5,25,0,0,0,0,0,0,1,1,0,5,0,0,16,0,0,0,0,0,0,0,15,0,0,0,27,0,0,2,0,3,0,11,0,56,0,0,0,0,0,0,296.6507936507937,0,0,0,0,0,0,2.666666666666667,0,142.2,0,0,405,44.16666666666667,10.75,0,0,0,0,0,1051.1666666666667,0,0,0,0,0,0,353.57142857142856,0,0,0,0,0,0,0,0,0,0,0,0,0,0,0,8.533333333333333,717.75,0,0,7.052721049232323,57,97,37681174,17.44467119083804,0
Jun-06,2,4,0,0,0,0,1,0,0,8,0,0,1,0,0,0,0,0,0,0,0,0,0,3,0,0,0,2,0,1,0,0,0,1,0,0,0,0,1,0,0,0,1,2,1,0,0,0,0,0,0,81,13,42,0,0,0,0,0,19,0,0,0,0,0,15,0,0,0,2,0,14,0,0,0,0,30,3,0,1,0,0,0,0,8,0,0,0,0,1,0,0,0,0,1,19,0,0,0,0,1,0,0,1,0,8,0,0,8,0,0,0,0,0,0,0,14,1,0,0,31,0,0,3,0,4,0,8,0,47,0,1,0,0,0,0,296.6507936507937,1803,0,0,0,0,30.5,0,0,379.2,0,0,67.5,0,0,0,0,0,0,0,0,0,0,8,0,0,0,235.7142857142857,0,59,0,0,0,97.25,0,0,0,0,10.625,0,0,0,0.01,17.066666666666666,717.75,0,0,7.199678345691172,31,86,42247018,17.559044353065232,0
Jul-06,4,0,0,1,0,0,0,0,0,0,0,0,1,0,3,0,0,0,1,0,5,0,0,0,0,0,0,1,0,1,0,3,0,7,0,0,0,0,0,0,0,0,0,0,0,0,0,0,0,0,0,61,21,29,0,0,10,0,0,4,0,0,0,0,0,13,0,0,0,6,0,4,0,0,0,0,49,2,0,0,0,0,0,0,7,0,0,0,0,0,1,0,0,0,1,16,0,0,0,0,1,0,0,4,0,4,0,0,6,0,0,0,0,0,0,0,23,0,0,0,34,0,0,2,0,4,0,5,0,55,0,0,0,0,0,0,593.3015873015873,0,0,0.01,0,0,0,0,0,0,0,0,67.5,9,32.25,0,0,0,6.25,0,375.41666666666674,0,0,0,0,0,0,117.85714285714286,0,59,0,3,0,680.75,0,0,0,0,0,0,0,0,0,0,0,0,0,7.645397699428633,12,111,77285076,18.16301144188041,0
Aug-06,2,7,0,1,0,0,0,3,0,0,0,0,0,1,0,0,0,0,0,0,1,0,0,3,2,0,0,1,0,3,1,0,12,2,0,0,0,0,0,0,0,0,0,0,0,0,0,0,0,0,0,61,9,36,0,0,0,0,0,18,0,0,0,0,0,21,0,0,0,3,0,15,0,0,0,0,61,1,0,0,0,0,0,0,12,0,0,0,0,1,0,0,0,0,4,12,0,0,0,0,1,0,0,1,0,5,0,0,12,0,0,0,0,0,0,0,11,0,0,0,25,0,0,6,0,1,0,5,0,40,0,0,0,1,0,0,296.6507936507937,3155.25,0,0.01,0,0,0,8,0,0,0,0,0,44.16666666666667,0,0,0,0,0,0,75.08333333333334,0,0,8,0.02,0,0,117.85714285714286,0,177,1.5,0,1212,194.5,0,0,0,0,0,0,0,0,0,0,0,0,0,7.846589975291186,24,110,50262627,17.732772376814616,0
Sep-06,0,2,0,6,0,0,0,0,1,0,0,0,0,0,0,0,0,0,0,0,4,0,0,0,0,1,0,0,0,0,0,0,3,8,0,3,0,0,2,0,0,5,0,0,0,0,0,0,0,0,0,72,11,43,0,0,1,0,0,9,0,0,0,0,0,18,0,0,0,1,0,9,1,0,0,0,33,2,0,0,0,0,0,0,3,0,0,0,0,1,0,0,0,0,8,17,0,0,0,0,0,0,0,7,0,3,0,0,15,0,0,0,0,0,0,0,16,0,0,0,30,0,0,3,0,0,0,8,0,43,0,0,0,2,0,1,0,901.5,0,0.06,0,0,0,0,35.1,0,0,0,0,0,0,0,0,0,0,0,300.33333333333337,0,0,0,0,0.01,0,0,0,0,0,0,303,778,0,657,0,0,42,0,0,235,0,0,0,0,0,7.522400231387125,15,84,39009583,17.479317917493653,0
Oct-06,4,0,0,0,0,0,0,0,0,0,0,0,0,0,0,0,0,0,0,0,2,0,0,0,0,0,0,0,0,2,5,0,9,3,0,0,0,0,0,0,0,2,0,2,6,0,0,0,0,0,0,61,18,32,0,0,2,0,0,14,0,0,0,0,0,25,0,0,0,0,0,8,0,0,0,0,40,0,0,0,0,0,0,0,11,0,0,0,0,1,0,0,0,0,1,22,0,0,0,0,0,0,0,5,0,1,0,0,8,0,0,0,0,0,0,0,17,0,0,0,27,0,0,3,0,0,0,4,0,28,0,0,0,1,0,0,593.3015873015873,0,0,0,0,0,0,0,0,0,0,0,0,0,0,0,0,0,0,0,150.16666666666669,0,0,0,0,0,0,0,0,118,7.5,0,909,291.75,0,0,0,0,0,0,0,94,0,17.066666666666666,4306.5,0,0,7.615298339825815,63,96,16649866,16.627912786370835,0
Nov-06,2,0,0,2,0,0,0,0,7,0,0,0,1,0,0,0,0,0,0,0,5,0,0,1,10,0,0,0,0,0,0,0,0,1,0,0,0,0,0,0,0,1,0,5,5,0,0,0,0,0,0,73,17,40,0,0,1,0,0,6,0,0,0,0,0,18,0,0,0,3,0,12,0,0,0,0,41,1,0,0,0,0,0,0,5,0,0,0,0,1,0,0,0,0,3,26,0,0,0,0,0,0,0,4,0,2,0,0,14,0,0,0,0,0,0,0,12,0,0,0,30,0,0,3,0,3,0,18,0,43,0,0,0,0,0,0,296.6507936507937,0,0,0.02,0,0,0,0,245.7,0,0,0,67.5,0,0,0,0,0,0,0,375.41666666666674,0,0,2.6666666666666665,0.1,0,0,0,0,0,0,0,21,97.25,0,0,0,0,0,0,0,47,0,42.66666666666666,3588.75,0,0,7.277938572945661,26,70,14808068,16.51068279286805,0
Dec-06,24,6,0,0,0,2,0,0,6,2,1,0,18,17,0,0,0,0,7,0,3,0,0,4,6,0,0,26,0,0,0,0,7,4,6,0,0,0,0,10,0,1,0,11,11,0,0,0,0,0,0,66,19,45,0,0,3,0,0,2,0,0,0,0,0,9,0,0,0,2,0,13,1,0,0,0,43,1,0,3,0,0,0,0,4,0,0,0,0,0,0,0,0,0,11,52,0,0,0,0,1,0,1,14,2,3,0,0,14,0,0,0,0,0,9,1,16,0,0,0,44,0,0,5,0,3,0,18,0,46,0,4,0,0,0,0,3559.809523809524,2704.5,0,0,0,32,0,0,210.6,94.8,53.22222222222222,0,1215,750.8333333333334,0,0,0,0,43.75,0,225.25000000000003,0,0,10.666666666666666,0.06,0,0,3064.285714285714,0,0,0,0,707,389,287.4,0,0,0,0,14720,0,47,0,93.86666666666666,7895.25,0,0,7.347299700743164,62,71,12686593,16.35605640334955,0
Jan-07,2,4,0,0,0,0,1,0,0,0,0,0,0,0,0,0,0,0,0,0,2,0,0,0,0,0,0,0,0,0,0,0,0,0,0,0,0,0,0,1,0,0,0,1,5,0,0,0,0,0,0,195,36,89,0,3,0,1,0,44,0,0,0,0,0,33,0,0,0,9,0,21,2,0,0,0,99,8,0,1,0,0,0,0,18,0,0,0,0,1,1,0,0,0,6,47,0,0,0,0,0,1,0,6,0,7,0,0,28,0,0,0,0,0,0,0,56,1,0,0,78,0,0,14,0,4,0,18,0,107,0,2,0,1,0,1,14,1803,0,0,0,0,30.5,0,0,0,0,0,777,7580,0,0,0,13,0,0,150.16666666666669,0,0,0,8,0,0,7,0,0,297,0,0,0,0,0,0,0,0,1472,0,0,0,219,3588.75,0,0,7.291656209174461,79,90,6008156,15.608628603908912,0
Feb-07,2,0,0,0,0,0,0,0,0,0,1,0,1,3,0,0,2,0,0,0,0,0,0,0,1,0,0,0,0,1,0,6,0,0,0,0,0,0,0,0,0,0,0,3,0,0,0,0,0,0,0,94,18,51,0,0,0,0,0,3,0,0,0,0,0,15,0,0,0,5,0,3,0,0,0,0,32,1,0,0,0,0,0,0,8,0,0,0,0,1,0,0,0,0,1,16,0,0,0,0,0,0,0,1,0,6,0,0,60,0,0,0,0,0,0,0,17,0,0,0,47,0,0,10,0,1,0,5,0,63,0,1,0,1,0,0,296.6507936507937,0,0,0,0,0,0,0,0,0,53.22222222222222,0,67.5,132.5,0,0,106,0,0,0,1,0,0,0,0.01,0,0,0,0,59,0,6,0,0,0,0,0,0,0,0,0,0,0,25.6,0,0,0,6.745236349484363,35,70,5085675,15.441938518648724,0
Mar-07,0,2,0,0,0,0,0,0,0,0,0,0,0,1,0,0,0,0,0,0,0,0,0,0,0,0,0,1,0,0,1,0,1,0,0,0,0,0,0,0,0,0,0,2,0,0,0,0,0,0,0,70,22,49,0,0,0,0,0,3,0,0,0,0,0,13,0,0,0,3,0,2,0,0,0,0,47,3,0,0,0,0,0,0,23,0,0,0,0,0,0,0,0,0,4,14,0,0,0,0,0,0,0,5,0,6,0,0,14,0,0,0,0,1,0,0,13,0,0,0,31,1,0,3,0,4,0,4,0,44,0,0,0,3,0,0,0,901.5,0,0,0,0,0,0,0,0,0,3,0,44.16666666666667,0,0,0,0,0,0,0,0,0,0,0,0,0,117.85714285714286,0,0,1.5,0,101,0,0,0,0,0,0,0,0,0,0,17.066666666666666,0,0,0,7.430114138561801,32,63,6140377,15.630396861746284,0
Apr-07,2,2,0,0,0,0,0,0,0,0,0,0,0,0,0,0,1,0,2,0,2,0,0,0,0,0,0,1,0,0,0,10,0,1,0,0,1,0,0,2,0,0,2,0,0,0,0,0,0,0,0,68,21,36,0,1,1,1,0,3,0,0,0,0,0,15,0,0,0,2,0,8,0,0,0,0,41,0,0,0,0,0,0,0,7,0,0,0,0,2,0,0,0,0,8,21,0,0,0,0,0,0,0,6,0,7,0,0,12,0,0,0,0,0,0,0,18,0,0,0,39,0,0,4,0,0,0,9,0,39,0,0,0,1,0,0,296.6507936507937,901.5,0,0,0,0,0,0,0,0,0,0,0,0,0,0,53,0,12.5,0,150.16666666666669,0,0,0,0,0,0,117.85714285714286,0,0,0,10,0,97.25,0,0,0.1428571428571428,0,0,2944,0,0,0.02,0,0,0,0,7.495541943884256,61,56,7422010,15.819960602681885,0
May-07,1,0,0,5,0,0,0,0,0,0,0,0,0,0,0,0,0,0,0,0,0,0,0,0,0,0,0,0,0,2,0,4,0,0,0,0,0,0,0,0,0,2,0,0,0,0,0,0,0,0,0,67,16,34,0,0,0,0,0,20,0,0,0,0,0,15,0,0,0,3,0,4,0,0,0,0,36,1,0,0,0,0,0,0,14,0,0,0,0,1,0,0,0,0,7,11,0,0,0,0,0,0,0,6,0,4,0,0,19,0,0,0,0,0,0,0,14,1,0,0,22,0,0,5,0,0,0,4,0,51,0,0,0,0,0,0,148.32539682539684,0,0,0.05,0,0,0,0,0,0,0,0,0,0,0,0,0,0,0,0,0,0,0,0,0,0,0,0,0,118,0,4,0,0,0,0,0,0,0,0,0,94,0,0,0,0,0,7.134890851565884,61,63,8969276,16.009315628779774,0
Jun-07,0,8,0,0,0,0,2,0,0,0,0,0,7,0,0,0,0,0,0,0,0,0,0,0,1,0,0,15,0,0,0,0,7,5,0,1,0,0,0,0,0,0,0,0,0,0,0,0,0,0,0,72,16,31,0,0,0,0,0,8,0,0,0,0,0,17,1,0,0,8,0,15,0,0,0,0,35,0,0,0,0,0,0,0,7,0,0,0,0,0,1,0,0,0,3,13,0,0,0,0,0,0,0,1,0,11,0,0,12,0,0,0,0,0,0,0,29,1,0,0,38,0,0,1,0,4,0,13,0,50,0,0,0,1,0,1,0,3606,0,0,0,0,61,0,0,0,0,0,472.5,0,0,0,0,0,0,0,0,0,0,0,0.01,0,0,1767.857142857143,0,0,0,0,707,486.25,0,219,0,0,0,0,0,0,0,0,0,0,0,7.534228326274089,25,73,112342800,18.53706547799612,0
Jul-07,0,1,0,0,0,1,0,0,0,0,0,0,0,0,0,0,0,0,0,0,1,0,1,8,1,0,0,5,0,2,10,0,0,0,0,0,0,1,0,0,0,0,2,0,0,0,0,0,0,0,0,83,15,37,0,1,8,0,0,10,0,0,0,0,0,12,0,0,0,1,0,5,0,0,0,0,36,5,0,1,0,0,0,0,5,0,0,0,0,0,0,0,0,0,2,15,0,0,0,0,1,0,0,11,0,5,0,0,15,0,0,0,0,0,0,0,18,1,0,0,25,0,0,3,0,3,0,10,0,44,0,8,0,0,0,0,0,450.75,0,0,0,16,0,0,0,0,0,0,0,0,0,0,0,0,0,0,75.08333333333334,0,0.01,21.33333333333333,0.01,0,0,589.2857142857143,0,118,15,0,12,0,0,0,0,466.25,0,0,0,0,0.02,0,0,0,0,7.349873704738337,13,118,160646862,18.894719116413608,0
Aug-07,2,7,0,0,0,0,0,0,0,0,0,0,0,0,1,0,0,0,0,0,2,0,0,0,0,0,0,0,0,0,0,0,0,1,0,0,0,1,0,2,0,0,0,2,5,0,0,0,0,0,0,72,15,31,0,1,0,0,0,17,0,0,0,0,0,13,0,0,0,2,0,9,0,0,0,0,63,4,0,0,0,0,0,0,6,0,0,0,0,0,0,0,0,0,1,22,0,0,0,0,1,0,0,3,0,2,0,0,20,0,0,0,0,0,0,0,17,0,0,0,33,0,0,5,0,5,0,7,0,30,0,1,0,0,0,1,296.6507936507937,3155.25,0,0,0,0,0,0,0,0,0,0,0,0,10.75,0,0,0,0,0,150.16666666666669,0,0,0,0,0,0,0,0,0,0,0,0,97.25,0,0,0,466.25,0,2944,0,0,0,17.066666666666666,3588.75,0,0,7.492760300922379,22,122,67622632,18.02945329266992,0
Sep-07,0,0,0,0,0,12,0,0,0,0,1,0,0,0,2,2,4,0,0,0,0,0,0,0,0,1,0,2,0,1,0,6,3,2,0,1,0,0,0,0,0,0,0,0,1,0,0,0,0,0,0,81,17,48,0,0,0,0,0,4,0,0,0,0,0,20,0,0,0,2,0,3,1,0,0,0,40,3,0,0,0,0,0,0,6,0,0,0,0,1,0,0,0,0,5,17,0,0,0,0,0,0,0,9,1,5,0,0,9,0,0,0,0,0,0,0,26,0,0,0,34,0,0,6,0,0,0,12,0,35,0,0,0,2,0,0,0,0,0,0,0,192,0,0,0,0,53.22222222222222,0,0,0,21.5,0.02,212,0,0,0,0,0,0,0,0,0.01,0,235.7142857142857,0,59,0,6,303,194.5,0,219,0,0,0,0,0,0,0,0,717.75,0,0,7.504942068396171,25,89,46415309,17.65313991966923,0
Oct-07,0,9,0,1,0,0,1,0,0,0,0,0,1,0,0,0,1,0,0,0,4,0,1,0,0,0,0,0,0,0,0,0,0,3,0,0,1,2,0,2,0,0,0,0,0,0,0,0,0,0,0,85,17,58,0,0,0,0,0,5,0,0,0,0,0,21,0,0,0,4,0,12,0,0,0,0,45,3,0,0,0,0,0,0,4,0,0,0,0,3,0,0,0,0,3,20,0,0,0,0,1,0,0,2,1,5,0,0,16,0,0,0,0,0,1,0,14,0,0,0,30,0,0,1,0,2,0,10,0,37,0,0,0,0,0,0,0,4056.75,0,0.01,0,0,30.5,0,0,0,0,0,67.5,0,0,0,53,0,0,0,300.33333333333337,0,0.01,0,0,0,0,0,0,0,0,0,0,291.75,0,0,0.1428571428571428,932.5,0,2944,0,0,0,0,0,0,0,7.606884531,54,96,30848999,17.244614892879436,0
Nov-07,9,0,0,0,0,0,1,1,7,0,0,0,0,1,0,0,1,0,0,0,0,0,0,0,0,0,0,0,0,2,0,0,0,1,0,0,0,0,0,0,0,0,0,0,0,0,0,0,0,0,0,70,11,39,0,0,0,0,0,8,0,0,0,0,0,15,0,0,0,2,0,5,0,0,0,0,31,1,0,0,0,0,0,0,6,0,0,0,0,2,0,0,0,0,14,18,0,0,0,0,0,0,0,8,1,2,0,0,14,0,0,0,0,0,0,0,18,0,0,0,24,0,0,7,0,2,0,10,0,41,0,0,0,3,0,0,1334.9285714285716,0,0,0,0,0,30.5,59,245.7,0,0,0,0,44.16666666666667,0,0,53,0,0,0,28,0,0,0,0,0,0,0,0,118,0,0,0,97.25,0,0,0,0,0,0,0,0,0,0,0,0,0,7.549082710812286,27,74,15163062,16.534372962625067,0
Dec-07,38,17,0,0,0,0,1,1,9,0,0,0,1,2,0,0,2,0,12,0,9,0,0,4,3,0,0,38,0,4,0,0,2,10,5,0,1,0,0,1,0,22,0,7,5,3,1,0,0,0,0,85,19,38,0,1,7,0,0,6,0,0,0,0,0,18,0,0,0,3,0,17,1,0,0,0,31,0,0,1,0,0,0,0,5,0,0,0,0,3,0,0,0,0,11,35,0,0,0,0,3,0,0,14,0,9,0,0,21,0,0,0,0,0,12,0,23,0,0,0,39,0,0,11,0,7,0,32,0,64,0,2,0,2,0,1,5636.365079,7662.75,0,0,0,0,30.5,2.666666666666667,315.90000000000003,0,0,0,67.5,88.33333333333334,0,0,106,0,75,0,675.7500000000001,0,0,10.666666666666666,0.03,0,0,4478.571428571428,0,236,0,0,202,972.5,239.5,0,0.1428571428571428,0,0,1472,0,1034,0,59.73333333333333,3588.75,672,0.01,7.294377299288821,85,78,4589196,15.339215621198203,0
Jan-08,2,1,0,1,0,0,0,2,0,0,1,0,0,0,0,0,1,0,0,0,1,0,0,0,0,0,0,3,0,0,0,0,0,2,0,0,0,0,0,1,0,0,0,0,0,0,0,0,0,0,0,201,35,103,0,1,2,1,0,37,0,0,0,0,0,68,1,0,0,14,0,32,0,0,0,0,105,7,1,0,0,0,0,0,14,0,0,0,0,2,1,0,0,0,9,30,0,0,0,0,0,0,0,9,0,16,0,0,46,0,0,0,0,1,0,0,63,1,0,0,80,0,0,18,0,11,0,23,0,104,0,3,0,5,0,0,20,450.75,0,0.01,0,0,0,2,0,1028,3256,0,30,46,0,0,53,0,13,0,474,0,0,0,0,0,0,716,1,432,1430,13,96,228,0,266,0,0,0,1472,0,0,0,1102,1066,102,0,7.965545573129992,62,79,86829692,18.27945920638621,0
Feb-08,0,0,0,0,0,2,0,1,0,0,0,0,4,0,0,0,0,0,0,0,0,0,0,0,0,0,0,0,0,0,0,0,0,0,0,1,0,0,0,0,0,0,0,0,0,0,0,0,0,0,0,67,16,38,0,0,0,0,0,5,0,0,0,0,0,21,0,0,0,2,0,3,0,0,0,0,30,4,0,0,0,0,0,0,4,0,0,0,0,2,0,0,0,0,4,10,0,0,0,0,0,0,0,1,0,2,0,0,23,0,0,0,0,0,1,0,13,2,0,0,33,0,0,0,0,4,0,6,0,56,0,2,0,0,0,0,0,0,0,0,0,32,0,2.666666666666667,0,0,0,0,270,0,0,0,0,0,0,0,0,0,0,0,0,0,0,0,0,0,0,0,0,0,0,219,0,0,0,0,0,0,0,0,0,0,0,7.608374474380783,32,74,88333721,18.296632495272707,0
Mar-08,2,10,0,0,0,0,0,8,0,0,0,0,3,2,0,0,0,0,0,0,0,0,1,6,0,1,0,4,0,0,0,0,0,0,0,0,0,1,0,0,0,0,0,0,0,0,0,0,0,0,0,111,22,47,0,0,0,0,0,4,0,0,0,0,0,34,0,0,0,4,0,13,0,0,0,0,47,3,0,0,0,0,0,0,5,0,0,0,0,1,0,0,0,0,8,29,0,0,0,0,0,0,0,3,0,5,0,0,17,0,0,0,0,1,0,0,23,0,0,0,38,0,0,3,0,2,0,10,0,65,0,0,0,0,0,1,296.6507936507937,4507.5,0,0,0,0,0,21.333333333333336,0,0,0,0,202.5,88.33333333333334,0,0,0,0,0,0,0,0,0.01,16,0,0.01,0,471.4285714285714,0,0,0,0,0,0,0,0,0,466.25,0,0,0,0,0,0,0,0,0,7.607381425639791,65,77,9046506,16.017889274320904,0
Apr-08,6,0,0,0,0,0,0,0,0,1,0,0,6,0,0,0,0,1,1,0,1,0,0,0,1,0,0,1,0,0,0,0,3,25,0,0,0,0,0,2,0,0,0,3,0,0,0,0,0,0,0,94,20,43,0,0,1,2,0,9,0,0,0,0,0,23,0,0,0,5,0,6,0,0,0,0,49,6,0,1,0,0,0,0,5,0,0,0,0,1,0,0,0,0,7,33,0,0,0,0,0,0,0,5,0,5,0,0,21,0,0,0,0,0,0,0,25,0,0,0,37,0,0,4,0,0,0,14,0,40,0,0,0,3,0,0,889.952381,0,0,0,0,0,0,0,0,47.4,0,0,405,0,0,0,0,1,6.25,0,75.08333333333334,0,0,0,0.01,0,0,117.85714285714286,0,0,0,0,303,2431.25,198,0,0,0,0,2944,0,0,0,25.6,0,0,0,7.6586995582682995,30,57,16724668,16.63239537305029,0
May-08,4,9,0,1,0,0,0,0,0,0,0,0,2,0,2,0,1,0,0,0,1,0,0,6,0,0,0,2,0,0,0,0,0,2,0,1,0,0,1,0,0,0,0,0,0,0,0,0,0,0,0,60,20,32,0,0,1,0,0,9,0,0,0,0,0,21,0,0,0,2,0,10,0,0,0,0,73,8,0,1,0,0,0,0,5,0,0,0,0,2,0,0,0,0,5,12,0,0,0,1,0,1,0,1,0,2,0,0,31,0,0,0,0,0,0,0,27,1,0,0,31,0,0,2,0,2,0,10,0,70,0,1,0,3,0,0,593.3015873015873,4056.75,0,0.01,0,0,0,0,0,0,0,0,135,0,21.5,0,53,0,0,0,75.08333333333334,0,0,16,0,0,0,235.7142857142857,0,0,0,0,0,194.5,0,219,0,0,10.625,0,0,0,0,0,0,0,0,7.824046010856292,58,77,64633711,17.984246690217656,0
Jun-08,0,16,0,0,0,0,0,0,0,0,0,0,1,9,0,0,0,0,0,0,2,0,0,0,0,0,0,0,0,0,0,0,4,1,1,4,0,2,0,0,0,0,1,0,0,0,0,0,0,0,0,67,18,32,0,0,0,0,0,13,0,0,0,0,0,19,0,0,0,4,0,7,0,0,0,0,41,2,0,1,0,0,0,0,6,0,0,0,0,1,0,0,0,0,2,13,0,0,0,0,0,0,0,1,0,3,0,0,18,0,0,0,0,0,0,0,21,2,0,0,34,0,0,8,0,1,0,10,0,33,0,0,0,0,0,0,0,7212,0,0,0,0,0,0,0,0,0,0,67.5,397.50000000000006,0,0,0,0,0,0,150.16666666666669,0,0,0,0,0,0,0,0,0,0,0,404,97.25,47.9,876,0,932.5,0,0,0,0,0.01,0,0,0,0,7.600902459542082,28,65,39070270,17.480872403275434,0
Jul-08,0,11,0,0,0,0,0,0,0,1,0,0,2,0,0,0,0,0,0,0,1,0,0,2,1,0,0,1,0,4,0,0,1,5,0,1,0,0,0,3,0,0,0,0,1,2,0,0,0,0,0,71,22,48,0,0,0,0,0,9,0,0,0,0,0,21,0,0,0,3,0,11,0,0,0,0,69,3,0,0,0,0,0,0,8,0,0,0,0,0,0,0,0,0,4,9,0,0,0,0,0,0,0,2,0,7,0,0,25,0,0,0,0,0,0,0,24,2,0,0,33,0,0,5,0,1,0,11,0,84,0,0,0,2,0,0,0,4958.25,0,0,0,0,0,0,0,47.4,0,0,135,0,0,0,0,0,0,0,75.08333333333334,0,0,5.333333333333333,0.01,0,0,117.85714285714286,0,236,0,0,101,486.25,0,219,0,0,0,4416,0,0,0,0,717.75,448,0,7.721791776817535,14,84,30293754,17.226452143626357,0
Aug-08,2,0,0,0,0,1,0,0,0,0,0,0,0,0,5,0,0,0,0,0,1,0,0,0,0,0,0,1,0,2,0,0,0,1,0,0,0,0,0,9,0,1,0,0,0,0,0,0,0,0,0,86,17,41,0,0,0,1,0,30,0,0,0,0,0,16,0,0,0,2,0,11,0,0,0,0,48,7,0,0,0,0,0,0,5,0,0,0,0,2,0,0,0,0,8,23,0,0,0,0,0,0,0,3,0,6,0,0,23,0,0,0,0,1,2,0,23,2,0,0,43,0,0,2,0,4,0,8,0,47,0,0,0,0,0,1,296.6507936507937,0,0,0,0,16,0,0,0,0,0,0,0,0,53.75,0,0,0,0,0,75.08333333333334,0,0,0,0,0,0,117.85714285714286,0,118,0,0,0,97.25,0,0,0,0,0,13248,0,47,0,0,0,0,0,8.307212626628308,23,105,25757260,17.06422712590749,0
Sep-08,0,1,0,0,0,0,0,3,0,1,0,0,3,0,0,0,0,0,0,0,1,0,0,0,0,0,0,0,0,4,0,0,0,1,1,0,0,1,0,0,0,0,0,0,0,0,0,0,0,0,0,100,20,51,0,1,0,0,0,6,0,0,0,0,0,30,0,0,0,1,0,10,0,0,0,0,49,2,0,2,0,0,0,0,7,0,0,0,0,8,1,0,0,0,12,21,0,0,0,0,0,0,0,6,1,12,0,0,33,0,0,0,0,0,1,0,22,7,0,0,36,0,0,3,0,1,0,10,0,45,0,0,0,3,0,0,0,450.75,0,0,0,0,0,8,0,47.4,0,0,202.5,0,0,0,0,0,0,0,75.08333333333334,0,0,0,0,0,0,0,0,236,0,0,0,97.25,47.9,0,0,466.25,0,0,0,0,0,0,0,0,0,8.072779333169498,26,107,29096411,17.186125425570705,0
Oct-08,0,0,1,0,0,0,0,0,3,0,0,0,6,0,0,0,0,3,0,0,3,0,1,0,2,0,0,2,0,1,0,0,5,4,0,0,0,2,0,0,0,0,1,0,2,1,0,0,0,0,0,81,27,54,0,1,0,0,0,16,0,0,0,0,0,19,0,0,0,3,0,8,0,0,0,0,57,2,0,0,0,0,0,0,8,0,0,0,0,1,1,0,0,0,5,14,0,0,0,0,1,0,0,8,1,2,0,0,28,0,0,0,0,0,0,0,17,2,0,0,22,0,0,6,0,1,0,8,0,49,0,1,0,5,0,0,0,0,0.01,0,0,0,0,0,105.3,0,0,0,405,0,0,0,0,3,0,0,225.25000000000003,0,0.01,0,0.02,0,0,235.7142857142857,0,59,0,0,505,389,0,0,0,932.5,0,0,0,0,0.01,0,1435.5,224,0,7.838737559599282,53,78,24231283,17.003155083547156,0
Nov-08,4,5,0,0,0,0,0,1,0,0,2,0,0,2,0,0,0,0,0,0,1,0,0,0,17,0,0,0,0,4,0,0,0,5,0,0,0,0,0,0,0,0,0,1,7,0,0,0,0,0,0,73,12,49,0,0,0,0,0,6,0,0,0,0,0,25,0,0,0,4,0,14,0,0,0,0,54,5,0,0,0,0,0,0,5,0,0,0,0,0,0,0,0,0,6,16,0,0,0,0,0,0,0,3,0,3,0,0,22,0,0,0,0,0,0,0,19,0,0,0,37,0,0,3,0,2,0,7,0,37,0,0,0,2,0,0,593.3015873015873,2253.75,0,0,0,0,0,2.666666666666667,0,0,106.44444444444444,0,0,88.33333333333334,0,0,0,0,0,0,75.08333333333334,0,0,0,0.17,0,0,0,0,236,0,0,0,6849,0,0,0,0,0,0,0,0,0,8.533333333333333,5024.25,0,0,7.372746366404328,27,80,28058133,17.149789130070964,0
Dec-08,37,11,0,0,0,1,1,0,18,0,0,0,6,3,1,0,1,0,7,0,4,0,0,0,2,0,0,13,0,1,0,0,1,9,2,0,0,0,0,2,1,17,4,14,17,5,7,0,0,0,0,93,22,41,0,0,6,0,0,9,0,0,0,0,1,13,0,0,0,2,0,11,0,0,0,0,40,5,0,2,0,0,0,0,2,0,0,0,0,1,0,0,0,0,5,58,0,0,0,0,2,0,0,13,4,7,0,0,30,0,0,0,0,0,24,0,34,3,0,0,36,0,0,9,0,14,0,42,0,52,0,0,0,2,0,1,5488.039682539683,4958.25,0,0,0,16,30.5,0,631.8000000000001,0,0,0,405,121,10.75,0,53,0,43.75,0,300.33333333333337,0,0,0,0.02,0,0,1532.142857142857,0,59,0,0,101,875.25,4711,72,0,0,0,2944,25.5,799,0.04,119.46666666666668,12201.75,1120,0.07,7.474204806496124,85,69,25024656,17.03537217677792,0
Jan-09,6,1,0,0,0,1,0,0,0,0,0,0,1,0,0,0,0,0,0,0,0,1,0,0,1,0,0,0,0,0,0,0,6,0,2,0,0,0,0,0,0,1,0,0,0,0,0,0,0,0,0,215,39,127,0,2,1,1,0,56,0,0,0,0,1,69,0,0,0,16,0,28,0,0,0,1,175,5,2,1,0,0,0,0,18,0,0,0,0,1,0,0,0,0,10,47,0,0,0,0,0,0,0,17,0,18,0,0,82,0,0,0,0,4,0,0,79,2,0,0,74,0,0,13,0,3,0,23,0,107,0,1,0,24,0,0,889.952381,450.75,0,0,0,16,0,0,0,0,0,0,67.5,0,173,0,0,0,0,0,11188,0.01,0,0,0.01,0,0,3,0,14,0,0,606,0,95.8,20,0,0,0,0,0,47,0,0,0,0,0,8.537583881063972,82,114,30805863,17.24321561943239,0
Feb-09,0,0,0,0,0,0,0,0,0,1,1,0,3,0,0,0,2,0,0,0,0,0,0,0,0,0,0,6,0,0,0,7,0,1,0,0,0,0,0,0,0,0,0,2,0,2,0,0,0,0,0,67,9,23,0,1,0,0,0,4,0,0,0,0,0,17,0,0,0,1,0,4,0,0,0,0,49,5,0,0,0,0,0,0,4,0,0,0,0,0,0,0,0,0,3,12,0,0,0,0,0,0,0,2,0,3,0,0,24,0,0,0,0,0,0,0,21,1,0,0,21,0,0,1,0,5,0,12,0,33,0,1,0,0,0,0,0,0,0,0,0,0,0,0,0,47.4,53.22222222222222,0,202.5,0,0,0,106,0,0,0,0,0,0,0,0,0,0,707.1428571428571,0,0,0,7,0,97.25,0,0,0,0,0,0,0,0,0,17.066666666666666,0,448,1,8.127109185346375,18,79,28901332,17.17939827658643,0
Mar-09,0,0,0,0,0,2,0,0,0,1,0,0,0,2,0,0,0,0,0,0,0,0,0,2,0,0,0,0,0,0,0,0,0,1,0,1,0,0,0,0,0,0,0,1,7,0,0,0,0,0,0,82,18,45,0,0,1,0,0,2,0,0,0,0,0,17,0,0,0,6,0,7,0,0,0,0,54,1,0,1,0,0,0,0,8,0,0,0,0,5,0,0,0,0,3,10,0,0,0,0,0,0,0,5,0,1,0,0,33,0,0,0,0,0,0,0,21,1,0,0,27,0,0,1,0,6,0,11,0,44,0,1,0,2,0,1,0,0,0,0,0,32,0,0,0,47.4,0,0,0,88.33333333333334,0,0,0,0,0,0,0,0,0,5.333333333333333,0,0,0,0,0,0,0,0,0,97.25,0,219,0,0,0,0,0,0,0,8.533333333333333,5024.25,0,0,8.385944904806284,33,87,28209174,17.155157837601937,0
Apr-09,21,1,0,0,1,0,1,0,0,0,0,0,1,0,0,0,1,0,1,0,0,0,0,0,0,0,0,0,0,0,0,0,0,0,0,0,0,3,0,0,0,1,0,0,0,0,0,0,0,0,0,77,17,47,0,1,3,1,0,37,0,0,0,0,0,25,0,0,0,4,0,12,0,0,0,0,75,7,1,0,0,0,0,0,6,0,0,0,0,0,0,0,0,0,3,31,1,0,0,1,0,0,0,6,1,7,0,0,52,0,0,0,0,0,0,0,32,1,0,0,35,0,0,4,0,5,0,17,0,46,0,0,0,1,0,2,3114.833333333333,450.75,0,0,1,0,30.5,0,0,0,0,0,67.5,0,0,0,53,0,6.25,0,0,0,0,0,0,0,0,0,0,0,0,0,0,0,0,0,0,1398.75,0,0,0,47,0,0,0,0,0,8.145549631783584,60,85,34579377,17.358768050781762,0
May-09,1,0,0,0,0,0,0,0,0,0,0,0,1,0,0,0,0,0,6,0,1,0,0,0,0,0,0,3,0,0,0,0,0,3,0,0,0,0,0,0,0,1,0,0,2,1,0,0,0,0,0,81,14,57,0,0,0,0,0,7,1,0,0,0,0,19,0,0,0,5,0,8,0,0,0,0,70,1,0,2,0,0,0,0,4,0,0,0,0,0,0,0,0,0,5,14,0,0,0,0,0,0,0,5,0,3,0,0,43,0,0,0,0,0,0,0,25,2,0,0,32,0,0,6,0,4,0,11,0,54,0,0,0,2,0,1,148.32539682539684,0,0,0,0,0,0,0,0,0,0,0,67.5,0,0,0,0,0,37.5,0,75.08333333333334,0,0,0,0,0,0,353.57142857142856,0,0,0,0,0,291.75,0,0,0,0,0,0,0,47,0,0,1435.5,224,0,8.526945482858915,65,84,40424853,17.514955351794455,0
Jun-09,0,8,0,0,0,0,0,0,0,0,0,0,0,0,0,0,0,0,1,0,1,0,0,5,4,0,2,1,0,1,0,0,0,3,0,1,0,4,0,0,0,0,1,2,0,0,0,0,1,0,0,61,14,44,0,1,0,0,0,18,0,0,0,0,0,19,0,0,0,6,0,11,0,1,0,0,72,2,0,1,0,0,0,0,6,0,0,0,0,1,1,0,0,0,6,24,0,0,0,0,0,0,0,10,0,1,0,0,28,0,0,0,0,3,0,0,27,0,0,0,36,0,0,1,0,5,0,15,0,35,0,1,0,1,0,0,0,3606,0,0,0,0,0,0,0,0,0,0,0,0,0,0,0,0,6.25,0,75.08333333333334,0,0,13.333333333333332,0.04,0,33.333333333333336,117.85714285714286,0,59,0,0,0,291.75,0,219,0,1865,0,0,0,0,0.01,17.066666666666666,0,0,0,7.648739788956242,28,75,29692378,17.206400971519088,0
Jul-09,1,1,0,0,0,0,1,0,0,0,0,0,4,0,1,0,1,0,1,2,2,0,0,0,0,0,0,0,0,0,0,0,0,0,0,0,0,0,0,0,0,0,0,1,0,0,0,0,1,0,0,74,8,57,0,0,1,0,0,12,0,0,0,0,0,21,0,0,0,5,0,11,0,0,0,1,91,2,1,1,1,0,0,0,3,0,0,0,0,3,0,0,0,0,4,13,3,0,0,0,0,0,0,3,0,3,1,0,34,0,0,0,0,0,0,0,37,1,0,0,34,0,0,7,0,3,0,5,0,53,0,1,0,1,0,2,148.32539682539684,450.75,0,0,0,0,30.5,0,0,0,0,0,270,0,10.75,0,53,0,6.25,4,150.16666666666669,0,0,0,0,0,0,0,0,0,0,0,0,0,0,0,0,0,0,0,0,0,0,8.533333333333333,0,0,0,7.962067308753666,15,102,65143963,17.992110209507068,0
Aug-09,0,5,0,0,0,0,0,1,0,4,0,0,3,0,0,0,0,0,0,0,4,0,0,0,1,1,0,4,0,0,0,3,0,0,1,0,1,0,0,0,0,0,0,0,0,0,0,0,0,0,0,68,13,30,0,2,1,0,0,7,0,0,0,0,0,22,0,0,0,2,0,15,0,0,0,2,67,11,0,1,0,0,0,0,9,0,0,0,0,3,0,0,0,0,5,20,3,0,0,2,0,0,0,3,0,4,2,0,28,0,0,0,0,0,0,0,26,2,0,0,26,0,0,4,0,6,0,11,0,38,0,1,0,0,0,2,0,2253.75,0,0,0,0,0,2.666666666666667,0,189.6,0,0,202.5,0,0,0,0,0,0,0,300.33333333333337,0,0,0,0.01,0.01,0,471.4285714285714,0,0,0,3,0,0,47.9,0,0.1428571428571428,0,0,0,0,0,0,0,0,0,0,7.346010209913293,22,87,34004217,17.341995133709304,0
Sep-09,1,2,0,0,0,0,1,2,0,0,0,0,0,0,0,0,0,0,0,0,2,0,1,0,1,0,0,2,0,1,0,0,0,2,1,1,0,0,0,0,0,0,0,3,0,0,0,0,5,0,0,93,13,33,0,1,2,0,0,25,0,0,0,0,0,31,0,0,0,2,0,13,0,1,0,3,88,3,0,0,1,0,1,0,3,0,0,0,0,1,0,0,0,0,4,23,2,0,0,1,1,1,0,6,0,5,4,0,53,0,0,0,0,0,0,0,26,0,0,0,34,1,0,8,1,4,1,10,1,46,0,1,0,3,0,1,148.32539682539684,901.5,0,0,0,0,30.5,5.333333333333334,0,0,0,0,0,0,0,0,0,0,0,0,150.16666666666669,0,0.01,0,0.01,0,0,235.7142857142857,0,59,0,0,0,194.5,47.9,219,0,0,0,0,0,0,0,25.6,0,0,0,7.372746366404328,44,102,48451993,17.696084051284924,0
Oct-09,8,5,0,10,0,0,0,2,0,1,0,0,5,1,0,0,6,0,3,0,4,0,0,3,5,0,0,6,0,0,0,0,0,4,0,0,0,0,0,0,0,0,1,2,0,1,0,0,3,0,0,89,16,52,0,0,0,0,0,13,0,0,1,0,0,42,0,0,0,6,0,7,0,2,0,2,65,4,2,0,0,0,0,0,7,0,0,0,0,3,0,0,0,0,5,12,3,0,0,4,1,1,0,3,1,6,4,0,31,0,0,0,0,0,3,0,30,3,0,0,32,0,0,4,0,9,0,13,2,63,0,0,0,1,0,0,1186.6031746031747,2253.75,0,0.1,0,0,0,5.333333333333334,0,47.4,0,0,337.5,44.16666666666667,0,0,318,0,18.75,0,300.33333333333337,0,0,8,0.05,0,0,707.1428571428571,0,0,0,0,0,389,0,105,0,0,0,0,0,0,0.01,17.066666666666666,0,224,0,7.621684998724611,36,79,94921136,18.36855696796832,0
Nov-09,1,4,0,0,0,2,0,0,0,0,0,0,3,0,0,0,0,0,0,0,1,0,0,1,1,0,0,4,0,5,0,3,0,2,0,0,0,0,0,0,0,0,0,1,0,0,0,0,1,0,0,51,16,44,0,0,5,0,0,8,0,0,0,0,0,16,0,0,0,2,0,15,0,1,0,0,54,4,0,2,0,0,0,0,2,0,0,0,0,2,0,0,0,0,5,16,0,0,0,1,3,0,0,2,0,3,1,0,30,0,0,0,0,0,0,0,21,3,0,0,28,0,0,6,0,1,0,9,1,45,0,0,0,1,0,1,148.32539682539684,1803,0,0,0,32,0,0,0,0,0,0,202.5,0,0,0,0,0,0,0,75.08333333333334,0,0,2.6666666666666665,0.01,0,0,471.4285714285714,0,295,0,3,0,194.5,0,0,0,0,0,0,0,0,0,8.533333333333333,0,0,0,7.544332108053688,52,89,90789745,18.324056907679086,0
Dec-09,3,16,0,1,0,0,3,0,11,4,4,0,5,3,6,0,5,0,12,0,0,0,0,0,2,0,0,13,0,4,0,0,3,11,2,0,1,0,0,14,0,20,1,41,2,3,0,0,0,0,1,72,16,36,0,0,2,1,0,15,0,0,0,0,0,23,0,0,1,3,0,14,0,1,0,3,50,3,0,3,1,0,0,0,1,0,2,0,0,1,0,0,0,0,2,22,5,0,0,2,0,0,0,10,1,7,6,0,74,0,0,0,0,0,6,0,39,3,0,0,36,0,0,2,0,5,0,32,1,50,0,1,0,2,0,3,444.9761904761905,7212,0,0.01,0,0,91.5,0,386.1,189.6,212.88888888888889,0,337.5,36,64.5,0,265,0,75,0,0,0,0,0,0.02,0,0,1532.142857142857,0,236,0,0,303,1069.75,95.8,0,0.1428571428571428,0,0,20608,0,940,0.01,349.8666666666667,1435.5,672,0,7.237778191923443,60,77,81551094,18.216740314286337,0
Jan-10,9,6,0,0,0,0,0,0,0,1,0,0,3,1,0,0,0,0,4,0,0,0,0,2,3,0,0,2,0,0,2,0,0,4,2,0,0,1,1,0,0,1,0,1,5,0,0,0,3,0,0,251,45,105,0,2,2,3,0,53,0,0,0,0,0,72,0,0,2,20,0,25,0,1,0,3,202,8,1,0,0,0,1,0,22,0,2,0,0,3,0,0,0,0,15,51,5,0,1,4,0,1,1,17,1,26,2,0,101,0,0,0,0,2,0,0,100,8,0,0,82,0,0,17,1,13,0,37,1,153,0,3,0,7,0,7,2450,2704.5,0,0,0,0,31,0,0,4,0,0,202.5,170,67,0,0,0,25,0,8,0,0,1,0.03,0,0,104755,0,23,3,55,0,389,506,0,0,466.25,10.625,2208,0,12,0,1,3588.75,0,0,7.619233416226805,58,89,84236837,18.24914288947298,0
Feb-10,10,12,0,0,0,3,0,1,0,1,0,0,0,0,0,0,0,0,0,0,1,0,0,0,0,0,0,1,0,6,1,1,1,3,1,0,0,1,0,1,0,0,4,0,0,0,0,0,0,0,0,67,21,24,0,0,0,0,0,11,0,0,1,0,0,18,0,0,0,0,0,8,0,1,0,3,60,4,0,0,1,0,1,0,7,0,0,0,0,1,0,0,0,0,5,12,3,0,0,1,0,0,0,2,1,3,1,0,20,0,0,0,0,0,0,0,31,2,1,0,35,0,0,5,2,3,0,8,0,39,0,0,0,3,0,3,1483.2539682539684,5409,0,0,0,48,0,2.666666666666667,0,47.4,0,0,0,1,0,0,0,0,0,0,75.08333333333334,0,0,0,0,0,0,117.85714285714286,0,354,1.5,1,101,291.75,47.9,0,0,466.25,0,1472,0,0,0.04,0,0,0,0,7.380255788,47,94,85530968,18.264389078850908,0
Mar-10,6,2,0,0,0,0,0,0,0,1,0,0,7,0,0,0,4,0,0,0,0,0,0,1,0,0,0,2,0,0,0,1,1,10,0,0,0,1,0,0,0,0,0,0,1,0,0,0,3,0,0,96,18,44,0,1,2,1,0,7,0,0,0,0,0,29,0,0,0,3,0,4,2,1,0,1,71,2,0,1,0,0,0,0,5,0,0,0,0,2,0,0,0,0,7,23,4,0,0,2,1,0,0,6,2,8,1,0,57,0,0,0,0,0,0,0,47,5,0,0,46,0,0,5,0,5,0,12,0,110,0,0,0,2,0,1,889.952381,901.5,0,0,0,0,0,0,0,47.4,0,0,472.5,0,0,0,212,0,0,0,0,0,0,2.6666666666666665,0,0,0,15,0,14,0,1,101,972.5,0,20,0,466.25,0,0,0,0,0,0,717.75,0,0,7.250635512,24,91,90272982,18.31834878203687,0
Apr-10,9,3,0,4,0,0,0,0,0,1,0,0,0,0,2,0,0,0,2,0,0,0,0,0,0,0,0,2,0,0,0,0,1,0,2,0,0,1,0,0,0,0,1,1,1,0,0,0,2,1,0,93,13,66,0,2,0,0,0,14,0,0,0,0,0,28,0,0,0,9,0,15,1,0,0,7,74,7,0,0,1,0,0,0,5,0,0,0,0,1,0,0,0,0,5,21,5,0,0,8,0,0,1,6,0,13,10,0,60,0,0,0,0,0,0,0,30,1,0,0,32,0,0,4,0,2,1,10,3,55,0,0,0,0,0,1,1334.9285714285716,1352.25,0,0.04,0,0,0,0,0,47.4,0,0,0,0,21.5,0,0,0,12.5,0,0,0,0,0,0,0,0,235.7142857142857,0,0,0,0,101,0,95.8,0,0,466.25,0,0,0,0,0.01,8.533333333333333,717.75,0,0,7.575071699507561,56,64,84169059,18.248337953250857,0
May-10,0,2,0,0,0,0,0,2,0,4,0,1,3,0,0,0,0,0,0,0,3,0,0,1,1,0,0,1,0,2,0,1,10,6,2,0,0,0,0,2,0,0,0,1,0,0,0,0,2,0,0,83,15,41,0,3,0,0,0,12,0,0,0,0,0,20,0,0,1,3,0,11,0,0,0,3,55,4,0,1,1,0,0,0,1,0,0,0,0,0,0,0,0,0,2,15,5,1,0,2,0,1,0,3,1,8,6,0,44,0,0,0,0,1,0,0,35,1,0,0,36,0,0,4,0,4,1,14,1,41,0,0,0,1,0,0,0,901.5,0,0,0,0,0,5.333333333333334,0,189.6,0,1,202.5,0,0,0,0,0,0,0,225.25000000000003,0,0,2.6666666666666665,0.01,0,0,117.85714285714286,0,118,0,1,1010,583.5,95.8,0,0,0,0,2944,0,0,0,8.533333333333333,0,0,0,7.790282380703483,71,83,222455298,19.22023674,0
Jun-10,1,16,0,0,0,0,0,1,0,0,0,0,15,0,1,0,0,0,7,0,0,0,1,0,0,1,0,2,0,2,1,0,0,4,1,1,0,0,0,0,0,0,2,0,7,0,0,0,4,0,0,87,21,60,0,0,1,0,0,12,0,0,1,0,0,26,0,0,1,3,0,11,0,0,0,4,58,3,0,1,0,0,1,0,6,0,0,0,0,1,1,1,0,0,1,17,7,0,0,4,0,0,0,6,0,8,7,0,45,0,0,0,0,0,0,0,23,1,0,0,39,0,0,3,0,1,1,11,2,61,0,0,0,2,0,0,148.32539682539684,7212,0,0,0,0,0,2.666666666666667,0,0,0,0,1012.5,0,10.75,0,0,0,43.75,0,0,0,0.01,0,0,0.01,0,235.7142857142857,0,118,1.5,0,0,389,84,219,0,0,0,0,0,0,0.02,0,5024.25,0,0,7.681099001536359,26,96,168242807,18.94091877966166,0
Jul-10,3,1,0,0,0,0,0,1,0,1,0,0,0,0,0,0,0,0,0,0,7,0,0,0,0,0,0,12,0,1,1,0,0,1,2,0,0,0,0,0,0,0,1,1,2,0,0,0,6,0,0,77,15,50,0,1,1,1,0,18,0,0,2,0,0,36,0,0,0,8,0,19,0,1,0,7,75,3,0,0,0,0,1,0,4,0,0,0,0,2,0,0,0,0,3,21,3,0,0,8,0,0,0,13,0,9,4,0,41,0,0,0,0,0,0,0,33,6,0,0,35,0,0,1,1,5,1,8,0,45,0,0,0,0,0,1,444.9761904761905,450.75,0,0,0,0,0,2.666666666666667,0,47.4,0,0,0,0,0,0,0,0,0,0,525.5833333333334,0,0,0,0,0,0,1414.2857142857142,0,59,1.5,0,0,97.25,95.8,0,0,0,0,0,0,0,0.01,8.533333333333333,1435.5,0,0,7.717796211013582,15,103,186975457,19.046487925564342,0
Aug-10,11,24,0,0,0,0,0,0,0,0,0,0,2,3,0,0,1,0,0,0,2,0,0,0,0,0,0,5,0,5,1,0,0,12,0,1,0,0,0,1,0,0,1,0,2,0,1,0,4,0,0,76,13,35,0,0,1,0,0,43,0,0,1,0,0,20,0,0,0,3,0,6,0,1,0,6,113,1,1,0,0,0,0,0,4,0,0,0,0,0,0,0,0,0,7,16,9,0,0,4,0,1,0,3,0,8,8,0,36,0,0,0,0,0,1,0,47,2,0,0,46,0,0,5,0,3,1,11,3,89,0,2,0,2,0,0,1631.5793650793653,10818,0,0,0,0,0,0,0,0,0,0,135,132.5,0,0,53,0,0,0,150.16666666666669,0,0,0,0,0,0,589.2857142857143,0,295,1.5,0,0,1167,0,219,0,0,0,1472,0,0,0.01,0,1435.5,0,0.01,7.515344571180436,20,109,184442720,19.03284951795909,0
Sep-10,4,0,0,1,0,0,0,1,0,1,0,0,2,0,1,0,4,0,0,0,0,0,0,0,2,0,0,8,0,0,0,0,0,0,1,0,0,1,0,0,0,2,0,2,0,0,0,0,2,0,0,65,17,45,0,1,0,0,0,12,0,0,1,0,0,37,0,0,0,5,0,12,0,3,0,5,63,8,0,0,0,0,1,0,4,0,1,0,0,5,0,0,0,0,5,19,8,1,1,15,1,0,0,0,0,10,10,0,51,0,0,0,0,0,0,0,37,2,0,1,32,0,0,8,2,2,0,18,4,52,0,2,0,2,0,1,593.3015873015873,0,0,0.01,0,0,0,2.666666666666667,0,47.4,0,0,90,0,10.75,0,212,0,0,0,174,0,0,0,0.02,0,0,942.8571428571428,0,0,0,0,0,0,47.9,0,0,466.25,0,0,0,94,0,17.066666666666666,0,0,0,7.306531398939505,57,85,24626393,17.019329352557246,0
Oct-10,1,1,0,4,0,1,0,2,2,2,0,0,4,1,0,0,4,0,0,0,2,1,0,0,0,0,0,1,0,5,0,0,0,0,2,0,1,7,0,1,0,1,0,3,2,0,0,0,2,0,0,77,7,43,0,1,3,0,0,19,0,0,1,0,0,19,0,0,1,3,0,14,0,0,0,8,110,2,0,1,1,0,1,0,8,0,0,0,0,3,2,0,0,0,9,31,7,0,0,7,3,0,0,9,0,7,8,0,47,0,0,0,0,0,0,0,34,1,0,0,34,0,0,3,0,2,1,13,1,80,0,0,0,2,0,1,148.32539682539684,450.75,0,0.04,0,16,0,5.333333333333334,70.2,94.8,49,0,270,44.16666666666667,0,0,212,0,0,0,150.16666666666669,0.01,0,0,0,0,0,117.85714285714286,0,295,0,0,0,0,95.8,0,0.1428571428571428,3263.75,0,1472,0,47,0,25.6,1435.5,0,0,7.355001921105257,29,72,33026780,17.31282933576034,0
Nov-10,3,1,0,2,0,0,0,0,3,0,0,1,1,0,0,0,1,0,1,0,2,0,0,1,3,0,9,1,0,1,0,0,6,1,1,1,0,1,0,0,0,0,0,0,0,1,0,0,7,0,0,96,10,41,0,0,0,0,0,17,0,0,2,0,0,25,0,0,1,5,0,10,0,4,0,10,68,2,0,0,0,0,0,0,8,0,1,0,0,1,0,0,0,0,7,15,10,1,0,12,1,0,1,10,0,8,12,0,65,0,0,0,0,0,0,0,40,6,0,0,28,0,0,6,0,7,2,7,5,58,0,2,0,0,0,0,444.9761904761905,450.75,0,0.02,0,0,0,0,105.3,0,0,1,67.5,0,0,0,53,0,6.25,0,150.16666666666669,0,0,2.6666666666666665,0.03,0,150,117.85714285714286,0,59,0,0,606,97.25,47.9,219,0,466.25,0,0,0,0,0,0,0,224,0,7.237778191923443,58,69,29073836,17.18534925556898,0
Dec-10,18,15,0,2,0,0,2,1,0,19,0,0,9,9,0,0,0,1,2,0,3,0,0,0,3,0,0,3,0,0,7,0,0,8,0,3,0,0,6,2,0,8,2,19,32,1,0,0,2,0,0,73,10,46,0,0,7,0,0,12,0,0,0,0,0,33,0,0,0,6,0,17,1,5,0,7,64,4,3,1,0,0,0,0,5,0,1,0,0,2,0,0,0,0,6,37,14,0,0,13,1,0,0,5,4,12,7,0,96,0,0,0,0,0,2,0,50,4,0,0,39,0,0,9,1,10,1,29,4,62,1,1,0,1,0,1,2669.857142857143,6761.25,0,0.02,0,0,61,2.666666666666667,0,900.6,0,0,607.5,397.50000000000006,0,0,0,1,12.5,0,225.25000000000003,0,0,0,0.03,0,0,353.57142857142856,0,0,10.5,0,0,778,0,657,0,0,63.75,2944,0,376,0.02,162.13333333333333,22968,224,0,7.109062135687172,63,82,64706861,17.985377812579912,0
Jan-11,9,3,0,0,0,1,0,0,0,4,0,0,0,0,1,0,0,0,0,1,0,1,0,0,0,0,0,1,0,1,1,0,0,1,1,0,0,0,0,0,0,0,0,0,5,0,0,0,3,0,0,169,38,118,0,3,4,1,0,69,0,0,2,0,0,72,0,0,1,8,0,39,0,1,0,11,240,20,1,2,1,0,0,0,12,0,2,0,0,0,0,0,0,0,22,33,9,1,1,13,0,0,0,27,1,20,10,0,111,0,0,0,0,1,0,0,120,9,0,0,60,0,0,11,1,18,1,20,6,166,0,5,0,6,0,4,25,1352.25,0,0,0,16,0,0,0,189.6,0,0,0,30,10.75,0,0,0,0,2,1187,0.01,0,0,0,0,0,117.85714285714286,1,59,1.5,0,0,97.25,1362968,0,0,0,0,1472,0,0,0,0,3588.75,0,0,7.234177179749849,59,81,73401526,18.11145529718306,0
Feb-11,0,3,0,0,0,0,0,0,1,0,1,0,0,0,0,0,0,0,0,0,1,0,0,1,0,0,2,0,0,2,0,0,7,0,0,0,0,1,0,0,0,0,0,1,13,1,0,0,7,0,0,65,12,40,0,0,2,0,0,10,0,0,2,0,0,32,0,0,0,5,0,9,2,2,0,6,52,3,0,0,0,0,3,0,4,0,0,0,0,0,0,0,0,0,5,11,11,0,0,9,0,0,0,8,0,12,11,0,46,0,0,0,0,2,0,0,25,4,2,0,29,0,0,9,1,9,2,11,4,52,0,1,0,1,0,1,0,1352.25,0,0,0,0,0,0,35.1,0,53.22222222222222,0,0,0,0,0,0,0,0,0,75.08333333333334,0,0,2.6666666666666665,0,0,33.333333333333336,0,0,118,0,0,707,0,0,0,0,466.25,0,0,0,0,0,8.533333333333333,9330.75,224,0,7.559559496,40,74,61898110,17.94100022022633,0
Mar-11,14,1,0,0,0,0,1,0,1,1,0,0,1,1,3,0,0,0,1,0,0,0,0,1,0,1,0,2,0,3,0,0,0,0,2,0,0,0,0,23,0,0,0,2,0,0,0,0,2,0,0,162,26,63,0,1,0,0,0,15,1,0,0,0,0,34,0,0,0,5,0,27,0,4,0,7,73,6,0,1,0,0,1,0,5,0,0,0,0,0,0,0,0,0,12,40,15,0,0,10,0,2,0,8,0,10,11,0,62,0,0,0,0,1,0,0,38,6,0,0,56,0,0,6,0,5,1,16,2,76,0,0,0,0,0,1,2076.555555555556,450.75,0,0,0,0,30.5,0,35.1,47.4,0,0,67.5,44.16666666666667,32.25,0,0,0,6.25,0,0,0,0,2.6666666666666665,0,0.01,0,235.7142857142857,0,177,0,0,0,0,95.8,0,0,0,0,33856,0,0,0,17.066666666666666,0,0,0,7.804251383528112,24,64,62485573,17.950446272064518,0
Apr-11,1,7,0,0,0,1,8,0,0,0,0,0,0,0,5,0,0,0,1,0,4,0,0,0,0,0,0,24,0,0,1,0,0,4,4,0,0,0,0,16,0,0,0,0,0,0,0,0,2,0,0,86,11,55,0,1,0,0,0,20,0,0,0,0,0,31,0,0,0,5,1,12,1,3,0,5,102,3,0,0,0,0,1,0,5,0,0,0,0,0,0,0,0,0,4,18,10,0,0,7,0,0,1,3,0,6,9,0,60,0,0,0,0,0,0,0,42,0,0,1,29,0,0,3,2,3,0,14,2,57,0,1,0,2,0,0,148.32539682539684,3155.25,0,0,0,16,244,0,0,0,0,0,0,0,53.75,0,0,0,6.25,0,300.33333333333337,0,0,0,0,0,0,2828.5714285714284,0,0,1.5,0,0,389,191.6,0,0,0,0,23552,0,5,0,0,0,0,0,7.627544390488503,56,66,74809091,18.130449986360144,0
May-11,1,8,0,0,0,0,0,0,0,3,0,0,0,0,0,0,1,0,0,1,4,0,0,0,0,0,0,1,0,1,0,0,0,9,2,0,0,0,0,1,0,2,1,1,3,2,0,0,1,0,0,103,22,50,0,1,1,0,0,26,1,0,0,0,0,37,0,0,0,2,0,17,0,3,0,6,84,1,0,1,0,0,0,0,2,0,0,0,0,2,0,0,0,0,10,16,14,0,0,6,0,1,0,2,1,5,11,0,52,0,0,0,0,0,0,0,30,5,0,0,40,0,2,7,1,8,1,13,0,63,0,0,0,1,0,1,148.32539682539684,3606,0,0,0,0,0,0,0,142.2,0,0,0,0,0,0,53,0,0,2,300.33333333333337,0,0,0,0,0,0,117.85714285714286,0,59,0,0,0,875.25,95.8,0,0,0,0,1472,0,94,0.01,8.533333333333333,2153.25,448,0,7.577121930876679,48,71,53401550,17.793350348452446,0
Jun-11,1,7,0,1,0,0,0,3,0,2,0,0,2,0,0,0,2,0,0,0,0,0,0,0,0,0,0,2,0,2,0,1,0,4,0,2,0,0,0,2,0,0,4,1,1,0,0,0,4,0,0,101,17,57,0,1,1,0,0,12,0,0,0,0,0,27,0,0,0,5,0,20,1,3,0,8,100,2,0,2,1,0,1,0,11,0,0,0,0,2,0,0,2,0,4,19,19,1,0,7,0,0,0,6,0,12,10,0,50,0,0,0,0,0,0,0,32,1,0,0,30,0,0,3,1,3,0,20,1,122,0,0,0,1,0,1,148.32539682539684,3155.25,0,0.01,0,0,0,8,0,94.8,0,0,135,0,0,0,106,0,0,0,0,0,0,0,0,0,0,235.7142857142857,0,118,0,1,0,389,0,438,0,0,0,2944,0,0,0.04,8.533333333333333,717.75,0,0,7.768956044538332,47,63,85237220,18.26094876259848,0
Jul-11,7,3,0,0,0,0,0,0,0,0,0,0,12,0,0,0,0,0,0,0,0,0,0,8,0,0,0,0,0,0,0,1,0,2,2,0,0,0,1,3,0,8,1,0,1,0,0,0,4,0,0,78,16,53,0,0,0,0,0,10,0,0,0,0,0,24,1,0,2,4,0,12,0,2,0,3,87,1,0,2,1,0,1,0,8,0,0,0,0,0,0,0,0,0,7,19,13,0,0,8,0,0,0,6,0,6,12,0,50,0,0,0,0,0,0,0,38,11,0,0,37,0,0,4,2,4,1,8,0,55,0,0,0,1,0,1,1038.2777777777778,1352.25,0,0,0,0,0,0,0,0,0,0,810,0,0,0,0,0,0,0,0,0,0,21.33333333333333,0,0,0,0,0,0,0,1,0,3,95.8,0,0,0,10.625,4416,0,376,0.01,0,717.75,0,0,7.708410667257367,12,91,19509688,16.786421771928932,0
Aug-11,3,0,0,0,0,1,0,1,1,0,2,0,3,0,0,0,1,0,0,0,1,0,0,0,0,0,0,10,0,3,1,1,1,1,11,0,0,1,0,2,0,0,1,0,1,1,0,0,6,1,0,85,21,43,1,0,0,0,0,39,0,0,2,0,0,25,0,0,1,3,0,18,0,3,0,12,114,4,0,0,1,0,1,0,2,0,0,0,0,0,0,0,0,0,7,17,14,0,1,6,0,0,0,7,0,9,21,0,47,0,0,0,0,0,1,0,59,5,0,0,40,0,1,5,1,7,0,13,4,65,0,3,0,1,0,0,444.9761904761905,0,0,0,0,16,0,2.666666666666667,35.1,0,106.44444444444444,0,202.5,0,0,0,53,0,0,0,75.08333333333334,0,0,0,0,0,0,1178.571428571429,0,177,1.5,1,101,97.25,526.9,0,0,466.25,0,2944,0,0,0.01,0,717.75,224,0,7.877017895622398,35,86,46857783,17.662627700126322,0
Sep-11,0,3,1,1,0,0,0,0,0,4,0,0,2,0,0,0,0,0,0,0,2,1,0,1,0,0,0,15,0,1,0,1,2,2,3,0,0,0,0,1,0,1,0,2,0,0,0,0,4,0,0,115,22,49,2,0,1,0,0,20,0,0,0,0,0,34,0,0,0,6,0,11,0,7,0,9,112,3,1,0,1,0,1,0,8,0,0,0,0,1,0,0,0,0,11,19,12,1,0,10,0,0,0,9,1,8,15,0,67,0,0,1,0,0,0,0,54,4,1,0,42,0,1,4,0,1,0,12,0,73,0,0,0,0,0,2,0,1352.25,0.01,0.01,0,0,0,0,1086,189.6,0,0,135,0,0,0,0,0,0,0,150.16666666666669,0.01,0,2.6666666666666665,0,0,0,1767.857142857143,0,59,0,1,202,194.5,143.7,36,0,0,0,1472,0,47,0,17.066666666666666,0,0,0,7.661056382,36,85,75324331,18.13731377470368,0
Oct-11,16,3,0,1,0,0,0,3,0,10,0,1,7,7,0,0,0,0,4,0,0,0,0,0,0,0,0,1,0,5,1,0,1,21,5,0,0,1,1,1,0,2,0,2,0,0,0,0,4,0,0,87,23,59,1,0,0,0,0,34,0,0,1,0,0,35,0,0,0,4,0,25,0,2,0,11,72,1,0,0,0,0,0,0,3,0,1,0,0,0,0,0,0,0,11,28,11,0,0,9,0,0,0,7,0,7,9,0,60,0,0,0,0,0,1,0,47,7,0,0,42,0,0,7,2,12,3,16,3,74,0,0,1,3,0,1,2373.2063492063494,1352.25,0,0.01,0,0,0,8,0,474,0,1,472.5,309.1666666666667,0,0,0,0,25,0,0,0,0,0,0,0,0,117.85714285714286,0,295,1.5,0,101,2042.25,239.5,0,0,466.25,10.625,1472,0,94,0,17.066666666666666,0,0,0,7.728855823852543,32,75,45913493,17.64226961875319,0
Nov-11,1,10,0,1,0,0,0,2,7,2,0,0,4,5,0,0,0,0,0,1,2,1,0,1,2,0,0,4,0,0,0,0,0,1,7,0,0,0,0,1,0,0,1,1,12,0,0,0,2,0,0,82,26,41,0,0,1,0,0,11,0,0,0,0,1,29,0,0,0,2,0,11,1,2,0,9,94,0,0,0,0,0,1,0,8,0,0,0,0,1,0,0,0,0,12,15,10,0,0,8,2,0,0,6,0,9,13,0,67,0,0,0,0,2,0,0,53,5,2,0,36,0,1,2,2,3,2,11,2,53,0,1,0,2,0,0,148.32539682539684,4507.5,0,0.01,0,0,0,5.333333333333334,245.7,94.8,0,0,270,220.83333333333337,0,0,0,0,0,2,150.16666666666669,0.01,0,2.6666666666666665,0.02,0,0,471.4285714285714,0,0,0,0,0,97.25,335.3,0,0,0,0,1472,0,0,0.01,8.533333333333333,8613,0,0,7.506042178518122,59,54,33137463,17.31617504319633,0
Dec-11,20,16,0,0,0,0,1,0,8,13,1,1,4,9,0,0,0,1,9,0,2,0,2,2,11,0,0,40,0,4,0,1,5,5,8,0,0,2,0,9,0,17,0,21,24,0,0,0,4,0,0,101,15,43,0,1,2,0,0,26,0,0,0,0,0,31,0,0,1,4,0,20,2,3,0,4,92,1,2,0,0,0,2,0,6,0,0,0,0,0,0,0,0,0,3,47,17,1,0,5,2,2,0,16,2,13,14,0,73,0,0,0,0,0,9,0,51,3,0,0,40,0,1,13,1,6,1,25,5,63,0,1,1,2,0,3,2966.507936507937,7212,0,0,0,0,30.5,0,280.8,616.1999999999999,53.22222222222222,1,270,397.50000000000006,0,0,0,1,56.25,0,150.16666666666669,0,0.02,5.333333333333333,0.11,0,0,4714.285714285715,0,236,0,1,505,486.25,383.2,0,0,932.5,0,13248,0,799,0,179.2,17226,0,0,7.646353722445999,56,63,28271786,17.15737493955738,0
Jan-12,3,2,0,0,0,1,0,0,0,3,0,0,0,1,0,0,0,0,0,0,0,0,0,0,0,0,0,2,0,0,0,0,0,3,7,1,0,0,0,1,0,0,0,0,0,0,0,0,9,0,0,296,72,155,1,1,2,2,0,83,0,0,1,0,0,127,0,0,0,25,0,41,0,2,0,10,313,30,1,0,0,0,1,0,25,0,2,0,0,4,0,0,0,0,28,64,15,0,0,9,0,3,0,31,0,23,12,0,221,0,0,0,0,0,0,0,147,13,0,0,123,0,0,25,0,15,1,65,3,199,0,8,0,6,0,0,444.9761904761905,901.5,0,0,0,16,0,0,0,142.2,0,0,0,2409,0,0,0,0,0,0,1,0,0,0,0,0,0,1580,0,0,0,0,0,291.75,335.3,219,0,0,26,1472,0,0,0,709,0,0,0,9.364948090202622,81,73,26375579,17.087949140040045,0
Feb-12,6,5,0,1,0,2,0,0,0,4,1,0,6,5,0,0,0,0,8,7,0,0,0,2,0,0,0,1,0,1,0,0,0,1,3,0,0,0,0,0,0,1,0,4,1,1,0,0,10,0,0,69,19,60,1,0,2,0,0,4,0,0,1,0,0,32,0,0,2,2,0,12,0,7,0,14,94,0,0,0,0,0,1,0,12,0,1,0,0,1,0,0,0,0,6,31,33,1,0,14,0,0,0,6,0,11,19,0,79,0,0,0,0,0,0,0,27,6,0,0,28,0,1,6,1,3,2,13,7,66,0,1,0,1,0,0,889.952381,2253.75,0,0.01,0,32,0,0,0,189.6,53.22222222222222,0,405,17,0,0,0,0,50,14,0,0,0,5.333333333333333,0,0,0,117.85714285714286,0,59,0,0,0,97.25,143.7,0,0,0,0,0,0,47,0,34.13333333333333,717.75,224,0,8.026823576217629,25,83,11333841,16.243303675258083,0
Mar-12,2,5,1,0,0,0,1,0,0,4,0,0,1,0,0,0,0,0,0,0,1,0,0,1,0,0,0,2,0,5,0,0,1,4,5,0,0,0,0,2,0,4,0,1,0,1,0,0,14,0,0,106,17,68,1,0,0,1,0,25,0,0,1,0,0,45,0,0,2,6,1,16,0,6,0,16,120,2,0,1,0,0,3,0,26,0,0,0,0,1,0,0,0,0,6,22,29,1,0,14,0,0,0,15,0,14,20,0,121,0,0,0,0,0,1,0,55,6,0,0,34,0,1,5,3,8,1,13,13,82,0,1,0,1,0,1,296.6507936507937,2253.75,0.01,0,0,0,30.5,0,0,189.6,0,0,67.5,0,0,0,0,0,0,0,75.08333333333334,0,0,2.6666666666666665,0,0,0,235.7142857142857,0,295,0,0,101,389,239.5,0,0,0,0,2944,0,188,0,8.533333333333333,0,224,0,8.317521996,23,55,12543538,16.34471627025925,0
Apr-12,9,3,0,0,1,1,1,1,0,11,0,0,2,0,0,0,4,0,0,1,2,0,0,0,0,1,0,8,0,7,1,0,0,2,7,0,0,4,0,2,0,0,0,1,2,0,0,1,12,0,0,84,23,82,0,0,0,0,0,10,0,0,1,0,0,32,0,0,1,3,0,10,0,11,0,23,100,4,1,1,0,0,3,0,10,0,0,0,0,2,0,0,0,0,6,23,33,2,0,12,0,0,0,10,0,10,20,0,81,0,0,0,0,0,0,0,25,2,0,1,33,0,0,7,7,4,1,9,6,75,0,2,0,2,0,2,1334.9285714285716,1352.25,0,0,1,54,30.5,2.666666666666667,0,521.4,0,0,135,0,0,0,212,0,0,2,150.16666666666669,0,0,0,0,0.01,0,942.8571428571428,0,413,1.5,0,0,194.5,335.3,0,0,1865,0,2944,0,0,0,8.533333333333333,1435.5,0,0,8.373553741214627,68,67,40635976,17.520164365192823,0.01
May-12,7,3,0,0,0,1,0,0,0,4,0,0,2,0,0,0,0,0,0,0,0,0,0,2,6,0,2,10,0,0,0,0,5,0,6,0,0,1,0,3,0,0,0,0,0,0,0,0,11,1,0,103,21,37,0,0,1,0,0,17,0,0,4,0,0,38,0,0,0,4,0,16,0,12,0,18,104,3,0,0,0,0,2,0,2,0,0,0,0,3,0,0,0,0,7,20,42,0,0,15,0,0,1,2,0,5,30,0,113,3,0,0,0,0,0,0,50,12,0,0,39,0,2,7,0,8,1,5,9,77,1,0,0,2,0,0,1038.2777777777778,1352.25,0,0,0,16,0,0,0,1,0,0,135,0,0,0,0,0,0,0,0,0,0,5.333333333333333,0.06,0,9,1178.571428571429,0,0,0,0,505,0,287.4,0,0,466.25,0,4416,0,0,0,0,0,0,0,8.140607043,60,69,41830820,17.54914397028769,0
Jun-12,0,2,0,1,0,0,0,0,0,8,0,0,10,3,1,0,0,0,6,0,3,0,0,0,0,0,1,3,0,4,2,1,3,5,4,1,0,0,1,1,0,2,0,0,4,0,0,0,30,0,0,79,16,40,0,0,0,0,0,22,1,0,2,0,0,35,0,0,1,9,0,14,0,5,0,12,99,3,1,0,0,0,2,0,6,0,0,0,0,4,0,0,1,0,9,13,47,0,0,12,0,1,0,10,0,9,18,0,87,0,0,0,0,0,0,0,51,2,0,0,28,0,0,8,0,3,2,13,17,74,1,1,0,4,0,0,0,901.5,0,0.01,0,0,0,0,0,379.2,0,0,675,132.5,10.75,0,0,0,37.5,0,225.25000000000003,0,0,0,0,0,16.666666666666668,353.57142857142856,0,236,3,1,303,486.25,191.6,219,0,0,10.625,1472,0,94,0,0,2871,0,0,8.581856705,32,68,54016641,17.804802742234433,0
Jul-12,15,3,1,0,0,0,0,1,0,5,0,0,2,1,0,0,1,1,0,0,0,0,0,0,1,1,6,3,0,1,0,0,0,10,6,2,1,0,1,0,0,0,2,0,1,1,0,0,21,0,0,93,20,53,0,1,0,2,0,19,0,0,6,0,0,44,0,0,1,2,0,12,0,8,0,21,111,3,0,0,0,0,2,0,3,0,0,0,0,4,0,1,0,0,6,16,46,0,0,16,0,1,0,9,1,13,47,0,61,0,0,0,0,1,0,0,54,12,0,0,42,0,0,7,1,2,0,12,8,55,0,4,0,2,0,0,2224.8809523809527,1352.25,0.01,0,0,0,0,2.666666666666667,0,237,0,0,135,44.16666666666667,0,0,53,1,0,0,1,0,0,0,0.01,0.01,100,353.57142857142856,0,59,0,0,0,972.5,287.4,438,0.1428571428571428,0,10.625,0,0,0,0.02,0,717.75,224,0,8.816111895794005,12,72,64554496,17.983020339755164,0
Aug-12,5,5,0,16,0,0,0,0,0,4,0,0,6,0,0,0,1,0,15,0,4,0,0,1,0,0,0,4,0,1,0,0,0,4,7,1,0,2,1,0,0,2,4,2,1,0,0,0,23,0,0,63,13,43,1,0,0,0,0,56,0,0,3,0,0,31,0,0,0,4,0,11,0,3,0,20,111,0,0,0,0,0,1,1,11,0,0,0,0,0,0,0,0,0,9,14,34,2,0,15,0,0,1,6,0,9,34,0,97,0,0,0,0,0,0,0,52,3,0,0,28,0,1,1,0,4,2,22,12,63,0,2,0,2,0,2,741.6269841269842,2253.75,0,0.16,0,0,0,0,0,189.6,0,0,405,0,0,0,53,0,93.75,0,300.33333333333337,0,0,2.6666666666666665,0,0,0,471.4285714285714,0,59,0,0,0,389,335.3,219,0,932.5,10.625,0,0,94,0.04,17.066666666666666,717.75,0,0,9.095714846,48,87,60873886,17.92431485583233,0
Sep-12,2,6,0,0,0,0,1,0,1,7,0,0,1,0,0,0,0,0,0,0,5,0,0,0,0,0,0,4,0,2,2,1,0,4,2,0,0,0,0,0,0,1,0,1,0,0,0,0,44,0,0,87,21,33,0,0,1,0,0,12,0,0,3,0,0,38,0,0,1,10,0,26,0,7,0,16,94,7,0,0,0,0,5,0,8,0,0,0,0,2,0,0,0,0,11,22,49,1,0,9,0,0,0,7,1,7,34,0,89,0,0,0,0,0,0,0,36,12,0,0,33,0,3,4,2,6,1,12,10,58,0,0,0,1,0,2,296.6507936507937,2704.5,0,0,0,0,30.5,0,35.1,331.8,0,0,67.5,0,0,0,0,0,0,0,375.41666666666674,0,0,0,0,0,0,471.4285714285714,0,118,3,1,0,389,95.8,0,0,0,0,0,0,47,0,8.533333333333333,0,0,0,8.899321434159964,24,83,34341102,17.35185353289447,0
Oct-12,3,4,0,0,2,0,1,0,0,2,2,0,0,1,1,0,1,0,0,2,5,0,0,0,0,0,0,3,0,3,0,0,0,0,0,0,4,0,0,3,0,3,0,4,1,1,0,0,36,0,0,115,19,69,1,0,0,0,0,24,0,0,2,0,0,45,0,0,1,5,0,19,0,3,0,14,100,3,0,1,1,0,0,0,2,0,1,0,0,2,0,0,0,0,10,53,33,0,0,13,0,1,0,4,0,12,25,0,84,0,0,0,0,0,0,0,64,5,0,0,39,0,0,6,1,2,2,13,13,90,0,1,1,2,0,1,444.9761904761905,1803,0,0,2,0,30.5,0,0,94.8,106.44444444444444,0,0,44.16666666666667,10.75,0,53,0,0,4,375.41666666666674,0,0,0,0,0,0,353.57142857142856,0,177,0,0,0,0,0,0,0.5714285714285714,0,0,4416,0,141,0,34.13333333333333,717.75,224,0,8.839276691,60,64,31418290,17.262900797205507,0
Nov-12,1,8,0,1,0,1,0,0,0,2,0,0,3,0,0,0,0,0,1,0,2,1,0,0,1,0,0,6,0,2,2,0,0,1,1,0,0,0,0,5,0,0,1,1,1,0,0,0,36,0,0,86,16,56,0,2,2,0,0,18,0,0,2,0,0,24,0,0,0,4,0,8,0,3,0,16,84,4,0,0,0,0,2,0,11,0,0,0,0,1,0,1,0,0,9,22,36,1,1,9,0,0,0,11,1,10,25,0,106,0,0,0,0,0,0,0,68,14,0,0,43,0,0,2,2,5,0,10,12,101,0,3,0,2,0,2,148.32539682539684,3606,0,0.01,0,16,0,0,0,94.8,0,0,202.5,0,0,0,0,0,6.25,0,150.16666666666669,0.01,0,0,0.01,0,0,707.1428571428571,0,118,3,0,0,97.25,47.9,0,0,0,0,7360,0,0,0.01,8.533333333333333,717.75,0,0,8.753529336516431,38,47,18050794,16.708700286094572,0
Dec-12,63,24,0,1,0,0,0,0,3,17,2,0,16,13,0,0,3,0,4,1,5,0,0,0,0,1,3,45,0,2,0,0,2,5,5,0,0,1,0,12,0,29,4,26,35,2,0,0,17,0,0,72,27,78,1,1,4,0,0,14,0,0,1,0,0,26,0,0,0,6,0,21,1,4,0,7,102,4,5,1,0,0,1,0,7,0,0,0,0,1,0,1,0,0,4,57,19,0,0,7,3,0,0,12,0,12,15,0,88,0,0,0,0,0,9,0,47,12,0,0,43,0,2,7,0,4,0,27,3,77,1,4,0,3,0,1,9344.5,10818,0,0.01,0,0,0,0,105.3,805.8,106.44444444444444,0,1080,574.1666666666667,0,0,159,0,25,2,375.41666666666674,0,0,0,0,0.01,50,5303.571428571428,0,118,0,0,202,486.25,239.5,0,0,466.25,0,17664,0,1363,0.04,221.86666666666667,25121.25,448,0,8.725020038618554,56,66,21885353,16.901328203938956,0
Jan-13,7,2,0,0,0,1,0,0,0,3,0,0,3,0,0,0,1,1,0,0,0,0,0,0,1,0,0,3,1,2,0,0,0,4,0,0,0,0,1,9,0,1,2,1,0,3,0,0,22,0,0,275,51,161,0,1,4,1,0,110,0,0,0,0,0,171,0,0,1,13,0,37,0,4,0,11,349,34,5,1,0,0,0,0,14,0,0,0,0,1,1,0,0,0,33,53,18,1,0,5,0,0,0,21,2,40,16,0,233,0,0,0,0,0,1,0,198,28,0,0,121,0,0,24,1,22,1,109,7,235,0,6,0,4,0,3,171,901.5,0,0,0,16,0,0,0,1248,0,0,202.5,0,0,63,53,1,0,0,1,0,0,0,0.01,0,0,5,0.01,88,0,0,0,389,0,0,0,0,10.625,13248,0,47,0.02,8.533333333333333,0,672,0,9.973433303222794,65,78,24485078,17.013574469578533,0
Feb-13,0,5,0,1,0,0,0,0,0,5,0,0,5,0,2,0,0,0,7,0,0,0,0,2,0,1,0,1,0,3,1,0,0,1,1,0,0,0,0,3,0,0,4,1,0,1,0,0,14,0,0,83,14,46,1,0,0,0,0,35,0,0,1,0,0,33,0,0,0,9,0,13,0,2,0,6,109,6,1,0,0,0,0,0,7,0,0,0,0,3,0,1,0,0,7,23,15,0,0,6,0,0,0,9,2,10,10,0,78,0,0,0,0,0,0,0,35,7,0,0,29,0,0,6,0,6,2,13,7,93,0,1,0,0,0,1,0,2253.75,0,0.01,0,0,0,0,0,237,0,0,337.5,0,21.5,0,0,0,43.75,0,0,0,0,5.333333333333333,0,0.01,0,117.85714285714286,0,177,1.5,0,0,97.25,47.9,0,0,0,0,4416,0,0,0.04,8.533333333333333,0,224,0,8.940891067785461,35,61,23783881,16.98451868232923,0
Mar-13,6,0,0,3,0,1,0,0,0,0,0,0,2,0,0,0,1,0,0,0,0,0,0,0,2,1,0,0,0,0,2,0,0,17,0,0,0,3,0,3,0,0,0,1,0,0,0,0,18,0,0,91,18,55,1,0,0,1,0,12,0,0,1,0,0,52,0,0,0,6,0,14,0,8,0,6,109,6,0,1,0,0,1,0,2,0,1,0,0,1,1,0,0,0,8,17,18,2,0,7,0,0,0,10,1,10,18,1,63,1,0,0,0,1,0,0,46,3,0,0,39,0,0,12,0,8,1,21,3,77,0,0,0,3,0,1,889.952381,0,0,0.03,0,16,0,0,0,0,0,0,135,0,0,0,53,0,0,0,0,0,0,0,0.02,0.01,0,9,0,0,3,0,0,1653.25,0,0,0,1398.75,0,4416,0,0,0,8.533333333333333,0,0,0,8.870101048785726,44,62,23026030,16.95213591651902,0
Apr-13,6,8,1,0,0,0,0,0,0,2,0,0,1,1,0,0,0,0,29,0,2,0,0,0,0,0,0,4,0,0,2,0,2,0,5,0,0,0,0,7,0,0,0,2,1,0,0,0,21,0,0,77,18,59,0,1,0,0,0,27,0,0,1,0,0,40,0,0,0,14,0,22,0,7,0,15,104,7,0,1,0,0,3,0,3,0,1,0,0,3,1,0,0,0,10,20,23,0,0,5,0,0,0,4,0,8,22,0,101,0,0,0,0,1,1,0,54,7,0,0,45,0,0,4,2,5,7,4,10,68,1,3,0,1,0,2,889.952381,3606,0.01,0,0,0,0,0,0,94.8,0,0,67.5,44.16666666666667,0,0,0,0,181.25,0,150.16666666666669,0,0,0,0,0,0,471.4285714285714,0,0,3,0,202,0,239.5,0,0,0,0,10304,0,0,0,17.066666666666666,717.75,0,0,8.768263145371286,39,54,24229844,17.00309569574377,0
May-13,3,6,0,0,0,1,0,6,0,1,0,1,3,0,0,0,1,1,0,0,0,0,0,1,0,0,0,2,0,5,2,0,0,2,2,0,0,2,0,5,0,1,0,0,0,0,0,0,23,0,0,81,15,51,0,1,3,0,0,31,0,0,3,0,0,38,0,0,0,26,0,10,0,6,0,8,125,6,1,1,0,0,0,0,5,0,0,0,0,1,0,0,0,0,11,19,19,2,0,6,0,0,0,6,0,9,22,0,101,0,0,0,0,1,0,0,60,8,0,0,35,0,0,4,1,10,3,13,9,85,1,2,0,0,0,1,444.9761904761905,2704.5,0,0,0,16,0,16,0,47.4,0,1,202.5,0,0,0,53,1,0,0,0,0,0,2.6666666666666665,0,0,0,235.7142857142857,0,295,3,0,0,194.5,95.8,0,0,932.5,0,7360,0,47,0,0,0,0,0,8.880863609867356,73,63,25150955,17.040406465716018,0
Jun-13,1,0,0,0,1,0,4,0,2,1,0,0,1,0,0,0,9,1,0,0,0,2,0,0,0,0,0,3,0,0,0,1,0,2,1,0,0,4,0,10,0,0,2,1,0,1,0,0,24,0,0,94,23,53,0,0,2,0,0,23,0,0,0,0,0,41,0,0,1,6,0,18,0,2,0,5,122,4,0,0,0,0,0,0,4,0,2,0,0,1,0,0,0,0,8,14,16,0,0,6,0,0,0,8,2,4,11,0,81,0,0,0,0,0,0,0,44,14,0,0,42,0,1,3,0,5,0,22,8,60,1,0,0,5,0,2,148.32539682539684,0,0,0,1,0,122,0,70.2,47.4,0,0,67.5,0,0,0,477,1,0,0,0,0.02,0,0,0,0,0,353.57142857142856,0,0,0,1,0,194.5,47.9,0,0,1865,0,14720,0,0,0.02,8.533333333333333,0,224,0,8.581669210600602,29,56,18943307,16.756961287282465,0
Jul-13,6,3,0,0,2,0,0,0,0,3,0,0,7,1,0,0,0,1,12,0,0,0,0,1,0,0,0,2,0,9,2,0,1,8,0,0,0,0,2,3,0,0,0,0,0,0,0,0,19,0,1,99,21,53,0,1,0,0,0,55,0,0,4,0,0,34,0,0,2,2,0,14,0,6,0,8,172,5,2,0,0,0,0,0,6,0,1,0,0,1,0,0,0,0,6,19,10,0,0,4,0,0,0,7,0,10,8,0,74,0,0,0,0,0,0,0,47,16,0,0,31,0,0,7,0,10,0,15,11,80,0,5,0,1,0,1,889.952381,1352.25,0,0,2,0,0,0,0,142.2,0,0,472.5,44.16666666666667,0,0,0,1,75,0,0,0,0,2.6666666666666665,0,0,0,235.7142857142857,0,531,3,0,101,778,0,0,0,0,21.25,4416,0,0,0,0,0,0,0,8.730528802,11,71,23045071,16.952962508453844,0
Aug-13,5,28,0,1,1,1,0,1,0,3,0,0,0,0,0,0,0,1,3,0,0,1,0,0,0,0,0,4,0,0,2,1,1,2,2,1,0,0,0,10,0,1,0,1,0,0,0,0,32,0,0,75,21,56,1,2,0,0,0,18,1,0,2,0,1,43,0,0,1,5,0,15,0,3,0,8,115,6,0,0,0,0,6,0,8,0,0,0,0,1,0,0,0,0,9,23,15,0,0,6,0,0,0,4,0,12,13,0,83,0,0,0,0,0,0,0,47,13,0,0,35,0,0,4,1,5,3,12,5,92,0,1,0,1,0,3,741.6269841269842,12621,0,0.01,1,16,0,2.666666666666667,0,153,0,0,0,0,0,0,0,1,18.75,0,0,0.01,0,0,0,0,0,471.4285714285714,0,0,3,1,101,194.5,95.8,219,0,0,0,14720,0,47,0,8.533333333333333,0,0,0,8.888618807300878,50,67,25546268,17.05600183655369,0
Sep-13,9,21,0,1,0,0,0,0,0,8,0,0,8,0,0,0,0,0,16,0,3,0,0,2,0,0,0,14,0,8,2,0,0,2,5,1,0,0,0,1,0,0,0,2,1,1,0,0,44,0,0,116,25,71,0,0,1,2,0,22,1,0,6,0,0,48,0,0,0,9,0,12,0,6,0,6,121,3,0,0,1,0,2,1,6,0,0,0,0,2,0,0,0,0,4,18,25,3,2,5,1,1,0,11,0,11,29,0,79,0,0,0,0,0,0,0,48,11,0,0,37,0,1,6,0,5,3,11,7,83,0,1,0,1,0,2,1334.9285714285716,9465.75,0,0.01,0,0,0,0,0,379.2,0,0,540,0,0,0,0,0,100,0,225.25000000000003,0,0,5.333333333333333,0,0,0,1650,0,472,3,0,0,194.5,239.5,219,0,0,0,1472,0,0,0,17.066666666666666,717.75,224,0,8.759040728,28,72,17289816,16.66562827345077,0
Oct-13,6,12,0,4,1,0,2,0,0,0,0,0,3,1,0,0,0,0,1,0,0,1,0,0,0,0,0,1,0,0,0,0,0,2,3,0,0,0,1,1,0,1,0,2,2,6,0,0,36,0,0,114,22,68,0,1,1,0,0,32,0,0,0,0,0,94,0,0,1,11,0,15,1,7,0,11,114,6,0,1,0,0,1,0,4,0,0,0,0,2,0,0,0,0,16,32,25,0,0,4,0,1,0,13,0,8,15,0,82,0,0,0,0,0,0,0,54,17,0,0,33,0,0,10,1,5,4,15,12,81,0,1,0,3,0,2,889.952381,5409,0,0.04,1,0,61,0,0,0,0,0,202.5,44.16666666666667,0,0,0,0,6.25,0,0,0.01,0,0,0,0,0,117.85714285714286,0,325,0,0,0,194.5,143.7,0,0,0,10.625,1472,0,47,0,17.066666666666666,1435.5,1344,0,8.752423403865594,56,70,32244720,17.288864897884917,0
Nov-13,10,4,0,2,0,0,0,0,3,3,0,1,2,1,1,0,0,0,1,0,8,1,0,0,7,0,1,3,0,0,0,0,0,2,2,2,0,0,0,6,0,0,0,3,5,1,0,0,17,0,0,94,19,81,0,0,1,0,0,53,0,0,4,0,0,56,0,0,0,3,0,19,1,7,0,3,144,3,1,0,2,0,0,0,4,0,0,0,0,1,1,0,0,0,6,22,19,0,1,4,1,2,0,12,1,4,13,0,97,0,0,0,0,0,2,0,54,18,0,0,30,0,1,4,1,9,1,14,4,60,0,1,0,2,0,2,1483.2539682539684,1803,0,0.02,0,0,0,0,105.3,142.2,0,1,135,44.16666666666667,10.75,0,0,0,6.25,0,600.6666666666667,0.01,0,0,0.07,0,16.666666666666668,353.57142857142856,0,0,0,0,0,194.5,95.8,438,0,0,0,8832,0,0,0,25.6,3588.75,224,0,8.667163717992533,36,50,25030207,17.035593973401394,0
Dec-13,40,22,0,0,1,1,1,0,13,5,5,0,7,7,0,0,0,0,45,0,3,0,0,0,19,0,0,32,0,2,1,1,0,14,6,0,0,0,0,7,0,27,3,34,25,1,6,0,17,0,0,74,14,44,0,1,6,1,0,23,0,0,0,0,0,54,0,0,0,8,0,22,1,3,0,12,128,6,0,1,0,0,3,0,3,0,2,0,0,3,0,0,0,0,10,26,8,1,0,5,1,0,0,6,2,6,11,1,76,0,0,0,0,0,3,0,58,11,0,0,34,0,0,14,0,7,0,17,3,63,0,2,0,0,0,2,5933.015873015874,9916.5,0,0,1,16,30.5,0,456.3,237,266.1111111111111,0,472.5,309.1666666666667,0,0,0,0,281.25,0,284,0,0,0,0.19,0,0,3771.428571428572,0,118,1.5,1,0,1361.5,287.4,0,0,0,0,10304,0,1269,0.03,290.1333333333333,17943.75,224,0.06,8.797246236703527,50,65,9041731,16.017361306937133,0
Jan-14,3,14,0,0,0,0,0,1,0,2,1,0,1,5,0,0,1,0,1,0,0,0,0,0,0,0,0,1,0,0,0,1,0,3,1,0,0,5,0,5,0,0,0,0,1,0,0,1,23,0,0,289,40,148,0,1,3,0,0,81,0,0,2,0,0,170,1,0,2,28,1,38,1,6,0,10,366,40,1,0,2,0,1,0,13,0,0,0,0,6,0,0,0,0,32,55,12,1,0,11,0,2,1,19,9,28,8,0,272,2,0,0,0,2,0,0,195,25,0,0,104,0,2,23,2,31,5,68,9,222,1,6,0,7,0,4,444.9761904761905,6310.5,0,0,0,0,0,2.666666666666667,0,853,53.22222222222222,0,67.5,220.83333333333337,0,0,53,0,36,0,0,0,0,0,0,0,0,183409,0,0,0,1,0,291.75,47.9,0,0,2331.25,0,7360,0,0,0,0,717.75,0,0,10.08714155456386,73,78,39902758,17.501956027339162,0.01
Feb-14,2,9,0,3,0,1,0,2,0,3,0,0,9,3,2,0,0,0,0,0,1,1,0,5,0,1,4,12,1,0,3,0,2,8,1,0,0,0,3,7,0,1,1,1,2,1,0,1,31,0,0,84,15,68,2,1,1,1,0,24,0,0,1,0,0,45,0,0,1,4,0,19,0,1,0,7,104,5,0,6,2,0,1,0,1,0,0,0,0,1,0,0,0,0,7,25,20,1,0,6,0,0,0,10,1,6,10,0,108,1,0,0,0,0,1,0,46,10,1,0,38,0,0,12,1,1,2,11,9,65,0,1,0,3,0,1,296.6507936507937,4056.75,0,0.03,0,16,0,5.333333333333334,0,142.2,0,0,607.5,132.5,21.5,0,0,0,0,0,75.08333333333334,0.01,0,13.333333333333332,0,0.01,66.66666666666667,1414.2857142857142,0.01,0,4.5,0,202,778,47.9,0,0,0,31.875,10304,0,47,0.01,8.533333333333333,1435.5,224,0,8.754949455098293,27,62,37207091,17.432009946234185,0.01
Mar-14,2,15,0,0,0,0,0,5,0,2,0,0,2,0,0,0,1,0,0,0,0,0,0,5,0,0,0,2,0,0,0,0,0,2,0,1,0,0,1,6,0,1,0,2,1,0,0,1,12,0,0,101,21,67,1,0,0,0,0,14,0,0,2,0,0,47,0,0,0,5,1,15,0,3,0,8,112,2,0,0,0,0,4,0,5,0,0,0,0,0,0,0,0,0,10,22,4,0,0,3,0,1,0,8,1,9,4,0,100,0,0,0,0,1,0,0,56,14,0,0,46,0,0,8,0,3,4,11,7,85,0,1,0,5,0,0,296.6507936507937,6761.25,0,0,0,0,0,13.333333333333336,0,94.8,0,0,135,0,0,0,53,0,0,0,0,0,0,13.333333333333332,0,0,0,235.7142857142857,0,0,0,0,0,194.5,0,219,0,0,10.625,8832,0,47,0,17.066666666666666,717.75,0,0,8.906799883589944,22,53,39002447,17.479134971354785,0.01
Apr-14,1,8,0,1,2,1,1,0,0,1,0,0,3,1,0,0,4,0,4,0,0,1,0,0,0,0,0,5,0,6,1,0,16,2,0,0,0,0,0,5,0,0,0,3,2,0,0,0,10,0,0,100,16,65,0,0,4,0,0,30,0,0,1,0,0,49,0,0,0,4,0,14,0,3,0,8,138,2,0,0,1,0,0,0,3,0,0,0,0,2,0,0,1,0,9,23,5,1,0,4,0,1,1,5,2,10,8,0,85,1,0,0,0,0,0,0,58,11,1,0,44,0,0,9,1,7,4,17,5,78,0,2,0,4,0,0,148.32539682539684,3606,0,0.01,2,16,30.5,0,0,47.4,0,0,202.5,44.16666666666667,0,0,212,0,25,0,0,0.01,0,0,0,0,0,589.2857142857143,0,354,1.5,0,1616,194.5,0,0,0,0,0,7360,0,0,0,25.6,1435.5,0,0,8.955706153570603,60,61,39806519,17.49954127593326,0
May-14,23,9,0,0,0,0,0,0,0,1,1,0,4,0,0,0,0,0,0,0,1,0,0,2,0,1,4,4,0,0,0,3,1,1,0,0,0,0,0,2,0,1,0,5,0,0,1,0,5,0,0,91,23,67,0,2,1,1,0,27,0,0,1,0,0,47,0,0,1,7,0,25,0,2,0,2,128,4,0,0,0,0,1,0,9,0,1,0,0,3,0,0,0,0,20,20,8,0,0,5,0,0,0,11,0,9,7,0,113,0,0,0,0,0,0,0,58,18,0,0,47,0,0,6,1,5,1,22,6,59,0,2,0,4,0,3,3411.484126984127,4056.75,0,0,0,0,0,0,0,47.4,53.22222222222222,0,270,455,0,0,0,0,0,0,75.08333333333334,0,0,5.333333333333333,0,0.01,66.66666666666667,471.4285714285714,0,0,0,3,101,97.25,0,0,0,0,0,2944,0,47,0,42.66666666666666,0,0,0.01,8.937349848267392,59,68,49819888,17.723924839774952,0
Jun-14,3,6,0,1,0,1,0,0,0,1,1,0,3,0,0,0,0,0,0,0,1,0,0,0,0,1,0,11,0,0,0,0,2,1,0,0,0,0,1,7,0,0,0,0,0,0,0,0,7,0,0,114,11,60,2,0,2,0,0,29,1,0,1,0,0,48,0,0,1,4,0,25,0,3,0,5,161,5,0,0,0,0,2,0,4,0,0,0,0,0,0,0,0,0,9,22,2,0,0,2,0,1,0,18,0,4,3,0,92,0,0,0,0,1,4,0,43,18,0,0,55,0,2,5,0,4,1,16,5,116,0,1,0,3,0,1,444.9761904761905,2704.5,0,0.01,0,16,0,0,0,47.4,53.22222222222222,0,202.5,0,0,0,0,0,0,0,75.08333333333334,0,0,0,0,0.01,0,1296.4285714285716,0,0,0,0,202,97.25,0,0,0,0,10.625,10304,0,0,0,0,0,0,0,9.201299627324032,38,72,62065675,17.943703672679845,0
Jul-14,0,7,0,0,1,0,0,0,0,0,0,0,2,0,0,0,0,0,0,0,0,0,0,0,0,1,0,2,0,3,2,3,0,0,0,0,0,0,0,5,0,1,0,1,0,0,0,0,11,0,0,77,18,68,1,0,2,0,0,31,0,0,6,0,0,42,0,2,0,8,1,14,0,2,0,9,124,4,0,1,0,0,0,0,2,0,0,0,0,1,0,0,1,0,12,27,6,0,0,2,0,0,0,12,1,9,10,0,103,0,0,0,0,0,0,0,60,15,1,0,31,0,2,7,0,6,0,22,16,68,0,1,0,6,0,2,0,3155.25,0,0,1,0,0,0,0,0,0,0,135,0,0,0,0,0,0,0,0,0,0,0,0,0.01,0,235.7142857142857,0,177,3,3,0,0,0,0,0,0,0,7360,0,47,0,8.533333333333333,0,0,0,9.338293736286644,37,80,55348941,17.82916810221175,0
Aug-14,5,3,0,2,0,0,0,0,0,3,0,0,7,1,1,0,8,0,12,0,10,0,0,11,3,0,0,0,0,0,1,1,0,0,1,0,0,0,0,1,0,1,0,1,0,1,0,2,11,0,0,76,17,49,0,0,2,0,0,46,1,0,2,0,0,42,0,1,0,2,0,15,0,2,0,4,149,6,0,0,0,0,1,0,5,0,1,0,0,0,0,0,0,0,10,23,8,0,0,3,0,0,0,17,0,8,4,0,97,1,0,0,0,0,2,0,43,17,0,0,38,0,1,7,0,9,0,12,9,79,1,1,0,4,0,3,741.6269841269842,1352.25,0,0.02,0,0,0,0,0,142.2,0,0,472.5,44.16666666666667,10.75,0,424,0,75,0,750.8333333333335,0,0,29.33333333333333,0.03,0,0,0,0,0,1.5,1,0,0,47.9,0,0,0,0,1472,0,47,0,8.533333333333333,0,224,0,9.218903603,24,85,78036688,18.172689645858604,0.02
Sep-14,10,3,0,0,0,0,1,1,0,0,0,0,2,0,0,0,0,0,6,0,0,0,0,0,0,0,0,17,0,1,1,0,3,2,1,0,0,0,0,2,0,0,0,1,1,0,0,1,6,0,0,114,10,74,0,2,4,0,0,20,0,0,2,0,0,58,0,0,0,9,0,26,0,3,0,5,131,4,2,1,1,0,2,0,6,0,0,0,0,2,0,0,0,0,12,27,6,0,0,2,0,0,0,11,0,15,8,0,93,0,0,0,0,0,0,0,50,16,0,0,39,0,1,5,0,6,2,17,6,114,1,0,0,5,0,1,1483.2539682539684,1352.25,0,0,0,0,30.5,2.666666666666667,0,0,0,0,135,48,0,0,0,0,37.5,0,0,0,0,0,0,0,0,2003.571428571429,0,58,1.5,0,303,194.5,47.9,0,0,0,0,2944,0,0,0,8.533333333333333,717.75,0,0,9.104979856318357,23,83,78992669,18.18486562131639,0.01
Oct-14,4,9,0,0,0,1,0,0,0,1,2,1,7,0,0,0,10,1,8,0,2,0,0,15,5,0,0,2,0,4,2,0,0,2,0,0,0,0,0,8,0,18,2,0,1,1,0,0,7,0,0,111,29,72,0,1,3,0,0,36,0,0,0,0,0,44,0,0,0,13,0,27,1,1,0,2,164,3,0,0,1,0,2,0,9,0,0,0,0,1,0,0,0,0,11,37,6,2,0,0,0,0,0,4,2,13,8,0,127,0,0,0,0,0,0,0,48,20,0,0,44,0,0,6,1,4,1,15,9,82,1,5,0,2,0,2,593.3015873015873,4056.75,0,0,0,16,0,0,0,47.4,106.44444444444444,1,472.5,0,0,0,530,1,50,0,150.16666666666669,0,0,40,0.05,0,0,235.7142857142857,0,236,3,0,0,194.5,0,0,0,0,0,11776,0,846,0.02,0,717.75,224,0,9.061956366209923,65,68,71773900,18.089031472116105,0
Nov-14,3,4,0,2,0,1,0,5,0,3,1,0,1,6,0,0,0,0,8,0,1,0,0,1,0,0,0,18,0,2,1,1,0,2,1,5,0,0,0,13,0,1,0,0,9,0,2,0,12,0,0,75,19,58,0,2,2,0,0,34,0,2,0,0,0,44,0,0,1,5,0,18,0,1,0,7,121,2,0,0,0,0,4,0,5,0,0,0,0,2,0,0,1,0,19,26,6,0,0,4,2,0,0,8,2,7,2,0,89,1,0,0,0,0,0,0,59,22,0,0,37,0,1,8,2,8,1,20,7,57,2,0,0,2,0,2,444.9761904761905,1803,0,0.02,0,16,0,13.333333333333336,0,142.2,53.22222222222222,0,67.5,265,0,0,0,0,50,0,75.08333333333334,0,0,2.6666666666666665,0,0,0,2121.428571428572,0,118,1.5,1,0,194.5,47.9,1095,0,0,0,19136,0,47,0,0,6459.75,0,0.02,8.831127635012084,32,58,39860250,17.500890169768734,0
Dec-14,30,22,0,0,4,2,1,4,9,12,5,0,11,26,4,0,1,3,22,0,10,0,0,0,12,2,0,27,0,6,1,9,0,14,10,0,0,6,0,5,0,35,0,28,13,1,3,0,5,0,0,101,32,59,0,0,7,0,0,31,0,1,1,0,0,49,0,0,1,6,0,60,1,3,0,6,158,4,0,2,2,0,0,0,5,0,1,0,0,6,0,0,0,0,18,44,8,0,0,3,1,0,0,19,2,7,5,0,81,0,0,0,0,1,18,0,65,16,0,0,26,0,0,5,1,8,2,78,4,72,0,1,0,4,0,3,4449.7619047619055,9916.5,0,0,4,32,30.5,10.666666666666668,315.90000000000003,568.8,266.1111111111111,0,742.5,1148.3333333333337,43,0,53,3,137.5,0,750.8333333333335,0,0,0,0.12,0.02,0,3182.1428571428573,0,354,1.5,9,3,1361.5,118,0,0,2797.5,0,7360,0,1645,0,238.9333333333333,9330.75,224,0.03,8.89439599,52,65,45699594,17.637599993680745,0
Jan-15,4,5,0,0,0,0,1,0,0,3,0,0,0,0,1,0,0,2,1,0,0,0,0,1,0,0,1,1,0,6,6,1,0,0,2,1,0,0,1,1,0,7,0,1,0,0,1,0,9,0,0,245,49,154,1,1,4,1,0,113,0,0,0,0,0,147,1,0,1,22,0,46,1,1,0,6,489,29,3,0,1,0,1,0,27,0,0,0,0,6,0,0,0,0,27,51,7,0,0,4,0,2,0,21,5,32,9,0,300,0,0,0,0,1,2,0,199,34,0,1,110,0,2,21,2,25,2,80,5,266,2,4,0,10,0,5,593.3015873015873,2253.75,1,0,0,0,30.5,0,173,390,0,0,0,0,10.75,358,0,2,6.25,0,72,0,0,26,0,0,61,1057,0,20,9,1,0,0,95.8,219,0,0,10.625,444,0,329,0,8.533333333333333,0,0,0.01,10.013193612624184,67,75,376054457,19.74524452597296,0
Feb-15,4,3,0,0,4,0,0,0,0,0,1,0,3,0,0,0,0,0,0,0,1,0,0,0,0,0,3,26,0,0,1,1,2,4,3,0,0,0,0,2,0,0,0,1,0,0,1,0,10,0,0,89,19,51,0,0,0,0,0,24,0,0,1,0,0,61,0,0,0,23,1,12,0,1,0,7,116,4,1,0,1,0,0,0,11,0,0,0,0,3,0,0,0,0,24,19,9,0,1,2,0,0,0,8,0,9,8,0,115,11,0,0,0,0,0,0,51,14,0,0,39,0,0,9,1,6,2,16,9,68,0,4,0,3,0,2,593.3015873015873,1352.25,0,0,4,0,0,0,0,0,53.22222222222222,0,202.5,0,0,0,0,0,0,0,75.08333333333334,0,0,0,0,0,50,3064.285714285714,0,0,1.5,1,202,389,143.7,0,0,0,0,2944,0,0,0,8.533333333333333,0,0,0.01,9.054271186326291,32,73,373017007,19.737134574423767,0
Mar-15,1,10,0,1,0,0,0,0,0,1,0,0,6,0,0,1,0,0,3,0,2,0,0,6,0,0,0,2,0,1,0,0,0,1,0,2,0,0,2,2,1,1,1,2,0,0,0,0,3,0,0,139,31,93,1,1,1,0,0,18,0,0,0,1,0,63,0,0,1,12,0,40,0,2,0,7,135,7,1,1,2,0,4,0,6,0,0,0,0,2,1,0,2,0,12,29,5,0,0,4,0,0,0,13,1,14,8,1,103,0,0,0,0,1,0,0,59,10,0,0,47,0,0,10,0,5,0,14,7,71,0,2,0,0,0,1,148.32539682539684,4507.5,0,0.01,0,0,0,0,0,47.4,0,0,405,0,0,0.01,0,0,18.75,0,150.16666666666669,0,0,16,0,0,0,235.7142857142857,0,59,0,0,0,97.25,0,438,0,0,21.25,2944,25.5,47,0.01,17.066666666666666,0,0,0,8.896861744480391,24,82,372552532,19.73588861402827,0
Apr-15,11,7,0,0,0,0,0,1,0,1,1,0,3,0,0,0,0,1,0,0,0,0,9,0,0,2,0,4,0,0,0,2,0,1,1,0,0,0,0,3,0,0,0,1,1,4,0,0,7,0,0,113,15,94,0,0,1,0,0,39,1,0,0,0,0,50,0,0,0,21,0,16,1,1,1,5,215,11,1,1,0,0,0,0,9,1,0,0,0,2,0,0,0,0,20,26,6,0,0,0,0,1,0,4,2,10,4,1,98,0,0,0,0,0,3,0,43,13,0,0,54,0,0,10,1,8,1,14,12,77,3,1,0,3,0,5,1631.5793650793653,3155.25,0,0,0,0,0,2.666666666666667,0,47.4,53.22222222222222,0,202.5,0,0,0,0,1,0,0,0,0,0.09,0,0,0.02,0,471.4285714285714,0,0,0,2,0,97.25,47.9,0,0,0,0,4416,0,0,0,8.533333333333333,717.75,896,0,8.938006576471201,64,81,381674326,19.760078255825448,0
May-15,2,2,0,0,1,0,0,0,0,7,0,0,3,8,0,0,0,0,0,1,0,0,0,0,0,1,1,10,0,0,0,2,0,0,1,0,0,0,0,17,0,1,0,1,2,2,0,0,10,0,0,94,18,67,0,1,1,1,0,27,0,0,0,0,0,57,0,0,0,11,0,42,0,3,4,6,152,2,1,0,1,0,2,0,3,0,0,0,0,1,0,0,0,0,13,24,3,0,0,0,0,0,0,6,1,11,5,2,122,0,0,0,0,0,2,0,48,19,0,0,48,0,0,4,5,7,0,15,7,86,2,1,0,2,0,2,296.6507936507937,901.5,0,0,1,0,0,0,0,331.8,0,0,202.5,353.33333333333337,0,0,0,0,0,2,0,0,0,0,0,0.01,16.666666666666668,1178.571428571429,0,0,0,2,0,0,47.9,0,0,0,0,25024,0,47,0,8.533333333333333,1435.5,448,0,9.153346650456063,73,80,377719940,19.74966358215877,0
Jun-15,20,10,0,0,0,2,0,1,0,1,2,1,0,1,1,0,0,0,0,0,1,0,0,0,0,0,2,2,0,3,0,0,0,1,0,0,1,0,0,3,0,1,0,0,2,0,0,0,11,0,0,99,13,67,0,1,1,2,0,28,0,1,1,0,0,65,0,0,1,14,0,14,0,3,1,6,136,4,1,0,0,0,0,0,4,0,0,0,0,3,0,0,0,0,13,25,5,1,0,2,0,1,0,18,1,8,8,0,123,0,0,0,0,0,0,0,54,18,0,0,47,0,0,8,0,2,3,17,6,80,1,1,0,4,0,2,2966.507936507937,4507.5,0,0,0,32,0,2.666666666666667,0,47.4,106.44444444444444,1,0,44.16666666666667,10.75,0,0,0,0,0,75.08333333333334,0,0,0,0,0,33.333333333333336,235.7142857142857,0,177,0,0,0,97.25,0,0,0.1428571428571428,0,0,4416,0,47,0,0,1435.5,0,0,8.914357274485015,27,77,395960487,19.796824986462845,0
Jul-15,0,13,0,1,0,5,0,0,0,2,0,0,5,0,0,0,1,0,1,1,0,0,0,0,0,0,0,1,0,1,1,0,1,7,0,1,0,0,1,2,1,2,0,1,0,0,0,0,4,0,0,107,29,64,0,0,3,0,0,25,1,0,1,0,0,57,0,0,1,9,0,29,0,2,2,3,223,5,0,0,0,0,0,0,4,0,0,0,0,2,0,0,0,0,11,26,10,0,0,3,0,0,0,10,0,9,8,2,95,0,0,0,0,1,1,0,58,28,0,0,46,0,0,4,1,5,1,13,9,76,3,2,0,3,0,1,0,5859.75,0,0.01,0,80,0,0,0,962,0,0,337.5,0,0,0,53,0,6.25,2,0,0,0,0,0,0,0,117.85714285714286,0,59,1.5,0,101,680.75,0,219,0,0,10.625,2944,25.5,94,0,8.533333333333333,0,0,0,8.920923462230686,40,99,414777072,19.843251760371626,0
Aug-15,4,1,0,1,0,3,0,0,0,1,1,1,2,2,1,0,0,0,0,1,0,1,0,2,1,1,0,3,0,12,1,0,0,7,2,0,0,0,1,4,0,1,0,7,4,1,0,0,5,0,0,70,12,57,0,0,1,0,0,59,0,1,0,0,0,50,0,0,0,9,1,23,1,0,1,2,215,6,0,0,0,0,0,0,16,0,0,0,0,2,0,0,0,0,15,19,6,0,0,0,0,2,0,16,1,5,5,0,113,0,0,0,0,0,0,0,41,10,0,0,40,0,0,8,0,6,3,18,2,76,0,3,0,3,0,3,593.3015873015873,450.75,0,0.01,0,48,0,0,0,47.4,53.22222222222222,1,135,88.33333333333334,10.75,0,0,0,0,2,0,0.01,0,5.333333333333333,0.01,0.01,0,353.57142857142856,0,708,1.5,0,0,680.75,95.8,0,0,0,10.625,5888,0,47,0,59.73333333333333,2871,224,0,8.933268478636418,23,101,401360288,19.81037005819184,0
Sep-15,7,7,2,0,0,0,0,4,0,6,0,0,12,1,0,0,0,0,68,0,1,0,0,0,0,0,0,12,0,0,0,0,1,3,1,0,0,0,0,5,0,1,1,0,0,1,0,0,11,0,0,121,20,66,0,2,2,0,0,32,0,1,1,1,0,72,0,0,0,11,2,24,2,4,1,11,188,5,1,0,0,0,1,0,9,0,0,0,0,3,0,0,0,0,11,19,5,1,0,2,0,3,0,15,2,12,10,0,122,0,0,1,0,0,0,0,57,20,0,0,37,0,1,6,0,7,5,21,5,100,0,1,1,3,0,1,1038.2777777777778,3155.25,0.02,0,0,0,0,10.666666666666668,0,284.4,0,0,810,44.16666666666667,0,0,0,0,425,0,75.08333333333334,0,0,0,0,0,0,1414.2857142857142,0,0,0,0,101,291.75,47.9,0,0,0,0,7360,0,47,0.01,0,0,224,0,8.943114308091785,60,87,391369833,19.78516354,0
Oct-15,7,8,0,0,0,2,0,0,5,0,0,0,1,1,0,0,0,0,16,0,4,0,0,1,1,0,0,18,0,1,2,3,7,2,0,0,1,1,0,5,0,6,0,0,18,0,0,0,7,0,0,96,22,73,0,0,0,0,0,50,0,0,1,0,0,67,0,0,0,11,0,33,0,2,0,5,180,4,0,1,1,0,2,0,9,0,0,0,0,1,0,0,0,0,14,15,5,0,0,5,0,0,1,16,3,8,11,0,130,0,0,0,0,0,1,0,57,17,0,1,39,0,1,3,0,7,6,20,4,87,0,5,0,2,0,2,1038.2777777777778,3606,0,0,0,32,0,0,175.5,0,0,0,67.5,44.16666666666667,0,0,0,0,100,0,300.33333333333337,0,0,2.6666666666666665,0.01,0,0,2121.428571428572,0,59,3,3,707,194.5,0,0,0.1428571428571428,466.25,0,7360,0,282,0,0,12919.5,0,0,8.876544550558378,42,74,401496055,19.810708268139702,0
Nov-15,2,4,0,0,3,2,1,1,8,7,1,0,3,1,0,0,2,0,6,0,10,0,1,0,0,1,1,6,0,3,1,0,1,3,0,1,0,0,0,4,0,0,2,10,6,1,0,1,9,0,0,98,16,69,0,1,2,2,0,33,0,0,0,0,0,62,0,0,0,3,0,19,0,1,1,3,148,7,0,0,0,0,4,0,5,0,2,0,0,3,0,0,1,0,18,21,5,0,0,1,0,0,0,5,0,11,6,0,132,1,0,0,0,1,0,0,63,20,0,0,34,0,0,8,0,11,2,19,10,87,2,0,0,0,0,0,296.6507936507937,1803,0,0,3,32,30.5,2.666666666666667,280.8,331.8,53.22222222222222,0,202.5,44.16666666666667,0,0,106,0,37.5,0,750.8333333333335,0,0.01,0,0,0.01,16.666666666666668,707.1428571428571,0,177,1.5,0,101,291.75,0,219,0,0,0,5888,0,0,0.02,85.33333333333333,4306.5,224,0,8.648046,22,69,398303107,19.80272385128488,0.01
Dec-15,32,28,0,1,0,4,0,0,5,12,5,0,2,20,0,0,1,0,14,0,7,1,0,0,20,1,3,27,0,0,2,0,0,26,2,0,0,0,0,22,0,28,1,13,2,1,2,1,6,0,0,117,27,61,0,0,32,0,0,32,1,0,0,0,0,73,1,0,0,6,0,24,0,2,0,4,171,5,2,4,1,0,1,0,6,0,0,0,0,1,0,0,0,0,11,33,3,0,0,1,2,0,0,25,0,13,3,0,146,1,0,0,0,1,12,0,73,30,0,0,45,0,0,5,0,11,3,50,9,74,3,1,1,1,0,4,4746.412698412699,12621,0,0.01,0,64,0,0,175.5,568.8,266.1111111111111,0,135,883.3333333333335,0,0,53,0,87.5,0,525.5833333333334,0.01,0,0,0.2,0.01,50,3182.1428571428573,0,0,3,0,0,2528.5,95.8,0,0,0,0,56330,0,1316,0.01,110.93333333333334,1435.5,224,0.02,8.777092882855566,58,74,399569219,19.80589757474491,0.01
Jan-16,2,16,0,0,1,1,0,0,0,3,0,0,1,0,1,0,0,0,0,0,1,0,0,11,0,0,0,1,0,0,0,2,0,12,11,0,0,1,2,1,0,0,0,2,0,1,0,0,5,0,0,268,43,167,0,0,4,1,0,97,0,0,0,0,1,142,0,0,0,20,0,50,1,1,1,6,459,40,4,1,2,0,0,0,17,0,1,0,0,7,0,1,0,0,33,64,3,0,0,4,0,2,1,33,5,29,3,0,376,0,0,0,0,0,2,0,320,34,0,1,111,0,1,19,1,28,4,48,6,212,1,12,1,5,0,5,296.6507936507937,7212,0,200,1,16,0,4,21,76,0,12,67.5,0,10.75,0,0,0,27,0,75.08333333333334,0,117,29.33333333333333,88,0,0,9573,0,0,0,2,0,1167,526.9,0,0,13894,21.25,1472,0,0,0,17.066666666666666,0,224,0,9.968338524855744,55,85,489200895,20.00828379333735,0
Feb-16,3,3,0,1,0,1,0,2,0,1,0,0,1,0,0,0,0,1,0,0,0,1,0,0,0,1,0,8,0,0,0,1,0,3,0,0,0,0,1,1,0,2,0,2,3,4,1,0,7,0,0,97,17,83,0,0,1,0,0,22,0,0,1,0,0,51,0,0,0,6,0,11,0,2,1,6,128,6,2,0,0,0,2,1,4,0,0,0,0,2,0,0,0,0,16,18,11,0,1,2,0,0,1,9,2,7,5,0,150,2,0,0,0,0,0,0,44,25,0,0,46,0,0,6,0,7,3,20,2,84,0,0,0,6,0,3,444.9761904761905,1352.25,0,0.01,0,16,0,5.333333333333334,0,47.4,0,0,67.5,0,0,0,0,1,0,0,0,0.01,0,0,0,0.01,0,942.8571428571428,0,0,0,1,0,291.75,0,0,0,0,10.625,1472,0,94,0,17.066666666666666,2153.25,896,0.01,8.920522687,34,68,409858641,19.83132288260409,0
Mar-16,3,4,0,0,2,0,0,0,0,0,0,0,3,6,0,0,0,0,0,0,2,0,15,0,0,0,0,3,0,5,0,0,2,2,0,0,1,0,0,1,0,12,0,4,3,0,0,0,5,0,0,145,37,109,0,1,0,1,0,24,0,1,0,0,0,88,0,0,1,11,1,35,0,2,0,5,181,9,3,0,1,0,1,0,8,0,0,0,0,3,0,0,0,0,26,49,9,1,0,2,0,3,0,14,1,13,1,0,157,1,0,0,0,0,1,0,81,28,0,0,55,0,0,16,0,5,6,13,7,118,0,1,1,5,0,1,444.9761904761905,1803,0,0,2,0,0,0,0,0,0,0,202.5,265,0,0,0,0,0,0,150.16666666666669,0,0.15,0,0,0,0,353.57142857142856,0,295,0,0,202,194.5,0,0,0.1428571428571428,0,0,1472,0,564,0,34.13333333333333,2153.25,0,0,8.662504922576291,56,71,409263300,19.829869274603684,0
Apr-16,2,17,0,0,0,3,0,2,0,0,3,0,1,1,1,0,0,0,13,1,0,0,0,0,0,1,0,0,0,2,2,0,6,9,1,0,10,0,0,2,1,3,0,0,3,1,0,0,3,0,0,115,19,71,0,1,0,0,0,15,0,0,1,0,0,54,0,0,2,11,0,40,2,1,3,9,166,6,2,1,1,0,1,0,9,0,0,0,0,3,0,0,0,0,21,27,4,0,0,0,0,0,0,14,0,14,3,0,148,2,0,0,0,0,3,0,74,24,1,0,50,0,1,4,1,4,3,11,5,88,0,1,1,1,0,1,296.6507936507937,7662.75,0,0,0,48,0,5.333333333333334,0,0,159.66666666666666,0,67.5,4,10.75,0,0,0,81.25,2,0,0,0,0,0,0.01,0,0,0,118,3,0,606,875.25,47.9,0,1.4285714285714284,0,0,2944,25.5,141,0,0,2153.25,224,0,8.660947155060933,26,89,409676232,19.830877730094844,0
May-16,6,3,0,4,0,3,0,0,0,1,0,0,6,0,0,0,2,0,12,0,2,1,0,0,0,0,0,2,0,0,1,1,4,0,1,0,0,0,0,1,0,5,0,5,3,2,0,0,3,0,0,115,23,59,0,0,0,1,0,39,0,2,0,0,0,59,0,0,0,11,0,20,0,2,0,4,169,4,2,0,0,0,2,0,8,0,0,0,0,1,0,0,0,0,18,30,4,0,0,2,0,0,0,8,1,10,2,0,139,0,0,0,0,0,0,0,55,26,0,0,55,0,0,7,1,3,2,16,2,90,1,1,0,0,0,3,889.952381,1352.25,0,0.04,0,48,0,0,0,47.4,0,0,405,0,0,0,106,0,75,0,150.16666666666669,0.01,0,0,0,0,0,235.7142857142857,0,0,1.5,1,404,0,47.9,0,0,0,0,1472,0,235,0,42.66666666666666,2153.25,448,0,8.719317375506371,72,80,412166076,19.83693692560558,0
Jun-16,6,4,0,1,1,1,0,0,0,2,2,0,1,0,0,0,1,0,0,0,4,0,0,0,5,0,0,5,0,2,1,0,0,3,0,1,0,1,2,5,0,1,0,1,3,1,0,0,5,0,0,106,18,57,0,0,0,0,0,32,0,0,1,2,0,66,0,0,1,6,0,22,0,5,2,6,164,9,3,2,1,0,2,0,16,0,0,0,0,5,0,0,0,0,18,13,2,0,1,1,0,1,0,8,1,11,4,0,151,0,0,0,0,0,1,0,53,22,1,0,41,0,0,9,1,6,7,17,1,75,1,2,1,4,0,1,889.952381,1803,0,0.01,1,16,0,0,0,94.8,106.44444444444444,0,67.5,0,0,0,53,0,0,0,300.33333333333337,0,0,0,0.05,0,0,589.2857142857143,0,118,1.5,0,0,291.75,0,219,0,466.25,21.25,7360,0,47,0,8.533333333333333,2153.25,224,0,8.811354229965728,29,80,482203473,19.99387672816486,0
Jul-16,5,1,0,0,0,2,0,0,0,0,0,0,8,0,0,0,1,2,8,1,0,0,0,3,1,0,0,2,0,1,1,1,0,6,0,0,0,0,1,4,0,1,1,1,1,0,0,0,4,0,0,78,28,65,0,0,0,1,0,32,0,2,1,1,0,61,0,0,0,9,1,24,0,1,0,8,173,8,0,0,0,0,0,0,6,0,0,0,0,1,0,0,0,0,13,18,5,0,1,4,0,1,0,15,1,12,2,0,155,0,0,0,0,0,1,0,48,25,0,0,45,0,0,8,0,5,3,24,3,78,0,3,0,2,0,0,741.6269841269842,450.75,0,0,0,32,0,0,0,0,0,0,540,0,0,0,53,2,50,2,0,0,0,8,0.01,0,0,235.7142857142857,0,24,1.5,1,0,583.5,0,0,0,0,10.625,5888,0,47,0.01,8.533333333333333,717.75,0,0,8.767173396684006,39,77,487730724,20.00527401849084,0
Aug-16,2,2,0,9,0,1,0,0,0,2,0,0,2,1,0,0,0,0,8,0,2,0,0,5,0,1,0,11,0,2,1,0,3,14,1,0,0,1,0,2,0,0,0,4,5,0,0,0,6,0,0,96,14,66,0,1,11,0,0,48,0,0,2,0,0,49,0,0,0,8,0,26,0,1,0,6,215,7,5,0,2,0,1,0,10,0,0,0,0,3,0,0,0,0,21,15,9,1,0,0,0,1,0,14,0,6,8,0,127,2,0,0,2,0,0,0,53,27,0,0,32,0,0,10,0,7,3,15,5,126,2,3,0,0,0,2,296.6507936507937,901.5,0,0.09,0,16,0,0,0,94.8,0,0,135,44.16666666666667,0,0,0,0,50,0,150.16666666666669,0,0,13.333333333333332,0,0.01,0,1296.4285714285716,0,118,1.5,0,303,1361.5,47.9,0,0,466.25,0,2944,0,0,0,34.13333333333333,3588.75,0,0,8.775240458738327,22,89,428701593,19.87627164977916,0
Sep-16,24,8,0,1,2,8,0,0,0,1,3,0,2,0,1,0,0,3,0,0,5,0,1,1,0,0,0,32,0,1,1,1,2,4,0,0,0,3,0,25,0,1,0,2,2,1,0,0,2,0,0,117,15,88,1,2,2,2,0,31,0,0,0,0,0,69,0,0,0,12,0,20,0,1,3,5,151,3,2,0,0,0,1,0,7,2,0,0,0,8,0,0,0,0,20,13,3,0,0,1,1,0,1,15,0,8,3,0,149,0,0,0,2,0,0,0,74,27,0,1,39,0,0,8,0,7,4,19,6,91,0,4,1,4,0,1,3559.809523809524,3606,0,0.01,2,128,0,0,0,47.4,159.66666666666666,0,135,0,10.75,0,0,3,0,0,375.41666666666674,0,0.01,2.6666666666666665,0,0,0,3771.428571428572,0,59,1.5,1,202,389,0,0,0,1398.75,0,36800,0,47,0,17.066666666666666,1435.5,224,0,8.591001118560957,54,85,414783395,19.843267004588864,0
Oct-16,9,10,0,0,0,1,0,0,9,0,0,0,4,2,11,0,0,0,0,0,2,0,0,1,0,3,0,29,0,2,0,1,0,4,1,0,0,1,0,4,0,1,0,0,4,0,0,0,8,0,0,100,20,80,0,0,0,2,0,37,0,0,1,0,0,76,0,0,1,8,0,27,4,4,0,5,182,9,2,0,1,0,0,0,11,0,0,0,0,1,0,0,0,0,9,34,4,3,0,2,0,1,0,17,0,11,6,0,168,0,0,0,0,1,0,0,72,28,0,0,48,0,0,6,0,14,4,17,1,90,0,1,1,5,0,2,1334.9285714285716,4507.5,0,0,0,16,0,0,315.90000000000003,0,0,0,270,52,118.25,0,0,0,0,0,150.16666666666669,0,0,2.6666666666666665,0,0.03,0,3417.857142857143,0,118,0,1,0,389,47.9,0,0,466.25,0,5888,0,47,0,0,2871,0,0,9.025335217553026,46,76,416009248,19.84621805115146,0
Nov-16,4,17,0,1,1,1,1,1,10,6,1,0,4,0,0,0,0,0,4,0,8,2,0,1,4,0,0,15,0,4,0,1,0,3,0,3,3,8,0,7,0,0,0,3,9,2,0,0,8,0,0,86,14,65,0,0,1,0,0,34,0,1,0,0,0,73,0,0,1,7,0,28,0,3,0,5,154,6,1,3,2,0,1,0,7,0,0,0,0,1,0,1,0,0,15,31,4,3,0,0,3,1,0,12,1,10,3,0,152,0,0,0,0,0,0,0,67,26,0,0,40,0,0,8,0,19,1,11,5,80,1,0,0,0,0,6,593.3015873015873,7662.75,0,0.01,1,16,30.5,2.666666666666667,351,284.4,53.22222222222222,0,270,0,0,0,0,0,25,0,600.6666666666667,0.02,0,2.6666666666666665,0.04,0,0,1767.857142857143,0,236,0,1,0,291.75,0,657,0.4285714285714285,3730,0,10304,0,0,0,25.6,6459.75,448,0,8.723068501163928,28,79,413623738,19.84046727554622,0
Dec-16,54,22,0,2,0,9,0,9,15,9,2,1,0,7,1,0,5,0,10,0,3,0,0,5,2,0,0,44,0,6,0,0,7,29,1,0,0,4,0,3,0,48,0,6,16,0,3,3,6,1,0,86,11,63,0,0,10,0,0,33,0,1,0,0,1,60,0,0,0,13,0,61,5,0,1,3,188,6,3,1,1,0,1,0,4,0,0,0,0,3,0,0,0,0,16,57,6,0,1,1,2,0,0,21,1,8,3,0,156,1,0,0,0,1,15,0,67,22,0,1,53,0,1,7,0,6,4,35,3,99,3,1,1,1,0,2,8009.571428571429,9916.5,0,0.02,0,144,0,24.000000000000004,526.5,426.6,106.44444444444444,1,0,309.1666666666667,10.75,0,265,0,62.5,0,225.25000000000003,0,0,13.333333333333332,0.02,0,0,5185.714285714286,0,354,0,0,707,2820.25,47.9,0,0,1865,0,4416,0,2256,0,51.2,11484,0,0.03,8.517793011488205,60,70,410172577,19.83208855105105,0.03
Jan-17,5,6,0,0,1,5,0,0,0,0,0,0,0,1,3,0,2,0,0,0,0,1,0,0,0,0,0,3,0,0,0,1,0,3,1,1,0,0,0,4,0,0,0,2,4,2,0,0,7,0,0,281,65,138,0,2,0,2,0,122,0,1,0,0,1,173,0,0,1,27,1,79,2,1,2,10,449,31,4,0,1,0,2,0,12,1,0,0,0,9,1,0,0,0,47,53,4,0,1,1,2,3,1,37,0,31,7,0,394,0,0,0,0,0,0,0,198,46,1,0,91,0,0,16,0,21,2,55,5,213,1,8,0,6,0,6,2035,2704.5,0,0,1,80,0,619,0,26,22,0,0,341,32.25,0,106,0,61,0,35,0.01,0,80,0,0,0,100,1,0,0,1,0,291.75,47.9,219,0,0,0,5888,0,0,0,5163,2871,448,0,8.955319082,78,75,54842759,17.819980739619535,0
Feb-17,3,5,0,1,0,2,0,0,0,2,0,0,0,0,0,0,0,1,40,0,2,4,1,1,0,0,0,6,0,1,0,0,0,19,0,0,0,1,1,1,2,0,0,4,1,1,0,0,7,0,0,90,13,75,0,0,9,0,0,17,0,0,0,0,0,62,0,1,0,5,0,14,0,3,0,4,152,7,2,0,0,0,0,0,6,0,0,0,0,3,0,0,0,0,19,25,5,1,0,2,0,0,0,22,0,3,1,0,175,0,0,0,0,0,0,0,68,19,0,0,52,0,0,5,0,5,0,14,4,220,3,1,1,1,0,1,444.9761904761905,2253.75,0,0.01,0,32,0,0,0,94.8,0,0,0,0,0,0,0,1,250,0,150.16666666666669,0.04,0.01,2.6666666666666665,0,0,0,160,0,59,0,0,0,1847.75,0,0,0,466.25,10.625,1472,51,0,0,34.13333333333333,717.75,224,0,8.802372134,20,59,51541557,17.757898991679998,0
Mar-17,3,3,0,0,0,4,0,0,0,2,0,0,0,0,0,0,0,0,0,0,0,3,0,0,0,0,0,0,0,0,0,0,0,4,0,1,1,0,1,8,0,1,0,0,1,2,0,1,7,0,0,117,38,87,0,1,1,1,0,27,0,2,0,0,0,81,0,0,1,17,0,35,1,0,1,4,200,7,1,0,0,0,4,0,3,0,0,0,0,7,1,0,0,0,15,29,4,0,0,1,0,5,0,21,1,16,0,0,193,0,0,0,0,0,0,0,79,27,0,2,45,0,0,11,4,6,3,23,9,100,1,1,0,3,0,1,444.9761904761905,1352.25,0,0,0,64,0,0,0,94.8,0,0,0,0,0,0,0,0,0,0,0,0.03,0,0,0,0,0,0,0,0,0,0,0,389,0,219,0.1428571428571428,0,10.625,11776,0,47,0,0,717.75,448,0,8.904358542352968,22,56,46749182,17.660307337610437,0.01
Apr-17,7,6,0,0,0,2,0,0,0,3,2,0,1,0,1,2,3,0,15,1,2,1,2,1,0,1,0,19,0,0,7,7,1,3,2,0,1,5,1,20,0,1,1,3,10,0,0,0,2,2,0,170,25,127,0,0,3,1,0,33,0,6,1,0,0,113,0,0,0,9,0,21,0,3,0,9,187,11,0,1,0,0,0,0,7,0,0,0,0,3,0,1,0,0,17,54,5,0,0,1,0,0,0,18,0,6,3,0,156,1,0,0,0,1,1,0,52,27,0,0,65,0,0,5,1,11,5,16,4,125,1,3,0,6,0,1,1038.2777777777778,2704.5,0,0,0,32,0,84,0,142.2,106.44444444444444,0,67.5,0,10.75,0.02,159,0,93.75,2,150.16666666666669,0.01,0.02,2.6666666666666665,0,0.01,0,2239.285714285714,0,0,10.5,7,101,291.75,95.8,0,0.1428571428571428,2331.25,10.625,29440,0,47,0.01,25.6,7177.5,0,0,8.785539527561276,65,68,48750077,17.70221735540685,0
May-17,7,2,0,1,0,1,0,3,0,1,0,0,3,1,1,0,1,0,0,1,1,0,0,1,0,0,0,2,0,0,1,0,0,1,2,2,0,0,1,3,0,0,0,1,0,1,0,0,3,0,0,98,16,68,0,0,0,0,0,59,0,3,2,0,0,75,0,0,0,8,1,27,0,1,0,5,234,9,1,0,1,0,2,0,5,0,0,0,0,2,0,0,0,0,22,22,6,0,0,3,0,0,0,13,0,6,5,3,153,0,0,0,0,1,2,0,82,20,0,0,43,0,0,11,0,1,1,21,7,111,1,3,0,3,0,0,1038.2777777777778,901.5,0,0.01,0,16,0,8,0,47.4,0,0,202.5,44.16666666666667,10.75,0,53,0,0,2,75.08333333333334,0,0,2.6666666666666665,0,0,0,235.7142857142857,0,0,1.5,0,0,97.25,95.8,438,0,0,10.625,4416,0,0,0,8.533333333333333,0,224,0,8.797699580118923,61,64,45134585,17.62515938418977,0
Jun-17,2,2,0,1,1,1,0,0,0,7,1,0,6,0,1,1,0,0,0,0,0,0,0,2,0,0,0,0,0,1,0,0,0,0,1,1,0,0,0,3,0,14,1,1,1,1,0,1,6,0,0,114,21,87,0,0,2,0,0,37,1,6,1,0,0,75,0,0,1,7,0,36,0,5,1,8,221,11,2,0,1,0,2,0,4,0,0,0,0,3,0,0,0,0,25,27,8,0,1,4,0,0,1,14,0,12,2,0,170,1,0,0,0,0,0,0,51,26,0,0,49,0,2,7,0,6,5,16,5,83,1,2,0,4,0,1,296.6507936507937,901.5,0,0.01,1,16,0,0,0,331.8,53.22222222222222,0,405,0,10.75,0.01,0,0,0,0,0,0,0,5.333333333333333,157,0,0,0,0,59,0,0,0,0,47.9,219,0,0,0,4416,0,658,0.01,8.533333333333333,717.75,224,0,8.432288684325794,58,82,43570435,17.58988940492903,0.01
Jul-17,6,9,0,2,2,2,0,9,1,4,0,0,0,0,3,0,0,0,7,0,1,2,0,0,0,2,0,3,0,0,0,1,1,1,1,0,2,0,2,6,0,0,0,2,1,2,0,0,4,0,0,103,26,77,1,0,1,1,0,54,0,1,0,0,0,58,0,0,1,3,0,18,0,4,0,4,250,7,0,0,3,0,2,0,10,0,0,0,0,2,1,0,0,0,27,11,4,1,1,1,0,1,2,10,1,14,3,0,184,1,0,0,0,0,1,0,74,42,0,0,38,0,1,14,1,4,0,22,2,93,4,2,0,1,0,1,889.952381,4056.75,0,0.02,2,32,0,24.000000000000004,35.1,189.6,0,0,0,0,32.25,0,0,0,43.75,0,75.08333333333334,0.02,0,0,0,0.02,0,353.57142857142856,0,0,0,1,101,97.25,47.9,0,0.2857142857142857,0,21.25,8832,0,0,0,17.066666666666666,717.75,448,0,8.613593685702552,13,79,39712036,17.497164898694336,0
Aug-17,8,3,0,3,0,37,0,0,0,12,0,0,6,1,3,0,2,1,5,1,0,3,0,0,0,1,0,3,0,3,0,2,0,1,2,0,0,0,0,2,0,3,0,4,0,2,0,0,5,0,0,101,13,72,0,2,1,0,0,40,1,0,0,0,0,57,0,0,0,11,1,34,0,0,0,8,212,9,1,1,2,0,4,0,8,0,0,0,0,5,0,0,1,0,18,25,8,0,0,2,0,0,0,11,2,2,2,0,119,1,0,0,0,0,0,0,65,26,0,0,48,0,0,6,1,6,4,19,2,111,4,0,0,2,0,0,1186.6031746031747,1352.25,0,0.03,0,592,0,0,0,568.8,0,0,405,44.16666666666667,32.25,0,106,1,31.25,2,0,0.03,0,0,0,0.01,0,353.57142857142856,0,177,0,2,0,97.25,95.8,0,0,0,0,2944,0,141,0,34.13333333333333,0,448,0,8.652597828,26,88,54817132,17.819513349040072,0
Sep-17,2,4,0,0,4,0,3,0,0,4,0,0,2,0,0,0,1,0,1,1,5,0,0,0,0,3,0,2,0,9,0,0,0,4,1,1,0,3,2,5,0,10,1,0,0,1,0,0,5,0,0,118,18,75,0,0,1,1,0,35,0,4,2,0,0,87,0,0,0,12,2,23,0,4,0,0,217,7,0,1,0,0,2,0,9,0,0,0,0,4,0,0,0,0,21,14,1,1,0,0,0,1,0,15,2,8,3,0,149,0,0,0,0,0,1,0,68,20,0,0,37,0,1,11,0,8,2,15,6,105,2,3,0,6,0,2,296.6507936507937,1803,0,0,4,0,91.5,0,0,189.6,0,0,135,0,0,0,53,0,6.25,2,375.41666666666674,0,0,0,0,0.03,0,235.7142857142857,0,531,0,0,0,389,47.9,219,0,1398.75,21.25,7360,0,470,0.01,0,0,224,0,8.923990745,57,85,34048656,17.343301147784878,0
Oct-17,3,9,1,1,0,2,0,0,0,1,5,0,1,0,0,0,0,0,0,0,6,0,0,2,1,1,0,4,0,1,1,1,0,15,1,0,1,0,1,4,0,0,0,1,4,2,0,2,7,0,0,84,19,79,0,1,1,0,0,44,0,0,0,1,0,70,0,0,0,12,1,21,0,4,1,4,238,10,1,1,0,0,3,0,5,0,0,0,1,2,0,0,0,0,21,28,2,0,0,0,0,0,0,13,1,9,9,0,169,2,0,0,1,3,0,0,70,32,0,0,49,0,0,9,0,8,2,11,10,127,2,2,0,4,0,2,444.9761904761905,4056.75,0.01,0.01,0,32,0,0,0,47.4,266.1111111111111,0,67.5,0,0,0,0,0,0,0,450.50000000000006,0,0,5.333333333333333,0.01,0.01,0,471.4285714285714,0,59,1.5,1,0,1458.75,47.9,0,0.1428571428571428,0,10.625,5888,0,0,0,8.533333333333333,2871,448,0,8.641532465671846,42,57,19688912,16.79556624340325,0.02
Nov-17,4,30,0,2,1,1,1,0,4,11,0,0,0,6,0,0,1,0,2,1,6,0,0,4,1,0,0,2,0,4,0,0,2,8,3,1,0,0,0,2,0,1,0,14,8,1,0,0,5,0,0,81,20,84,0,0,2,0,0,46,0,2,0,0,0,86,0,0,0,7,1,20,2,4,1,7,232,10,0,0,0,0,3,0,3,0,0,0,0,2,0,0,0,0,12,24,3,0,0,7,3,1,1,11,1,7,5,0,153,0,0,0,0,1,0,0,60,32,0,0,34,0,1,12,1,10,6,16,4,97,0,1,1,4,0,0,593.3015873015873,13522.5,0,0.02,1,16,30.5,0,140.4,521.4,0,0,0,265,0,0,53,0,12.5,2,450.50000000000006,0,0,10.666666666666666,0.01,0,0,235.7142857142857,0,236,0,0,202,778,143.7,219,0,0,0,2944,0,47,0,119.46666666666668,5742,224,0,8.430327258394575,34,65,24416448,17.010767602477838,0
Dec-17,33,32,0,3,0,1,0,0,2,32,10,0,9,37,1,0,3,0,4,0,2,0,0,0,16,2,14,20,0,9,1,2,2,28,15,0,0,0,1,2,0,22,6,14,13,0,2,2,7,0,0,94,14,72,0,1,0,0,0,37,0,2,1,1,0,75,0,0,0,9,0,52,3,3,1,4,234,7,4,5,0,0,4,0,4,0,0,0,0,4,0,0,0,0,34,54,3,0,0,5,4,2,0,16,0,13,4,1,167,1,0,0,0,0,6,0,102,34,0,0,44,0,2,7,0,14,2,25,3,96,1,2,1,3,0,1,4894.738095238095,14424,0,0.03,0,16,0,0,70.2,1516.8,532.2222222222222,0,607.5,1634.1666666666667,10.75,0,159,0,25,0,150.16666666666669,0,0,0,0.16,0.02,233.33333333333331,2357.1428571428573,0,531,1.5,2,202,2723,718.5,0,0,0,10.625,2944,0,1034,0.06,119.46666666666668,9330.75,0,0.02,8.280711075662847,55,55,21947063,16.90414392999684,0.02
Jan-18,3,5,0,14,1,2,0,0,0,5,0,0,0,0,0,0,1,0,0,1,0,0,0,0,0,1,0,6,0,4,11,2,0,3,12,10,3,4,0,3,2,0,0,0,2,1,0,0,6,0,0,267,44,170,1,0,2,5,0,144,1,0,1,0,0,164,0,0,2,31,0,55,3,0,1,9,596,24,2,2,2,0,1,0,8,1,0,0,0,9,0,0,1,0,37,42,7,1,0,1,0,2,0,61,1,33,6,0,365,2,0,0,1,2,0,0,195,60,0,0,89,0,0,23,5,15,5,47,4,213,1,8,2,4,0,5,408000,2253.75,0,0.14,1,32,0,0,0,219,0,71,0,12081,0,499,53,0,1,2,0,0,0,0,0,0.01,2,26,2,1346,16.5,2,0,291.75,574.8,2190,0.4285714285714285,130,0,4416,51,47,0,0,2292,224,0,8.506334448081361,54,78,15532708,16.558458616486952,0
Feb-18,12,6,3,0,3,0,0,0,0,4,2,0,2,0,1,0,4,2,0,1,1,0,2,0,0,0,0,1,0,3,0,0,0,2,17,0,2,0,0,3,0,8,0,2,1,1,0,1,4,0,0,97,19,75,0,0,2,1,0,27,0,0,2,0,0,82,0,0,1,7,0,29,0,3,0,5,179,7,2,0,0,0,0,0,10,1,4,0,0,1,0,0,0,0,21,28,5,0,0,5,0,0,1,10,2,7,8,0,143,0,0,0,0,3,0,0,68,26,0,0,42,0,0,4,2,4,3,15,1,105,1,2,3,6,0,1,1779.904761904762,2704.5,0.03,0,3,0,0,0,0,189.6,106.44444444444444,0,135,0,10.75,0,212,2,0,2,75.08333333333334,0,0.02,0,0,0,0,117.85714285714286,0,177,0,0,0,194.5,814.3,0,0.2857142857142857,0,0,4416,0,376,0,17.066666666666666,717.75,224,0,8.408270784,35,57,9759856,16.093788306642594,0.01
Mar-18,5,8,1,1,2,1,0,0,0,6,1,0,2,0,0,0,0,0,0,0,0,1,0,1,0,1,0,4,0,0,3,3,4,3,2,0,2,5,2,0,0,0,1,2,4,0,0,1,8,0,0,109,25,96,0,1,2,1,0,43,0,0,1,1,1,82,0,0,0,10,0,24,0,1,3,7,255,9,0,1,2,0,1,0,8,0,1,0,0,2,0,1,0,0,16,31,5,0,0,1,0,0,0,16,1,11,2,1,140,0,0,0,1,0,2,0,74,20,0,0,38,0,0,4,1,4,3,11,1,116,0,4,0,4,0,1,741.6269841269842,3606,0.01,0.01,2,16,0,0,0,284.4,53.22222222222222,0,135,0,0,0,0,0,0,0,0,0.01,0,2.6666666666666665,0,0.01,0,471.4285714285714,0,0,4.5,3,404,291.75,95.8,67,0.2857142857142857,2331.25,21.25,0,0,0,0.01,17.066666666666666,2871,0,0,8.626585568187433,39,53,9306197,16.046191187756133,0.01
Apr-18,3,7,0,0,1,4,0,0,0,2,1,1,3,0,1,0,0,0,16,0,0,0,0,2,1,1,0,8,0,3,0,1,1,1,9,0,2,1,0,1,0,0,1,4,2,1,1,5,9,0,0,144,40,85,0,0,2,0,0,34,0,0,1,0,0,96,0,0,0,10,0,30,0,4,0,5,236,6,2,1,5,0,3,0,26,0,0,0,0,3,0,0,0,0,28,26,6,0,1,3,0,0,0,11,0,9,7,0,200,0,1,0,0,1,0,0,97,38,0,0,49,0,0,7,0,6,3,26,2,135,0,1,1,3,0,1,444.9761904761905,3155.25,0,0,1,64,0,0,0,94.8,53.22222222222222,1,202.5,0,10.75,0,0,0,100,0,0,0,0,5.333333333333333,0.01,0.01,0,942.8571428571428,0,177,0,1,101,97.25,431.1,0,0.2857142857142857,466.25,0,1472,0,0,0.01,34.13333333333333,1435.5,224,0.01,8.439880088313567,57,44,23711566,16.981473546114998,0.05
May-18,8,7,0,0,1,1,0,0,0,4,0,0,1,0,1,9,1,0,16,0,0,0,0,3,0,2,0,12,0,2,1,0,2,1,2,0,0,1,1,5,0,0,0,0,2,1,0,1,10,0,0,123,24,84,0,1,3,0,0,47,0,0,1,0,0,97,0,0,1,7,0,35,0,2,0,9,262,13,3,1,1,0,1,0,6,2,0,0,0,5,0,0,0,0,21,21,4,0,0,2,0,0,0,15,0,12,13,0,169,1,0,0,0,1,1,0,79,26,0,1,51,0,2,9,1,5,4,12,5,110,1,5,2,2,0,1,1186.6031746031747,3155.25,0,0,1,16,0,0,0,189.6,0,0,67.5,0,10.75,0.09,53,0,100,0,0,0,0,8,0,0.02,0,1414.2857142857142,0,118,1.5,0,202,97.25,95.8,0,0,466.25,10.625,7360,0,0,0,0,1435.5,224,0,8.483222671845084,66,62,24809134,17.026722490086385,0.01
Jun-18,8,17,1,0,0,5,0,4,1,8,0,0,3,0,2,0,0,1,1,0,1,0,0,0,0,2,0,12,0,6,1,0,1,3,4,0,0,0,5,13,0,0,0,4,1,1,0,0,12,0,0,109,20,78,0,1,3,1,0,42,0,1,1,0,0,89,0,0,2,8,0,39,0,3,0,8,234,17,0,0,1,0,0,1,8,2,0,0,0,4,0,0,0,0,36,22,5,0,0,0,0,1,0,13,0,14,4,1,160,0,0,0,0,0,1,0,63,28,0,0,39,0,0,12,2,10,4,16,3,124,1,2,2,3,0,1,1186.6031746031747,7662.75,0.01,0,0,80,0,10.666666666666668,35.1,379.2,0,0,202.5,0,21.5,0,0,1,6.25,0,75.08333333333334,0,0,0,211,0.02,0,1414.2857142857142,0,354,1.5,0,101,291.75,191.6,0,0,0,53.125,19136,0,0,0,34.13333333333333,717.75,224,0,8.455955881945048,52,60,29240272,17.191057529327576,0
Jul-18,4,21,0,1,0,3,0,0,0,5,0,0,4,0,2,0,1,0,0,1,4,0,0,0,1,1,4,16,0,0,2,1,3,2,1,0,0,1,0,6,0,1,1,2,2,2,0,1,9,0,0,104,45,65,0,0,5,0,0,72,0,2,0,0,0,85,0,0,0,8,0,35,2,2,1,5,299,8,1,1,0,0,5,0,8,0,0,0,0,3,0,0,0,0,19,16,5,1,0,2,0,0,1,16,0,9,5,2,170,2,0,0,0,0,0,0,87,42,1,0,46,0,1,7,2,14,11,20,6,142,1,4,0,4,0,3,593.3015873015873,9465.75,0,0.01,0,48,0,0,0,237,0,0,270,0,21.5,0,53,0,0,2,300.33333333333337,0,0,0,0.01,0.01,66.66666666666667,1885.7142857142856,0,0,3,1,303,194.5,47.9,0,0,466.25,0,8832,0,47,0.01,17.066666666666666,1435.5,448,0,8.671800909642677,13,86,33287377,17.32068884405818,0.01
Aug-18,8,9,0,2,7,2,0,1,0,3,0,0,5,2,0,0,1,0,0,1,2,3,0,14,0,1,0,1,0,2,1,0,2,0,0,0,0,1,0,3,0,0,1,4,7,6,0,0,15,0,0,101,21,91,1,0,8,0,0,36,0,0,0,1,0,69,0,0,2,8,0,33,2,1,1,9,207,14,1,0,1,0,4,0,5,2,0,0,0,3,0,0,0,0,12,21,9,0,0,3,0,0,0,21,0,12,10,2,177,0,0,0,0,1,0,0,76,26,0,0,32,0,1,8,2,6,4,18,8,92,3,2,1,5,0,2,1186.6031746031747,4056.75,0,0.02,7,32,0,2.666666666666667,0,142.2,0,0,337.5,88.33333333333334,0,0,53,0,0,2,150.16666666666669,0.03,0,37.33333333333333,0,0.01,0,117.85714285714286,0,118,1.5,0,202,0,0,0,0,466.25,0,4416,0,0,0.01,34.13333333333333,5024.25,1344,0,8.295548516225763,52,75,50993346,17.74720573119874,0
Sep-18,6,4,0,1,1,1,0,1,1,4,0,0,0,1,0,0,0,0,6,3,2,0,0,11,0,0,0,0,0,0,0,0,0,1,2,0,5,1,1,0,1,0,3,2,4,2,1,2,11,0,5,143,17,98,0,0,3,1,0,55,0,1,1,0,0,75,0,2,0,12,0,36,1,4,1,6,255,13,1,0,0,0,0,5,4,1,0,0,0,2,0,0,0,0,19,25,3,0,0,1,0,1,0,17,1,10,12,1,204,2,0,0,0,0,0,0,75,25,0,0,42,0,0,11,1,9,6,14,7,107,0,1,1,6,0,2,889.952381,1803,0,0.01,1,16,0,2.666666666666667,35.1,189.6,0,0,0,44.16666666666667,0,0,0,0,37.5,6,150.16666666666669,0,0,29.33333333333333,0,0,0,0,0,0,0,0,0,97.25,95.8,0,0.7142857142857142,466.25,10.625,0,25.5,0,0.03,17.066666666666666,2871,448,0.01,8.327484416188264,40,60,45276361,17.62829564410844,0.02
Oct-18,1,9,0,0,1,0,0,0,0,8,2,0,4,2,0,1,1,0,29,0,7,2,0,1,1,0,0,6,0,6,8,1,0,0,18,1,0,0,4,3,0,18,0,3,3,2,1,3,14,1,0,121,22,94,0,0,3,1,0,91,0,0,2,0,0,107,0,0,0,14,0,48,0,3,0,9,314,12,1,1,0,0,3,0,11,4,2,0,0,1,1,0,2,0,15,31,10,1,0,2,0,1,0,16,1,6,16,1,179,0,0,0,1,0,2,0,88,41,0,0,38,0,0,13,1,8,5,18,6,139,1,3,2,3,0,3,148.32539682539684,4056.75,0,0,1,0,0,0,0,379.2,106.44444444444444,0,270,88.33333333333334,0,0.01,53,0,181.25,0,525.5833333333334,0.02,0,2.6666666666666665,0.01,0,0,707.1428571428571,0,354,12,1,0,0,862.1999999999999,219,0,0,42.5,4416,0,846,0,25.6,2153.25,448,0.01,8.232174236,30,83,37323900,17.435144456883705,0.03
Nov-18,16,6,1,0,2,0,0,0,1,7,2,0,3,0,2,1,2,0,16,0,4,0,0,7,7,0,0,4,0,7,2,0,0,7,1,0,0,1,2,3,0,0,0,4,20,2,0,0,9,0,0,118,20,70,0,1,4,0,0,61,0,0,1,0,0,66,0,0,1,4,0,33,0,4,6,7,234,12,1,0,3,0,6,1,2,0,1,0,0,5,1,0,0,0,19,21,4,0,1,2,0,0,0,14,0,12,13,0,165,1,0,0,1,0,0,0,74,45,0,0,30,0,1,13,1,8,2,14,3,104,2,0,3,5,0,1,2373.2063492063494,2704.5,0.01,0,2,0,0,0,35.1,331.8,106.44444444444444,0,202.5,0,21.5,0.01,106,0,100,0,300.33333333333337,0,0,18.666666666666664,0.07,0,0,471.4285714285714,0,413,3,0,0,680.75,47.9,0,0,466.25,21.25,4416,0,0,0,34.13333333333333,14355,448,0,8.515391569469609,39,49,34750324,17.363699482449327,0
Dec-18,38,61,0,3,2,1,0,0,8,31,6,1,5,12,0,0,1,0,0,0,9,0,0,7,22,1,1,29,0,1,0,1,9,22,5,1,1,0,0,11,0,63,0,34,6,2,2,0,6,0,0,103,14,76,0,0,10,0,0,42,1,0,1,1,0,78,1,0,0,4,0,47,8,1,1,12,231,6,1,2,0,0,3,0,4,0,2,0,0,3,0,0,0,0,16,46,10,0,2,3,5,2,0,25,1,12,14,0,166,0,0,0,0,0,3,0,87,38,0,0,40,0,1,14,1,15,3,25,4,114,4,3,1,7,0,5,5636.365079,27495.75,0,0.03,2,16,0,0,280.8,1469.4,319.3333333333333,1,337.5,530,0,0,53,0,0,0,675.7500000000001,0,0,18.666666666666664,0.22,0.01,16.666666666666668,3417.857142857143,0,115,0,1,909,2139.5,239.5,219,0.1428571428571428,0,0,16192,0,2961,0,290.1333333333333,4306.5,448,0.02,8.161945799,58,51,37233634,17.432723077397586,0
Jan-19,5,4,0,1,5,1,0,0,0,2,0,0,2,1,0,0,1,0,0,1,1,0,0,0,0,2,1,5,0,0,2,1,0,4,0,2,1,1,0,3,0,2,0,5,0,0,1,0,10,0,1,298,39,219,2,0,5,3,0,145,0,0,0,0,0,209,0,0,1,22,1,68,7,4,0,9,703,15,4,0,3,0,2,1,9,0,1,0,1,7,0,0,0,0,34,48,7,0,0,2,0,0,1,48,1,35,22,1,438,0,0,0,0,2,1,0,185,86,0,0,112,0,4,25,1,15,3,47,5,389,2,2,1,19,0,7,741.6269841269842,1803,0,0.01,5,16,0,2,49,94.8,0,0,180,48,0,0,53,0,0,2,147,0,0,0,0,0.02,16.666666666666668,589.2857142857143,0,0,316,1,0,389,0,438,0.1428571428571428,10,0,4416,0,94,0,42.66666666666666,0,0,0.01,8.357024439263416,51,96,63024580,17.959035382860666,0
Feb-19,6,11,0,0,1,1,0,0,1,8,1,0,2,1,0,9,0,1,1,2,1,1,0,0,0,0,1,5,0,1,1,1,0,4,2,0,0,0,1,12,0,0,0,2,1,1,2,0,11,0,0,102,16,82,0,1,3,0,0,49,0,1,1,0,0,97,0,0,2,6,0,38,0,2,1,11,221,20,2,0,0,0,0,0,7,1,1,0,0,3,0,0,0,0,16,20,8,3,0,2,0,0,1,13,1,8,15,0,169,0,0,0,0,0,1,0,73,29,0,0,39,0,4,5,2,4,6,11,7,112,4,2,1,8,0,0,889.952381,4958.25,0,0,1,16,0,0,35.1,379.2,53.22222222222222,0,135,48,0,0.09,0,1,6.25,4,75.08333333333334,0.01,0,0,0,0,16.666666666666668,589.2857142857143,0,59,1.5,1,0,389,95.8,0,0,0,10.625,17664,0,0,0,17.066666666666666,717.75,224,0.02,8.094378445,32,89,64000994,17.974409188078095,0
Mar-19,4,12,0,3,1,6,0,0,0,5,1,0,6,0,0,0,0,0,2,4,2,0,0,1,1,2,0,6,0,5,5,1,0,6,3,0,1,0,1,10,0,2,0,3,0,0,0,2,14,0,0,110,25,92,1,1,4,0,0,60,1,0,2,0,0,114,0,0,1,10,0,43,0,3,1,8,279,11,2,2,2,0,3,0,6,14,0,0,0,2,1,0,0,0,17,31,10,1,0,4,0,1,3,24,2,11,22,1,180,2,0,0,0,0,1,0,82,26,0,0,52,0,1,13,0,9,4,22,8,135,0,2,1,4,0,1,593.3015873015873,5409,0,0.03,1,96,0,0,0,216,38,0,405,0,0,0,0,0,12.5,8,150.16666666666669,0,0,2.6666666666666665,0.01,0.02,0,707.1428571428571,0,295,7.5,1,0,583.5,143.7,0,0.1428571428571428,0,10.625,14720,0,94,0,25.6,0,0,0,8.296047643,23,99,67296529,18.02461923310738,0.02
Apr-19,2,13,0,1,1,2,1,1,0,4,0,1,2,1,3,0,0,0,0,0,1,0,1,1,2,2,1,6,0,0,2,0,0,9,1,0,0,2,0,5,0,2,4,1,1,2,0,3,12,0,0,129,28,98,0,1,1,0,0,46,0,2,2,0,0,138,0,0,0,14,1,38,0,4,3,10,275,14,5,2,0,0,4,0,5,6,3,0,0,4,0,1,0,0,30,19,15,2,0,0,0,3,0,13,1,22,21,0,200,1,0,0,0,0,2,0,90,47,0,0,49,0,2,18,3,11,10,13,6,154,0,4,1,7,0,1,296.6507936507937,5859.75,0,0.01,1,32,30.5,2.666666666666667,102,189.6,0,1,135,44.16666666666667,32.25,0,0,0,0,0,75.08333333333334,0,0.01,2.6666666666666665,0.02,0.02,16.666666666666668,707.1428571428571,0,0,3,0,0,875.25,47.9,0,0,932.5,10,7360,0,94,0.04,8.533333333333333,717.75,448,0,8.405367376233981,65,90,64665576,17.984739577702058,0.03
May-19,7,3,2,1,3,4,0,1,0,7,0,0,1,4,1,0,0,0,4,0,2,1,0,0,0,0,0,3,0,2,1,1,0,5,6,0,2,0,0,2,0,0,0,3,1,2,0,0,14,0,0,133,25,91,0,0,2,1,0,41,0,1,0,1,0,90,0,0,1,15,1,37,0,6,2,6,272,15,1,0,3,0,2,0,11,7,1,0,0,4,0,1,0,0,23,28,8,0,1,3,0,0,0,15,0,7,16,0,203,1,0,0,0,0,1,0,72,33,0,0,43,0,1,8,2,4,10,15,3,135,1,2,3,1,0,3,1038.2777777777778,1352.25,0.02,0.01,3,64,0,2.666666666666667,0,331.8,0,0,67.5,176.66666666666669,10.75,0,0,0,25,0,150.16666666666669,0.01,0,0,0,0,0,353.57142857142856,0,118,1.5,1,0,486.25,287.4,0,0.2857142857142857,0,0,2944,0,0,0,25.6,717.75,448,0,8.565602330623925,62,83,71522064,18.08551656145522,0
Jun-19,5,5,0,3,3,2,0,3,1,6,0,0,8,1,2,14,0,0,6,0,4,0,1,2,0,1,0,9,0,0,1,3,1,0,3,1,14,0,0,5,2,4,0,5,2,0,0,1,17,0,0,123,19,102,0,1,1,1,0,41,0,3,1,0,0,86,0,0,1,12,0,48,1,4,2,4,249,6,3,0,1,0,1,0,3,2,0,1,0,3,0,0,0,0,25,27,9,3,1,2,0,0,0,16,2,6,18,1,186,0,0,0,0,0,1,0,87,31,0,0,29,0,2,7,2,5,3,21,6,162,2,1,2,10,0,1,741.6269841269842,2253.75,0,0.03,3,32,0,8,35.1,40,0,0,540,44.16666666666667,21.5,0.14,0,0,37.5,0,300.33333333333337,0,0.01,5.333333333333333,0,0.01,0,1060.7142857142858,0,0,1.5,3,101,0,143.7,219,2,0,0,7360,51,188,0,42.66666666666666,1435.5,0,0,8.517992871586802,62,105,64139294,17.976567760587958,0.01
Jul-19,11,32,0,1,1,5,0,0,1,8,1,0,1,6,2,0,1,0,24,3,0,0,0,1,1,0,0,4,0,1,2,0,4,2,0,0,0,0,0,5,0,1,0,7,2,0,0,3,5,1,0,131,20,98,0,0,2,0,0,96,0,3,1,0,0,82,0,0,2,9,0,35,1,0,3,10,284,16,2,1,2,0,5,0,2,5,2,0,0,3,0,0,0,0,27,26,10,1,0,2,0,1,0,21,1,16,15,0,213,1,0,0,0,1,1,0,84,43,0,0,50,0,0,11,1,9,4,20,3,159,4,2,2,3,0,1,1631.5793650793653,14424,0,0.01,1,80,0,258,35.1,379.2,53.22222222222222,0,67.5,265,21.5,0,53,0,150,6,0,0,0,2.6666666666666665,0.01,0,0,471.4285714285714,0,59,3,0,404,194.5,0,0,0,0,0,7360,0,47,0,59.73333333333333,1435.5,0,0,8.645410489,12,97,59279869,17.897780345967245,0.03
Aug-19,9,37,0,1,2,1,0,3,0,3,1,0,3,3,0,0,3,0,0,3,3,0,0,3,0,1,1,6,0,0,0,1,2,3,5,0,1,1,0,2,0,3,0,3,4,5,0,0,8,0,0,105,20,85,0,0,3,0,0,30,1,1,1,0,0,91,0,0,2,8,0,30,2,4,2,9,243,15,1,0,1,0,2,0,5,1,1,0,0,3,1,0,0,0,25,20,10,0,0,2,0,0,0,14,1,7,18,0,153,1,1,0,1,1,2,0,52,27,0,0,41,0,3,3,3,14,3,15,7,100,0,2,0,3,0,1,1334.9285714285716,16677.75,0,0.01,2,16,0,8,0,588,53.22222222222222,0,202.5,132.5,0,0,159,0,0,6,225.25000000000003,0,0,8,0,0.01,16.666666666666668,707.1428571428571,0,0,0,1,202,291.75,239.5,0,0.1428571428571428,466.25,0,2944,0,141,0,25.6,2871,1120,0,8.576405051048084,60,86,33849083,17.337422496395114,0
Sep-19,5,3,0,0,3,0,0,0,0,11,0,1,2,1,0,0,1,0,10,0,8,0,0,0,1,1,1,10,0,0,1,1,1,3,1,2,0,0,0,1,0,0,0,2,2,2,0,3,9,0,0,116,18,84,0,1,8,1,0,35,0,0,1,0,0,92,0,0,0,8,0,37,0,5,0,10,268,9,1,0,1,0,4,1,4,5,3,0,0,1,0,0,0,0,15,38,10,1,1,3,0,1,0,9,2,8,15,0,138,2,0,0,0,2,0,0,64,28,0,0,38,0,1,11,1,7,10,12,9,128,0,5,1,6,0,3,741.6269841269842,1352.25,0,0,3,0,0,0,0,521.4,0,1,135,437,0,0,53,0,62.5,0,600.6666666666667,0,0,0,0.01,0.01,16.666666666666668,1178.571428571429,0,0,1.5,1,101,291.75,47.9,438,0,0,0,1472,0,0,0,17.066666666666666,1435.5,448,0,8.500047032581268,28,77,29958512,17.21532408253775,0.03
Oct-19,11,34,0,3,0,3,0,0,1,8,0,1,4,2,0,0,2,0,14,1,4,0,0,14,1,2,2,4,0,7,5,2,0,5,6,0,1,1,1,4,0,1,0,3,4,1,0,0,9,0,0,141,16,88,0,2,3,0,0,92,0,4,4,1,0,114,0,0,1,11,0,29,0,3,2,12,300,9,1,0,3,0,2,0,6,0,3,0,0,2,0,0,0,0,27,28,8,0,0,1,0,0,0,5,0,15,19,1,180,3,0,0,0,1,1,0,51,41,0,0,47,0,3,10,2,6,7,9,9,141,3,6,4,5,0,3,1631.5793650793653,15325.5,0,0.03,0,48,0,0,35.1,379.2,0,1,270,88.33333333333334,0,0,106,0,177,2,300.33333333333337,0,0,37.33333333333333,0.01,0.02,33.333333333333336,471.4285714285714,0,413,7.5,2,0,486.25,287.4,0,0.1428571428571428,466.25,10.625,5888,0,47,0,25.6,2871,224,0,8.228710798793687,37,77,19066259,16.76343083878313,0
Nov-19,9,20,0,1,1,3,0,1,9,19,1,0,4,1,0,0,2,0,4,0,7,0,0,9,1,3,8,31,1,2,2,1,1,6,2,0,2,0,0,8,0,3,0,20,4,4,0,2,15,0,0,114,17,92,1,0,1,0,0,62,0,2,2,0,0,94,0,1,1,11,0,24,0,4,3,9,241,23,0,0,4,0,6,0,4,5,2,0,0,1,2,0,0,0,24,20,9,1,1,7,0,2,1,8,2,10,22,1,182,2,0,0,0,3,1,0,35,38,1,4,44,0,5,9,2,10,9,14,3,120,1,0,4,4,0,5,1334.9285714285716,9015,0,0.01,1,48,0,2.666666666666667,315.90000000000003,900.6,53.22222222222222,0,270,44.16666666666667,0,0,106,0,25,0,525.5833333333334,0,0,24,0.01,0.03,133.33333333333334,3653.571428571429,0.01,118,3,1,101,583.5,95.8,0,0.2857142857142857,0,0,11776,0,141,0,170.66666666666666,2871,896,0,8.003363058629947,34,75,16746977,16.633728382047632,0.02
Dec-19,58,28,0,14,2,0,0,0,10,29,8,0,3,4,0,0,1,0,30,2,3,0,0,2,10,0,0,77,0,12,4,9,2,29,6,0,3,2,1,3,0,23,1,9,11,4,3,0,16,0,0,126,18,90,0,0,2,1,0,62,0,1,5,0,0,130,0,0,1,15,0,58,2,2,4,16,206,13,3,1,0,0,3,1,7,2,1,0,0,1,1,0,0,0,26,39,10,0,2,2,3,0,1,17,1,23,29,1,170,0,1,0,0,0,11,0,48,49,0,0,40,0,1,7,2,11,7,21,6,149,1,3,1,6,0,2,8602.873015873016,12621,48,0.14,2,0,0,0,292,1374.6,425.77777777777777,0,202.5,176.66666666666669,0,0,53,0,187.5,4,225.25000000000003,0,0,5.333333333333333,0.1,0,0,9075,0,708,6,9,202,2820.25,287.4,0,0.4285714285714285,932.5,10.625,4416,0,1081,0.01,76.8,7895.25,896,0.03,8.289790583181643,52,86,22907527,16.946976148127863,0
Jan-20,8,11,0,1,5,5,0,0,0,5,0,0,3,0,1,0,2,1,4,7,0,1,1,1,1,0,0,7,0,2,16,1,2,4,5,0,1,0,2,2,0,2,1,5,5,2,0,1,12,0,0,277,37,194,0,1,5,2,1,249,0,3,0,0,0,235,1,0,1,46,0,84,1,4,5,10,570,27,10,0,0,0,7,0,15,3,1,0,0,4,0,0,0,0,52,58,15,3,0,0,2,1,0,31,1,29,20,2,396,1,0,0,0,5,2,0,92,94,0,0,86,0,0,24,1,10,8,55,4,236,4,9,2,14,0,1,1186.6031746031747,4958.25,0,0.01,5,80,0,0,44,1808,0,0,202.5,78016,10.75,0,106,1,25,14,1,0.01,0.01,55,0.01,0,0,852,0,118,24,1,202,389,239.5,0,0.1428571428571428,0,21.25,2944,0,164,0.01,57,3588.75,448,0,8.668368019213355,78,67,13743750,16.436094806045553,0.01
Feb-20,9,14,0,1,4,4,0,0,1,11,0,0,1,1,0,0,1,0,8,0,0,0,1,1,3,0,0,1,0,0,1,1,0,3,3,0,1,3,0,3,0,1,1,1,6,1,2,0,8,0,0,119,18,91,0,0,1,0,0,58,0,3,0,0,0,94,0,0,1,16,3,19,1,5,3,9,208,10,5,3,0,0,4,0,8,3,3,0,0,2,0,0,0,0,9,25,12,1,1,5,0,2,0,23,0,12,21,0,140,0,0,0,0,1,0,0,44,38,0,0,47,0,1,10,1,9,5,8,6,143,3,1,2,1,0,4,1334.9285714285716,6310.5,0,0.01,4,64,0,0,35.1,521.4,0,0,67.5,21,0,0,53,0,50,0,0,0,0.01,2.6666666666666665,0.03,0,0,117.85714285714286,0,0,1.5,1,0,291.75,143.7,0,0.1428571428571428,1398.75,0,4416,0,47,0.01,8.533333333333333,4306.5,224,0.02,8.619388703730907,20,83,11389538,16.24820586050418,0
Mar-20,10,11,3,3,3,0,0,1,1,9,0,1,4,1,3,0,1,0,2,0,1,0,0,2,1,2,0,5,0,0,2,1,0,2,1,0,1,0,0,4,0,3,0,9,2,0,0,4,13,0,0,130,16,88,1,2,4,1,0,39,0,3,1,1,0,118,0,0,0,24,1,40,1,2,3,6,237,12,4,0,0,0,2,0,7,11,2,0,1,4,0,0,0,0,11,22,11,0,1,2,0,0,0,16,0,16,23,0,188,2,0,0,0,0,1,0,41,41,0,0,31,0,2,10,0,4,7,12,9,168,0,2,1,10,0,3,1483.2539682539684,4958.25,0.03,0.03,3,0,33,2.666666666666667,35.1,426.6,0,1,270,44.16666666666667,32.25,0,53,0,12.5,0,75.08333333333334,0,0,5.333333333333333,0.01,0.02,0,589.2857142857143,0,0,3,1,0,194.5,47.9,0,0.1428571428571428,0,0,5888,0,141,0,76.8,1435.5,0,0,8.230310799,26,51,11500826,16.25792950379134,0.04
Apr-20,14,5,0,0,4,3,0,0,0,3,1,0,5,2,0,0,1,0,11,1,0,0,1,5,0,2,0,5,0,1,2,1,1,3,2,3,2,1,0,3,0,0,0,1,7,0,1,1,12,0,0,132,38,111,0,1,3,0,0,45,0,0,0,0,0,122,0,0,0,11,0,87,0,10,3,7,281,8,2,0,2,1,4,0,5,4,5,0,0,4,1,0,1,0,24,26,9,2,0,3,0,2,1,10,1,17,24,0,179,3,0,0,0,1,2,0,53,43,1,0,51,0,0,15,0,3,8,17,6,141,1,4,0,5,0,0,2076.555555555556,2253.75,0,0,4,48,0,0,0,142.2,53.22222222222222,0,337.5,88.33333333333334,0,0,53,0,68.75,2,0,0,0.01,13.333333333333332,0,0.02,0,589.2857142857143,0,59,3,1,101,291.75,95.8,657,0.2857142857142857,466.25,0,4416,0,0,0,8.533333333333333,5024.25,0,0.01,8.002024818,65,56,6176716,15.636297458507885,0.01
May-20,7,11,0,1,1,7,0,0,0,9,0,0,2,2,0,0,0,2,0,7,0,2,0,4,0,2,0,4,0,0,0,0,0,1,3,0,7,5,1,2,0,0,2,3,4,3,0,0,18,0,0,126,18,94,0,0,2,0,0,39,0,0,2,0,0,113,0,0,1,10,2,79,0,6,3,8,252,14,2,2,1,2,1,0,5,3,0,0,0,0,0,0,1,0,26,20,19,2,1,5,0,0,0,6,1,13,24,0,190,4,0,0,0,2,0,0,48,29,0,0,49,0,1,10,2,5,3,13,7,142,3,5,4,5,0,0,1038.2777777777778,4958.25,0,0.01,1,112,0,0,0,426.6,0,0,135,88.33333333333334,0,0,0,2,0,14,0,0.02,0,10.666666666666666,0,0.02,0,471.4285714285714,0,0,0,0,0,97.25,143.7,0,1,2331.25,10.625,2944,0,0,0.02,25.6,2871,672,0,8.054840221101024,93,54,31050643,17.251130106869418,0
Jun-20,6,13,0,1,7,8,1,0,0,18,0,0,4,2,0,0,2,2,1,1,2,0,0,4,1,1,1,5,1,3,3,1,0,5,7,8,5,0,1,3,1,2,0,1,1,2,0,0,13,0,0,150,21,105,0,0,6,1,0,52,0,2,0,0,0,128,0,1,1,12,0,96,1,3,2,10,242,15,3,0,1,1,2,0,5,1,1,0,0,2,1,0,0,0,20,31,5,2,0,6,0,2,1,11,1,17,26,0,235,0,3,0,1,1,1,0,49,41,1,0,35,0,1,11,1,8,5,22,6,154,4,5,1,4,0,3,889.952381,5859.75,0,0.01,7,128,23,0,0,853.1999999999999,0,0,270,88.33333333333334,0,0,106,2,6.25,2,150.16666666666669,0,0,10.666666666666666,0.01,0.01,16.666666666666668,589.2857142857143,0.01,177,4.5,1,0,486.25,335.3,1752,0.7142857142857142,0,10.625,4416,25.5,94,0,8.533333333333333,717.75,448,0,7.999007213243955,33,69,29171151,17.188690833693503,0
Jul-20,11,15,0,0,1,2,0,0,1,13,0,0,4,1,1,0,2,2,0,0,1,0,2,3,1,0,0,10,0,2,0,2,4,2,1,1,0,0,0,3,0,12,0,2,2,2,0,0,15,1,0,153,25,86,2,1,3,0,1,75,1,0,1,1,0,113,0,0,0,13,0,88,1,6,1,12,320,21,2,0,0,1,1,0,5,4,1,0,0,1,0,0,0,0,17,54,14,4,0,3,0,1,1,24,1,17,21,1,194,3,0,0,1,2,0,0,54,53,0,0,41,0,0,7,2,7,2,18,5,163,1,6,5,10,0,1,1631.5793650793653,6761.25,0,0,1,32,0,0,35.1,616.1999999999999,0,0,270,44.16666666666667,10.75,0,106,2,0,0,75.08333333333334,0,0.02,8,0.01,0,0,1178.571428571429,0,118,0,2,404,194.5,47.9,219,0,0,0,4416,0,564,0,17.066666666666666,1435.5,448,0,7.941651252930556,27,52,29615914,17.203822443721066,0
Aug-20,13,9,0,1,2,3,3,8,0,7,0,0,2,0,2,0,1,0,0,5,0,0,0,3,0,2,2,4,0,0,4,2,5,10,0,0,2,1,0,5,0,6,0,3,2,0,1,5,16,0,0,116,20,95,0,0,5,1,0,37,0,0,2,0,0,95,0,0,0,18,1,89,1,4,6,9,252,13,4,0,2,0,5,0,8,6,1,0,0,1,1,0,0,0,25,21,20,0,2,1,0,2,0,14,1,9,23,0,202,3,0,0,0,0,1,0,47,44,0,0,50,0,1,12,2,10,1,12,8,126,0,7,1,7,0,2,1928.2301587301588,4056.75,0,0.01,2,48,91.5,21.333333333333336,0,331.8,0,0,135,0,21.5,0,53,0,0,10,0,0,0,8,0,0.02,33.333333333333336,471.4285714285714,0,0,6,2,505,972.5,0,0,0.2857142857142857,466.25,0,7360,0,282,0,25.6,1435.5,0,0.01,8.294799358992574,54,74,17196840,16.660236262124908,0.05
Sep-20,8,2,0,6,1,3,0,5,0,9,0,4,3,1,1,1,1,2,26,1,9,0,0,1,0,2,0,4,0,9,0,6,0,8,1,0,0,0,1,5,0,1,1,4,3,4,0,7,13,0,0,145,19,112,0,0,2,3,0,69,0,4,2,1,0,145,0,0,5,13,0,105,0,9,5,10,271,6,4,0,0,0,2,0,4,5,1,0,0,4,0,0,2,0,28,18,16,0,0,2,0,3,0,14,1,12,19,0,216,0,0,0,0,1,2,0,56,51,0,0,47,2,1,5,1,3,3,12,4,145,2,10,2,4,0,4,1186.6031746031747,901.5,0,0.06,1,48,0,13.333333333333336,0,426.6,0,4,202.5,44.16666666666667,10.75,0.01,53,2,162.5,2,675.7500000000001,10,0,2.6666666666666665,0,0.02,0,15,0,531,0,6,0,778,47.9,0,0,0,10.625,7360,0,47,0.01,34.13333333333333,2153.25,896,0,9.125435865,17,60,16612567,16.625670075298494,0.07
Oct-20,13,14,0,0,4,8,0,3,1,12,0,2,2,11,1,0,1,0,4,0,1,0,0,3,1,1,0,5,0,0,1,7,2,6,10,0,1,1,3,4,0,4,0,1,7,3,0,1,13,0,0,159,16,115,0,1,5,1,0,71,2,0,5,0,0,132,0,0,9,20,1,100,0,4,21,12,347,12,3,0,1,0,3,1,10,2,0,0,0,4,0,2,0,0,28,27,13,0,0,2,0,0,0,17,1,12,29,2,194,1,0,0,0,0,1,0,63,55,1,0,54,0,0,6,0,10,5,22,10,149,0,8,0,4,0,3,1928.2301587301588,6310.5,0,0,4,128,0,8,35.1,568.8,0,2,135,485.83333333333337,10.75,0,53,0,25,0,75.08333333333334,0,0,8,0.01,0.01,0,589.2857142857143,0,0,1.5,7,202,583.5,479,0,0.1428571428571428,466.25,31.875,5888,0,188,0,8.533333333333333,5024.25,672,0,8.679652119,49,64,16937088,16.64501639062712,0.01
Nov-20,7,10,1,0,3,3,0,1,0,6,0,4,1,0,1,0,3,0,1,2,3,1,2,2,0,1,0,8,0,0,2,2,0,0,3,0,1,1,1,1,0,2,0,2,11,3,0,4,14,0,0,135,35,110,0,0,12,3,0,63,0,7,0,1,0,108,1,0,0,9,2,98,1,5,14,5,281,10,3,0,4,0,1,1,6,7,0,0,1,2,0,0,0,0,26,16,12,2,0,2,0,1,2,22,5,18,19,1,194,2,0,0,1,0,1,0,56,55,0,0,50,0,1,10,1,3,1,15,10,197,1,5,3,16,0,5,1038.2777777777778,4507.5,0.01,0,3,48,0,2.666666666666667,0,284.4,0,4,67.5,0,10.75,0,159,0,6.25,4,225.25000000000003,0.01,0.02,5.333333333333333,0,0.01,0,942.8571428571428,0,0,3,2,0,0,143.7,0,0.1428571428571428,466.25,10.625,1472,0,94,0,17.066666666666666,7895.25,672,0,10.089178426799686,23,63,23989529,16.993128043127506,0.04
Dec-20,13,8,0,1,0,4,2,4,0,9,7,2,10,16,2,0,2,0,20,1,4,0,0,1,0,2,0,13,0,5,2,3,3,10,6,2,2,22,3,4,0,19,2,21,10,1,3,4,19,0,0,158,20,146,0,0,5,1,0,74,1,1,1,0,0,129,0,0,0,24,0,164,3,8,13,9,376,16,2,7,1,0,2,0,9,5,3,0,0,6,1,1,0,0,28,64,13,0,0,4,3,2,1,14,7,22,31,0,267,2,2,0,0,1,5,0,85,50,0,0,47,0,0,11,1,22,4,19,11,167,0,11,5,9,0,1,1928.2301587301588,3606,0,0.01,0,64,61,10.666666666666668,0,426.6,372.55555555555554,2,675,706.6666666666667,21.5,0,106,0,125,2,300.33333333333337,0,0,2.6666666666666665,0,0.02,0,2708,0,295,3,3,303,972.5,287.4,438,0.2857142857142857,10257.5,31.875,5888,0,893,0.02,179.2,7177.5,224,0.03,8.109224953089955,50,50,16060949,16.59190142,0.04
Jan-21,11,13,0,0,0,1,0,0,1,12,0,0,3,0,0,2,0,0,0,3,1,0,0,5,2,1,0,5,0,0,1,0,0,4,2,0,2,0,0,3,0,2,0,1,3,3,0,0,9,0,0,303,43,235,0,1,4,2,0,222,0,1,6,0,0,297,0,0,1,25,0,165,2,8,19,4,626,29,3,2,4,2,5,0,25,0,2,0,0,1,0,1,0,52,34,54,16,0,1,2,0,0,1,28,1,30,16,0,405,4,0,0,0,2,3,0,115,85,1,1,104,0,0,26,1,7,3,31,8,272,1,10,5,9,0,5,1631.5793650793653,5859.75,0,0,0,16,0,0,35.1,1534,0,0,202.5,30,0,0.02,0,0,0,6,75.08333333333334,0,0,13.333333333333332,0.02,0.01,0,589.2857142857143,0,0,1.5,0,0,322,95.8,0,0.2857142857142857,0,0,4416,0,94,0,8.533333333333333,2153.25,672,0,11.686777926672804,56,69,35550223,17.386457015178202,0
Feb-21,11,12,0,1,2,6,0,7,1,4,0,2,3,1,0,0,0,0,0,2,1,2,0,2,1,3,2,11,0,0,3,3,2,5,2,5,4,1,65,2,0,1,0,2,3,1,0,0,11,2,0,134,16,109,0,0,3,2,0,62,0,3,1,0,0,118,0,0,0,18,0,71,2,4,8,9,297,18,5,1,3,0,4,0,9,6,2,0,0,1,0,1,1,2,26,34,9,2,1,1,0,0,0,15,1,11,16,2,187,4,0,0,1,0,0,0,60,42,1,0,48,0,2,5,1,8,9,21,10,151,1,3,1,5,0,2,1631.5793650793653,5409,0,0.01,2,96,0,18.666666666666668,35.1,189.6,0,2,202.5,44.16666666666667,0,0,0,0,0,4,75.08333333333334,0.02,0,5.333333333333333,0.01,0.03,33.333333333333336,1296.4285714285716,0,0,4.5,3,202,486.25,95.8,1095,0.5714285714285714,466.25,690.625,2944,0,47,0,17.066666666666666,2153.25,224,0,9.031452912,38,52,35097194,17.373631770712844,0
Mar-21,7,19,0,0,3,3,0,5,1,10,1,1,8,12,0,1,0,0,2,3,1,0,1,1,3,2,0,9,0,1,1,1,1,3,5,1,4,0,0,3,1,4,1,2,2,7,3,3,19,0,0,204,26,138,0,0,1,2,0,55,1,1,2,0,0,139,0,0,0,18,0,95,1,4,7,19,304,18,1,0,0,1,3,0,5,8,1,0,1,2,0,1,1,5,28,36,29,0,0,4,0,1,0,22,0,12,29,0,207,1,0,0,0,2,0,0,65,55,0,0,47,0,6,7,2,9,12,15,12,170,2,5,7,4,0,3,1038.2777777777778,8564.25,0,0,3,48,0,13.333333333333336,35.1,474,53.22222222222222,1,540,530,0,0.01,0,0,12.5,6,75.08333333333334,0,0.01,2.6666666666666665,0.03,0.02,0,1060.7142857142858,0,59,1.5,1,101,291.75,239.5,219,0.5714285714285714,0,0,4416,25.5,188,0.01,17.066666666666666,1435.5,1568,0.03,8.340217320947035,27,63,54715370,17.817655233402025,0.03
Apr-21,7,7,0,0,2,3,0,4,2,16,0,0,5,6,0,0,1,0,5,2,1,2,0,2,0,3,0,5,0,7,1,0,4,4,2,0,2,0,1,3,0,3,4,1,2,0,1,0,8,0,0,186,28,137,0,0,4,1,0,47,0,4,0,0,0,144,0,0,0,21,0,118,1,7,8,5,301,19,3,0,3,0,1,0,6,2,0,0,0,1,0,0,1,2,37,42,19,1,0,2,0,0,0,24,2,7,25,0,206,0,0,0,0,2,0,0,48,46,1,0,52,0,3,12,1,5,14,25,10,173,0,6,2,8,0,0,1038.2777777777778,3155.25,0,0,2,48,0,10.666666666666668,70.2,758.4,0,0,337.5,265,0,0,53,0,31.25,4,75.08333333333334,0.02,0,5.333333333333333,0,0.03,0,589.2857142857143,0,413,1.5,0,404,389,95.8,0,0.2857142857142857,0,10.625,4416,0,141,0.04,8.533333333333333,1435.5,0,0.01,8.899048433885268,57,66,43985297,17.599365999682906,0
May-21,6,14,0,2,5,1,0,4,1,21,1,1,4,2,1,0,0,2,6,1,1,0,0,5,0,1,1,6,0,0,0,1,1,4,7,1,3,1,2,4,0,1,2,0,3,1,2,2,6,0,0,169,29,108,0,0,0,2,0,67,0,4,1,0,0,157,0,1,0,18,2,75,1,3,4,7,333,12,4,0,4,0,3,0,5,5,2,0,1,5,0,0,1,2,30,22,22,2,0,3,0,0,0,10,1,13,29,0,250,2,0,0,0,0,2,0,60,48,1,0,55,0,4,13,0,2,8,17,8,149,0,5,1,7,0,3,889.952381,6310.5,0,0.02,5,16,0,10.666666666666668,93,995.4,53.22222222222222,1,270,88.33333333333334,10.75,0,0,2,37.5,2,75.08333333333334,0,0,13.333333333333332,0,0.01,16.666666666666668,707.1428571428571,0,0,0,1,101,389,335.3,219,0.4285714285714285,466.25,21.25,5888,0,47,0.02,0,2153.25,224,0.02,8.827614750837508,103,70,53840179,17.801530586534387,0.02
Jun-21,11,12,1,3,3,1,0,1,0,6,0,0,7,1,1,0,1,0,3,4,3,1,0,1,1,2,1,3,0,0,2,0,1,6,2,1,2,0,1,2,0,4,0,9,6,1,1,0,7,0,0,161,50,157,0,0,5,0,0,61,0,2,2,0,0,118,0,0,3,12,0,113,1,6,13,10,297,18,1,1,2,0,3,0,6,5,2,0,0,4,0,0,1,13,25,48,24,3,1,3,0,1,1,13,2,17,24,0,198,1,7,0,0,0,1,0,48,62,0,1,65,0,6,10,0,3,10,29,7,161,5,5,1,10,0,3,1631.5793650793653,5409,0.01,0.03,3,16,0,2.666666666666667,0,284.4,0,0,472.5,715,10.75,0,53,0,18.75,8,225.25000000000003,0.01,0,2.6666666666666665,0.01,0.02,16.666666666666668,353.57142857142856,0,0,3,0,101,583.5,95.8,219,0.2857142857142857,0,10.625,2944,0,188,0,76.8,4306.5,224,0.01,9.927252906,27,76,66828510,18.017640358826053,0
Jul-21,8,10,0,0,5,1,0,5,1,6,0,0,4,1,0,0,3,1,0,2,1,0,0,1,1,2,1,2,0,1,4,2,0,3,3,0,0,0,3,3,0,5,0,5,4,3,1,0,9,0,0,145,24,92,0,0,7,0,0,61,0,2,2,0,0,110,0,1,3,16,0,89,1,5,7,8,290,10,4,1,0,0,5,1,7,6,0,0,0,3,1,0,0,8,14,26,19,0,0,3,0,0,1,18,1,7,29,1,249,0,0,0,0,0,2,0,67,59,0,0,48,0,8,11,2,9,8,24,5,166,1,2,3,13,0,5,1186.6031746031747,4507.5,0,0,5,16,0,13.333333333333336,35.1,284.4,0,0,270,44.16666666666667,0,0,159,1,0,4,75.08333333333334,0,0,2.6666666666666665,0.01,0.02,16.666666666666668,235.7142857142857,0,59,6,2,0,291.75,143.7,0,0,0,31.875,4416,0,235,0,42.66666666666666,2871,672,0.01,9.314339961994667,47,120,70315302,18.06850001445732,0
Aug-21,4,8,0,1,2,5,2,8,1,6,0,2,1,1,0,0,1,0,7,3,2,0,0,3,3,0,1,4,0,1,2,1,4,5,5,0,0,1,0,8,0,1,0,3,1,5,1,2,5,0,0,131,25,104,0,1,2,0,0,58,0,0,1,1,0,125,0,0,0,17,0,73,3,3,3,5,255,20,1,0,3,1,4,1,9,6,4,0,0,2,0,1,0,16,18,31,21,2,0,0,0,0,0,19,0,12,33,0,198,0,0,0,0,1,0,0,58,51,0,0,51,0,4,8,1,10,3,19,8,155,3,1,5,3,0,1,593.3015873015873,3606,0,0.01,2,80,61,16,35.1,284.4,0,2,67.5,44.16666666666667,0,0,53,0,43.75,6,150.16666666666669,0,0,8,0.03,0,16.666666666666668,471.4285714285714,0,59,3,1,404,486.25,239.5,0,0,466.25,0,11776,0,47,0,25.6,717.75,1120,0.01,8.966866554188723,35,90,71922291,18.09109681636289,0.02
Sep-21,15,5,0,2,6,1,0,1,2,14,3,4,2,1,0,0,2,0,5,2,0,0,0,2,0,3,0,7,0,0,2,0,4,6,2,0,1,0,1,1,0,1,3,7,1,1,1,2,8,0,0,163,18,100,0,0,3,0,0,70,0,1,4,1,0,134,0,0,2,10,0,71,3,3,19,9,307,20,0,0,2,1,6,0,4,11,2,0,1,2,0,0,0,35,31,37,19,2,0,6,0,1,0,16,0,9,26,0,217,3,3,0,0,0,0,0,76,43,0,0,61,0,7,14,1,11,4,20,2,184,2,2,7,7,0,0,2224.8809523809527,2253.75,0,0.02,6,16,0,2.666666666666667,70.2,663.6,159.66666666666666,4,135,44.16666666666667,0,0,106,0,31.25,4,1,0,0,5.333333333333333,0,0.03,0,825,0,0,3,0,404,583.5,95.8,0,0.1428571428571428,0,10.625,1472,0,47,0.03,59.73333333333333,717.75,224,0.01,7.867488568699128,27,69,54610741,17.81574116129111,0.02
Oct-21,6,14,0,1,0,3,0,3,0,11,0,6,4,1,0,1,1,4,3,0,1,0,0,1,0,0,2,8,1,2,2,0,2,5,10,0,1,0,0,6,1,6,0,5,1,0,3,2,8,1,0,140,27,91,1,0,3,1,0,72,2,1,1,0,0,155,0,1,0,20,0,118,4,6,12,8,352,14,2,0,0,0,1,0,7,6,2,0,0,2,0,0,0,11,26,27,13,3,0,2,0,1,0,14,1,16,32,4,195,3,5,0,0,1,1,0,69,62,0,0,61,0,12,9,1,12,11,22,4,164,2,12,3,10,0,2,889.952381,6310.5,0,0.01,0,48,0,8,0,521.4,0,6,270,44.16666666666667,0,0.01,53,4,18.75,0,75.08333333333334,0,0,2.6666666666666665,0,0,33.333333333333336,942.8571428571428,0.01,118,3,0,202,486.25,479,0,0.1428571428571428,0,0,8832,25.5,282,0,42.66666666666666,717.75,0,0.03,8.646113971483077,44,76,55954121,17.840042662930745,0.02
Nov-21,9,9,0,3,4,4,0,3,8,4,0,0,2,4,1,0,1,0,9,1,7,0,0,1,2,2,1,9,0,1,0,0,5,3,4,0,1,5,0,5,0,4,0,4,2,3,2,0,18,1,0,153,23,106,1,0,2,0,0,108,1,0,0,0,0,150,0,1,1,22,1,109,2,2,5,10,379,21,3,0,0,0,2,0,8,4,2,0,1,2,0,0,0,32,29,24,17,3,0,2,0,0,0,18,0,21,20,4,205,3,7,0,0,1,1,0,50,58,0,0,45,0,9,8,1,6,10,17,2,245,4,3,0,9,0,1,1334.9285714285716,4056.75,0,0.03,4,64,0,8,280.8,189.6,0,0,135,176.66666666666669,10.75,0,53,0,56.25,2,525.5833333333334,0,0,2.6666666666666665,0.02,0.02,16.666666666666668,1060.7142857142858,0,59,0,0,505,291.75,191.6,0,0.1428571428571428,2331.25,0,7360,0,188,0,34.13333333333333,1435.5,672,0.02,8.290794347381356,26,65,55640956,17.83443012472782,0
Dec-21,26,3,0,1,0,1,0,3,0,14,4,1,12,5,1,0,3,0,19,0,7,0,0,0,3,3,1,18,0,7,1,0,3,6,2,2,1,6,0,1,0,18,0,25,13,1,2,4,17,0,0,189,27,118,0,2,29,1,0,82,0,0,9,0,0,193,0,1,0,21,1,134,5,4,9,3,380,13,0,2,2,0,2,0,6,5,1,0,0,9,0,2,0,93,32,56,20,2,0,1,1,2,0,35,1,14,28,0,243,1,9,0,0,0,16,0,70,89,1,0,55,0,4,12,0,12,8,22,7,214,3,3,4,8,0,1,3856.4603174603176,1352.25,0,0.01,0,16,0,8,0,663.6,212.88888888888889,1,810,220.83333333333337,10.75,0,159,0,118.75,0,525.5833333333334,0,0,0,0.03,0.03,16.666666666666668,19887,0,413,1.5,0,303,583.5,95.8,438,0.1428571428571428,2797.5,0,1472,0,846,0,213.33333333333331,9330.75,224,0.02,7.945555428253489,57,61,65813119,18.002329768516848,0.04
Jan-22,7,9,0,0,1,1,0,0,0,4,0,1,5,2,2,0,1,0,15,4,2,0,0,3,2,5,7,7,0,0,1,0,1,10,1,0,2,1,1,3,0,5,0,4,5,1,2,3,12,0,0,336,37,234,2,3,5,1,0,240,0,1,4,3,0,325,0,0,4,43,0,162,1,4,9,14,749,20,4,2,3,4,1,0,11,5,5,0,0,10,0,0,0,612,48,74,24,0,1,2,0,1,0,38,0,22,32,0,500,1,2,0,1,1,2,0,120,118,0,1,96,0,1,24,1,7,6,46,11,336,1,11,4,17,0,2,1038.2777777777778,4056.75,0,0,1,16,0,19,0,46,0,1,337.5,88.33333333333334,1,0,53,0,1,8,111,119,234,13,0.02,0.05,116.66666666666669,146,0,2,1.5,0,101,972.5,47.9,0,0.2857142857142857,900,10.625,4416,0,235,0,34.13333333333333,3588.75,224,0.02,8.146419323098003,62,84,62381831,17.948784637099994,0.03
Feb-22,19,11,1,1,2,4,1,8,1,25,0,4,6,0,1,5,5,0,2,4,3,0,1,12,0,0,0,16,0,0,1,5,3,10,6,1,3,0,2,6,0,3,1,5,2,6,5,0,12,0,2,131,17,95,0,1,2,0,0,65,0,0,4,6,0,129,0,0,1,12,1,71,2,3,6,6,288,11,1,0,4,3,4,0,4,11,1,0,0,1,0,0,0,59,26,39,17,1,0,6,0,1,0,19,1,12,20,0,219,2,0,0,1,0,0,0,44,49,1,0,46,0,5,7,0,8,5,10,2,152,3,1,2,4,0,0,2818.18254,4958.25,0.01,0.01,2,64,30.5,21.333333333333336,35.1,1185,0,4,405,0,10.75,0.05,265,0,12.5,8,225.25000000000003,0,0.01,32,0,0,0,1885.7142857142856,0,0,1.5,5,303,972.5,287.4,219,0.4285714285714285,0,21.25,8832,0,141,0.01,42.66666666666666,1435.5,1344,0.05,9.936390272211836,32,74,60136983,17.912135584616305,0
Mar-22,10,7,0,3,3,1,0,3,0,9,0,0,11,2,0,0,1,0,1,7,0,0,1,5,0,0,0,5,0,6,6,12,4,4,1,1,0,1,3,3,0,20,0,8,4,1,3,1,15,0,2,161,28,127,0,1,5,2,0,48,0,0,5,4,0,142,0,0,0,9,0,112,3,7,2,7,348,18,4,0,1,5,5,1,3,7,4,0,2,1,0,0,0,115,24,33,27,1,1,6,0,0,0,20,1,12,30,0,211,3,2,0,0,2,0,0,67,60,1,0,59,0,1,11,0,7,4,27,8,168,1,2,1,2,0,3,1483.2539682539684,3155.25,0,0.03,3,16,0,8,0,426.6,0,0,742.5,88.33333333333334,0,0,53,0,280,14,0,0,0.01,13.333333333333332,0,0,0,589.2857142857143,0,354,9,12,404,389,47.9,219,0,466.25,31.875,4416,0,940,0,68.26666666666667,2871,224,0.03,10.269795945443098,27,58,51499029,17.757073530505128,0.01
Apr-22,5,8,1,5,1,7,0,0,1,11,0,1,2,1,2,0,1,1,0,0,0,0,0,1,0,1,7,21,0,3,0,3,0,1,9,0,3,1,1,3,0,1,2,1,2,4,3,0,14,2,2,165,23,98,0,0,3,0,0,61,0,1,0,3,0,131,0,0,0,14,0,79,3,1,4,7,306,20,2,0,3,3,5,0,11,8,3,0,0,2,0,0,0,112,36,30,22,1,0,4,0,1,0,19,1,14,24,0,210,1,6,0,0,2,2,0,53,56,0,0,46,0,6,11,1,5,11,15,7,196,6,4,9,2,0,1,741.6269841269842,3606,0.01,0.05,1,112,0,0,35.1,521.4,0,1,135,44.16666666666667,21.5,0,53,1,0,0,0,0,0,2.6666666666666665,0,0.01,116.66666666666669,2475,0,177,0,3,0,97.25,431.1,0,0.4285714285714285,466.25,10.625,4416,0,47,0.02,8.533333333333333,1435.5,896,0.03,8.822027322685583,59,71,53334948,17.792102377821145,0
May-22,28,14,1,1,5,3,0,3,1,3,0,5,8,9,2,0,2,0,3,1,0,0,0,0,1,3,0,20,0,0,1,4,2,3,1,0,1,1,1,6,0,2,0,5,1,2,0,1,13,0,3,177,24,100,0,0,3,1,0,56,1,0,2,4,0,135,0,0,1,23,0,87,1,8,7,6,329,21,4,0,7,5,1,0,3,9,2,0,0,3,0,0,1,116,34,39,26,0,1,9,0,2,0,17,0,15,27,2,214,2,1,1,0,1,1,0,66,76,0,0,53,0,2,4,0,6,10,16,10,162,2,3,2,9,0,1,4153.111111111111,6310.5,0.01,0.01,5,48,0,8,35.1,142.2,0,5,540,397.50000000000006,21.5,0,106,0,18.75,2,0,0,0,0,0.01,0.03,0,341,0,0,1.5,4,202,291.75,47.9,0,0.1428571428571428,466.25,10.625,8832,0,94,0,42.66666666666666,717.75,448,0,8.791029857045965,87,104,62476241,17.95029691443967,0.01
Jun-22,9,21,0,1,2,5,0,8,9,11,0,1,3,1,1,1,1,0,1,3,0,0,0,2,0,4,6,10,0,0,2,2,0,2,6,0,0,0,1,4,0,0,0,2,0,5,6,0,14,0,1,233,56,136,0,1,5,7,0,57,0,1,2,7,0,160,0,0,1,22,0,117,0,2,6,5,335,14,1,1,1,4,3,0,5,5,0,0,0,2,1,0,0,201,28,42,25,7,0,6,0,3,0,16,0,13,26,0,266,2,0,0,0,2,2,0,69,66,0,0,62,0,4,11,4,9,4,28,8,194,4,4,5,13,0,2,1334.9285714285716,9465.75,0,0.01,2,80,0,21.333333333333336,315.90000000000003,521.4,0,1,202.5,44.16666666666667,10.75,0.01,53,0,6.25,6,0,0,0,5.333333333333333,0,0.04,100,796026,0,0,3,2,0,194.5,287.4,0,0,0,10.625,5888,0,0,0,17.066666666666666,0,1120,0.06,8.499232866039245,37,103,99788971,18.418568234174003,0
Jul-22,7,19,0,2,2,5,0,7,2,14,1,0,5,0,1,0,3,1,1,2,1,1,0,0,2,0,0,6,5,2,5,3,2,23,7,1,5,0,0,5,0,3,1,4,0,5,1,1,17,0,2,152,21,98,0,0,3,0,0,89,0,1,4,1,0,128,0,0,0,6,0,76,0,7,4,10,352,12,3,0,8,5,8,1,4,9,6,0,0,2,0,0,1,134,34,33,19,0,0,9,0,1,0,11,0,17,31,1,224,4,0,0,0,0,0,0,49,60,1,0,41,0,4,6,1,7,6,17,6,185,3,22,5,5,0,0,1038.2777777777778,8564.25,0,0.02,2,80,0,18.666666666666668,70.2,663.6,53.22222222222222,0,337.5,0,10.75,0,159,1,6.25,4,75.08333333333334,0.01,0,0,0.02,0,0,707.1428571428571,0.05,118,7.5,3,202,2236.75,335.3,219,0.7142857142857142,0,0,7360,0,1,0.01,34.13333333333333,0,1120,0.01,8.397057390176256,53,117,103912786,18.45906252,0.01
Aug-22,8,13,0,0,3,6,0,3,6,12,1,0,3,1,1,0,2,1,7,1,2,0,0,6,0,2,0,4,0,0,3,2,9,5,3,1,2,1,0,12,0,2,0,4,4,0,1,1,10,0,1,167,32,110,1,2,0,0,0,61,0,2,2,3,0,116,1,0,1,14,1,82,0,7,6,6,315,11,3,0,5,5,5,0,5,8,1,0,0,0,0,0,0,198,20,29,25,8,0,13,0,0,1,12,2,9,29,1,194,0,1,0,1,0,2,0,52,66,0,0,66,0,3,7,2,10,17,25,13,185,3,24,10,4,0,1,1186.6031746031747,5859.75,0,0,3,96,0,8,210.6,568.8,53.22222222222222,0,202.5,44.16666666666667,10.75,0,106,1,43.75,2,150.16666666666669,0,0,16,0,0.02,0,471.4285714285714,0,0,4.5,2,909,486.25,143.7,219,0.2857142857142857,466.25,0,17664,0,94,0,34.13333333333333,2871,0,0.01,12.01192341678048,26,120,100119116,18.421871205072257,0.01
Sep-22,10,12,0,2,4,3,0,2,0,6,0,1,9,0,1,12,2,0,3,0,4,0,0,16,0,0,0,6,0,7,4,5,3,5,4,0,1,0,0,1,0,0,3,6,2,1,4,1,8,0,1,152,19,108,1,0,1,0,0,69,0,2,1,1,1,132,0,0,0,15,0,108,0,2,5,4,323,34,3,0,4,4,0,1,11,5,5,0,0,3,0,0,0,303,30,44,14,4,1,8,0,3,0,14,1,10,23,0,231,0,2,0,1,3,2,0,62,75,0,0,57,0,4,8,0,17,5,23,3,189,2,5,15,6,0,0,1483.2539682539684,5409,0,0.02,4,48,0,5.333333333333334,0,126,0,1,607.5,0,10.75,0.12,106,0,18.75,0,300.33333333333337,119,0,42.66666666666666,0,0,0,707.1428571428571,0,413,6,5,303,486.25,191.6,0,0.1428571428571428,0,0,1472,0,0,0.03,51.2,1435.5,224,0.04,9.134107065976591,30,119,103098274,18.45119321751841,0.01
Oct-22,10,16,1,1,0,5,8,5,2,12,0,0,3,2,0,0,0,0,3,1,0,0,0,3,0,1,1,5,0,4,2,2,2,22,8,0,2,0,0,0,1,3,0,3,1,7,16,2,12,0,2,164,23,109,0,0,3,0,0,88,0,0,3,4,1,133,0,0,0,13,0,91,4,6,6,9,360,11,1,1,9,3,5,2,3,7,3,0,0,3,0,0,0,246,20,35,22,1,2,12,0,0,0,22,0,8,27,1,223,5,5,0,0,0,3,0,66,72,1,0,62,0,1,7,1,5,13,14,7,160,7,5,7,6,0,2,1483.2539682539684,7212,0.01,0.01,0,80,244,13.333333333333336,70.2,568.8,0,0,202.5,88.33333333333334,0,0,0,0,18.75,2,0,0,0,8,0,0.01,16.666666666666668,589.2857142857143,0,236,3,2,202,2139.5,383.2,0,0.2857142857142857,0,0,0,25.5,141,0,25.6,717.75,1568,0.16,8.924922401177469,43,88,58292636,17.880986348319105,0.02
Nov-22,9,24,1,0,0,5,0,5,0,7,1,0,7,0,0,0,2,1,1,3,11,0,1,4,2,1,0,24,0,4,2,0,2,8,2,1,3,0,1,3,0,0,0,4,5,0,0,0,10,0,1,159,15,111,0,0,3,1,0,77,0,2,0,4,0,155,0,0,2,19,0,122,1,3,6,5,349,25,1,2,1,4,0,0,6,5,4,0,0,5,0,0,1,264,31,38,19,2,2,11,0,2,0,21,3,12,23,0,250,8,13,0,0,3,0,0,67,58,0,0,53,0,3,15,0,11,5,22,2,173,1,9,3,4,0,0,1334.9285714285716,10818,0.01,0,0,80,0,13.333333333333336,0,331.8,53.22222222222222,0,472.5,0,0,0,400,1,6.25,6,825.9166666666667,0,0.01,10.666666666666666,0.02,0.01,0,2828.5714285714284,0,236,3,0,202,778,95.8,219,0.4285714285714285,0,10.625,4416,0,0,0,34.13333333333333,3588.75,0,0,9.125435865,29,71,47074368,17.667239228275328,0
Dec-22,10,49,0,0,2,5,9,9,49,40,4,3,4,21,1,0,3,1,13,0,4,1,0,10,15,0,1,24,0,3,0,0,2,26,3,5,6,10,2,2,0,40,1,20,9,3,1,2,19,0,2,159,21,133,1,0,21,1,0,108,1,3,1,1,0,162,0,0,1,15,2,156,3,3,3,3,374,20,7,1,2,5,3,0,11,4,4,0,0,3,0,0,0,455,40,52,10,0,0,6,3,0,0,28,0,15,22,0,250,10,7,0,2,2,9,0,94,71,1,0,50,0,7,7,2,25,7,21,5,191,1,3,5,7,0,9,1483.2539682539684,22086.75,0,0,2,80,274.5,408,1719.9,28,212.88888888888889,3,270,455,10.75,0,49,1,81.25,0,300.33333333333337,0.01,0,26.666666666666664,0.15,0,16.666666666666668,2828.5714285714284,0,177,0,0,202,2528.5,143.7,1095,0.8571428571428571,4662.5,21.25,2944,0,1880,0.01,170.66666666666666,6459.75,672,0.01,9.296334565143043,52,69,42956628,17.575701536743438,0.02
Jan-23,9,14,0,4,2,1,0,4,0,16,0,2,5,2,3,0,3,1,2,1,2,0,3,6,1,0,0,10,0,1,1,1,2,7,6,0,2,1,3,2,0,0,1,5,1,2,2,0,17,0,3,331,43,198,0,0,9,1,0,281,0,1,1,1,0,334,0,0,0,40,0,196,7,6,9,6,859,41,7,2,2,4,3,0,8,9,7,0,0,6,1,1,0,1418,53,68,18,5,0,12,0,2,0,34,2,29,30,0,672,6,11,0,1,2,1,0,148,139,0,0,91,0,4,33,0,16,4,71,8,481,4,6,6,15,0,5,1334.9285714285716,6310.5,0,0.04,2,16,0,10.666666666666668,0,890,0,2,337.5,9335,32.25,0,159,1,17,2,73,0,0.03,6,0.01,0,0,41,0,59,1,1,202,680.75,4,0,0.2857142857142857,466.25,31.875,2944,0,0,0.01,2,319,55,0.02,9.902336890778733,78,71,25119710,17.039163394721022,0
Feb-23,12,14,0,1,0,3,0,5,0,11,0,0,4,0,2,4,1,1,3,2,1,1,0,3,1,2,0,5,0,4,1,0,1,7,8,0,4,3,0,0,0,0,0,4,1,1,1,1,14,0,2,146,21,74,0,0,4,1,0,74,0,2,5,4,0,155,0,0,1,20,0,93,1,2,6,3,290,25,4,0,2,2,3,0,2,7,2,0,0,2,1,0,0,228,16,27,10,3,0,9,0,0,1,16,0,12,19,0,254,0,0,0,1,2,2,0,77,45,0,0,37,0,2,9,1,13,8,22,4,171,2,3,8,6,0,1,1779.904761904762,6310.5,0,0.01,0,48,0,13.333333333333336,0,521.4,0,0,270,0,21.5,0.04,53,1,18.75,4,75.08333333333334,0.01,0,8,0.01,0.02,0,589.2857142857143,0,236,1.5,0,101,680.75,383.2,0,0.5714285714285714,1398.75,0,0,0,0,0,34.13333333333333,717.75,224,0.01,8.987571750367046,24,63,48565749,17.69842910791975,0.01
Mar-23,3,14,1,0,4,6,0,3,0,4,0,3,5,0,2,7,0,1,4,9,3,1,0,2,0,2,0,3,0,0,3,2,2,4,0,2,5,0,3,1,1,1,3,2,2,3,1,1,5,1,3,232,27,157,1,0,3,0,0,66,0,3,0,2,1,198,0,0,0,26,2,119,2,1,7,3,414,20,3,0,4,5,1,0,5,1,5,0,0,1,0,0,1,314,34,48,13,1,0,10,0,1,0,25,0,15,17,0,352,3,0,0,0,4,1,0,73,60,0,0,55,2,3,6,1,5,14,26,4,233,4,5,2,8,0,0,444.9761904761905,6310.5,0.01,0,4,96,0,8,0,189.6,0,3,337.5,0,21.5,0.07,0,1,25,18,225.25000000000003,0.01,0,5.333333333333333,56,0.02,0,353.57142857142856,0,0,4.5,2,202,389,0,438,0.7142857142857142,0,31.875,1472,25.5,47,0.03,17.066666666666666,1435.5,672,0.01,8.973731569708402,20,92,27132422,17.116239991373284,0.01
Apr-23,6,5,0,1,0,3,1,2,1,5,2,3,2,0,2,0,2,0,9,1,0,0,0,3,2,7,2,17,0,0,2,6,6,10,1,0,3,1,1,4,0,1,0,6,2,4,4,1,14,0,2,175,27,109,3,0,3,3,0,59,0,2,4,1,0,157,0,0,0,15,1,105,5,1,1,5,498,15,2,0,3,0,1,0,7,10,3,0,0,3,0,0,4,258,23,36,15,8,0,14,0,0,0,25,0,15,26,0,333,3,7,0,0,1,1,0,54,42,0,0,54,0,1,12,4,8,5,23,7,176,7,3,4,8,0,4,889.952381,2253.75,0,0.01,0,48,30.5,5.333333333333334,35.1,237,106.44444444444444,3,135,0,21.5,0,106,0,56.25,2,0,0,0,8,0.02,0.07,33.333333333333336,2003.571428571429,0,0,3,6,606,972.5,47.9,0,0.4285714285714285,466.25,10.625,5888,0,47,0,51.2,1435.5,1682,0.04,8.809564253,93,67,22300835,16.92013472,0.01
May-23,11,8,0,0,0,6,0,6,0,7,0,2,9,1,1,4,0,2,5,1,8,1,0,11,1,5,2,15,0,2,1,1,0,9,5,1,6,20,0,1,1,2,3,3,3,3,2,10,13,0,4,174,27,131,2,1,6,0,0,83,0,1,3,2,0,188,0,0,1,19,0,139,4,4,3,3,428,18,2,0,1,2,0,2,8,4,1,0,0,4,1,0,1,304,42,36,22,7,0,11,0,2,1,31,0,12,23,0,287,2,1,0,1,4,3,0,91,56,0,0,51,0,4,9,0,16,5,22,7,202,4,3,1,11,0,1,1631.5793650793653,3606,0,0,0,96,0,16,0,331.8,0,2,607.5,44.16666666666667,10.75,0.04,0,2,31.25,2,600.6666666666667,0.01,0,29.33333333333333,0.01,0.05,33.333333333333336,1767.857142857143,0,118,1.5,1,0,875.25,239.5,219,0.8571428571428571,9325,0,1472,25.5,94,0.03,25.6,2153.25,672,0.02,8.856091055,63,64,29089130,17.185875157216657,0.1
Jun-23,5,8,0,3,3,2,1,4,2,8,0,0,8,2,1,1,2,0,3,1,9,0,0,18,0,0,3,4,0,1,1,2,1,7,2,0,2,3,1,0,0,2,4,5,6,2,0,3,16,0,2,152,20,115,0,1,5,0,0,71,0,1,4,3,0,165,0,0,2,19,0,127,3,0,6,6,409,17,1,1,2,2,1,1,2,9,4,0,0,4,0,0,0,473,29,29,13,3,0,6,0,1,0,23,1,20,24,0,338,3,0,0,0,1,4,0,87,58,0,1,51,0,4,11,1,19,8,42,1,154,5,0,4,9,0,1,741.6269841269842,3606,0,0.03,3,32,30.5,10.666666666666668,70.2,379.2,0,0,540,88.33333333333334,10.75,0.01,106,0,18.75,2,675.7500000000001,0,0,48,0,0,50,471.4285714285714,0,59,1.5,2,200,680.75,95.8,0,0.2857142857142857,1398.75,10.625,0,0,94,0.04,42.66666666666666,4306.5,448,0,8.853951102,51,70,45313290,17.62911094697853,0.03
Jul-23,8,8,0,2,2,3,0,4,1,14,0,0,3,2,0,0,1,0,3,0,1,0,0,5,2,0,1,8,0,7,1,0,0,7,3,0,2,1,1,3,0,0,4,13,2,3,0,1,11,0,2,145,27,94,0,0,1,0,0,93,0,1,2,1,0,151,2,1,0,13,1,120,4,2,4,5,415,22,2,0,2,2,4,0,3,8,3,0,0,5,0,0,1,313,23,33,6,10,1,10,0,0,0,36,0,16,25,0,294,7,2,0,0,0,3,0,83,59,0,0,54,0,5,11,1,9,8,33,6,214,9,3,6,4,0,0,1186.6031746031747,3606,0,0.02,2,48,0,10.666666666666668,35.1,144,0,0,202.5,88.33333333333334,0,0,53,0,18.75,0,75.08333333333334,0,0,13.333333333333332,0.02,0,16.666666666666668,942.8571428571428,0,413,1.5,0,0,680.75,143.7,0,0.2857142857142857,466.25,10.625,4416,0,0,0.04,110.93333333333334,1435.5,672,0,8.787067645218054,29,113,51071405,17.748735329084884,0.01
Aug-23,7,13,1,1,2,2,0,1,1,17,0,1,9,2,1,0,2,0,1,1,2,0,0,18,1,8,1,13,0,14,1,1,11,15,7,1,2,0,1,2,0,4,2,9,2,2,4,1,24,0,3,118,24,93,0,0,6,0,0,66,0,1,9,7,0,160,0,0,0,19,4,115,4,6,6,21,383,14,1,1,2,1,1,0,1,9,8,0,0,5,0,1,0,284,38,31,21,5,0,11,0,0,0,21,3,16,37,0,279,0,2,0,0,9,3,0,86,66,0,0,61,0,1,4,1,12,9,36,4,188,3,0,4,9,0,5,1038.2777777777778,5859.75,0.01,0.01,2,32,0,2.666666666666667,35.1,805.8,0,1,607.5,88.33333333333334,10.75,0,106,0,6.25,2,150.16666666666669,0,0,48,0.01,0.08,16.666666666666668,1532.142857142857,0,826,1.5,1,1111,1458.75,335.3,219,0.2857142857142857,0,10.625,2944,0,188,0.02,76.8,1435.5,448,0.04,8.798907492088226,22,106,49589437,17.71928842547107,0.01
Sep-23,8,8,2,2,1,9,1,12,3,14,0,1,4,6,0,0,1,2,2,1,1,0,0,7,0,1,0,10,0,10,2,2,4,7,4,1,2,0,0,4,0,2,1,9,2,1,0,0,17,0,2,144,29,114,1,0,4,1,0,60,0,1,3,3,0,173,0,0,1,16,1,136,1,4,3,26,415,21,1,1,5,1,3,0,11,6,5,0,1,3,0,1,0,402,41,25,26,3,1,8,0,2,0,31,2,12,30,0,346,3,9,0,0,2,0,0,77,53,0,0,50,0,1,7,1,12,4,30,5,194,6,2,3,8,0,1,1186.6031746031747,3606,0.02,0.02,1,144,38,32,105.3,663.6,0,1,270,265,0,0,53,2,12.5,2,75.08333333333334,0,0,18.666666666666664,0,0.01,0,1178.571428571429,0,590,3,2,404,680.75,191.6,219,0.2857142857142857,0,0,5888,0,94,0.01,76.8,1435.5,224,0,8.837826364007704,36,62,44554838,17.612231325511036,0
Oct-23,17,5,1,8,2,4,0,1,1,14,1,3,8,1,2,10,1,4,8,0,5,1,0,6,2,2,2,13,0,7,4,1,0,29,6,0,2,2,6,1,11,0,2,5,5,2,3,1,14,0,0,165,31,89,1,0,3,0,0,105,0,2,4,1,0,173,0,0,1,25,2,143,9,3,3,16,418,37,3,0,7,0,6,0,8,14,3,0,0,3,1,0,0,408,37,38,23,2,1,16,0,0,0,31,1,16,22,3,364,6,2,0,0,0,0,0,96,54,0,0,45,1,7,11,5,15,10,43,3,212,2,8,4,9,0,5,2521.531746031746,2253.75,0.01,0.08,2,64,0,2.666666666666667,35.1,663.6,53.22222222222222,3,540,44.16666666666667,21.5,0.1,53,4,50,0,375.41666666666674,0.01,0,16,0.02,0.02,33.333333333333336,1532.142857142857,0,413,6,1,0,2820.25,287.4,0,0.2857142857142857,932.5,63.75,1472,280.5,0,0.02,42.66666666666666,3588.75,448,0.03,10.024775549743328,32,59,42918616,17.574816252467627,0.01
Nov-23,18,16,0,2,1,0,0,2,5,14,0,0,2,1,2,0,1,1,8,1,2,0,0,15,0,3,1,27,0,2,4,2,0,8,11,1,4,3,0,6,0,0,0,17,12,2,3,2,20,0,3,155,22,116,1,1,3,1,0,86,0,3,5,3,0,164,0,0,2,24,0,154,2,4,1,14,410,34,6,0,9,2,2,1,6,9,2,0,0,2,0,0,0,387,36,36,21,7,1,13,1,0,0,29,3,18,25,0,316,3,13,0,0,3,2,0,75,53,0,0,55,0,4,7,0,16,10,45,5,195,0,2,0,8,0,1,2669.857142857143,7212,0,0.02,1,0,0,5.333333333333334,175.5,663.6,0,0,135,44.16666666666667,21.5,0,53,1,50,2,150.16666666666669,0,0,40,0,0.03,16.666666666666668,3182.1428571428573,0,118,6,2,0,778,526.9,219,0.5714285714285714,1398.75,0,8832,0,0,0,145.06666666666666,8613,448,0.03,9.692519577152051,28,82,38310259,17.461228303393558,0.02
Dec-23,30,32,0,1,5,0,0,3,15,40,9,5,6,3,1,0,7,2,12,1,40,0,0,7,20,1,4,34,0,16,3,1,1,28,16,2,0,1,0,4,0,9,2,16,16,3,3,0,29,0,2,197,51,130,2,0,21,2,0,98,1,4,5,3,0,175,0,0,2,33,0,206,7,5,4,10,492,18,8,2,1,1,2,0,10,8,1,0,2,8,0,0,1,485,43,80,21,3,1,9,2,0,2,49,2,19,35,0,380,7,17,0,1,1,8,0,123,71,0,0,58,0,8,5,2,36,12,43,8,211,3,8,5,8,0,2,4449.7619047619055,14424,0,0.01,5,0,0,8,526.5,1896,479,5,405,132.5,10.75,0,371,2,75,2,34,0,0,18.666666666666664,0.2,0.01,66.66666666666667,4007.142857142857,0,944,4.5,1,101,2723,766.4,438,0,466.25,12,5888,0,423,0.02,136.53333333333333,11484,672,0.03,9.671303257,51,64,37099852,17.429123565305662,0
Jan-24,11,12,1,0,1,5,1,7,4,16,0,0,14,1,3,12,1,0,4,0,0,0,0,10,2,5,0,6,0,0,2,0,2,12,9,9,7,0,0,2,0,1,1,14,6,4,0,3,13,6,2,280,50,170,0,0,11,0,0,228,1,3,6,1,0,343,1,0,0,55,2,200,4,5,3,18,760,61,14,1,2,2,4,1,14,6,5,0,0,1,1,4,1,1213,65,51,26,7,2,10,0,3,2,46,0,35,22,0,783,3,5,0,0,3,3,0,130,114,0,0,104,1,2,25,1,18,14,73,13,341,2,9,2,17,0,1,1631.5793650793653,5409,0.01,0,1,80,30.5,4,164,570,149,0,945,4,63,0.12,53,0,3,0,5219,0,0,2,0.02,0.05,100,121743,0,2,3,0,202,2,3,1971,1,1400,0,2944,0,47,0.01,119.46666666666668,4306.5,896,0,9.921818509220852,52,61,21439613,16.880750890273465,0.03
Feb-24,18,28,0,0,1,4,0,7,0,17,0,1,5,2,0,1,2,1,7,1,1,2,0,5,3,1,4,9,0,0,3,2,0,16,5,3,4,3,1,10,0,0,0,13,7,4,0,1,18,11,5,149,21,108,2,0,0,1,2,73,0,2,4,2,0,153,0,1,0,23,1,127,1,9,7,22,352,17,2,1,3,0,11,1,7,13,2,0,0,4,0,2,0,284,24,40,31,5,6,16,0,2,0,29,0,11,43,0,357,3,1,0,0,2,0,0,108,44,0,0,46,1,3,7,0,9,9,33,8,193,1,7,3,3,0,3,2669.857142857143,12621,0,0,1,64,0,18.666666666666668,0,805.8,0,1,337.5,88.33333333333334,0,0.01,106,1,43.75,2,75.08333333333334,0.02,0,13.333333333333332,0.03,0.01,66.66666666666667,1060.7142857142858,1,0,4.5,2,0,1556,239.5,657,0.5714285714285714,1398.75,10.625,14720,0,0,0,110.93333333333334,5024.25,896,0,9.155356063643422,44,71,25355444,17.048504057836183,0.01
Mar-24,12,10,1,2,2,6,3,3,2,12,4,2,4,1,3,1,1,1,7,5,5,0,0,6,0,3,3,13,0,6,3,1,0,12,9,1,2,5,1,9,0,0,3,8,15,2,0,0,12,6,3,180,46,106,1,0,2,2,0,73,0,3,4,2,0,155,0,1,3,26,2,135,3,3,7,16,367,25,1,0,4,0,2,0,65,12,1,0,0,7,0,0,1,349,22,44,23,8,10,10,0,1,0,25,2,15,29,5,550,3,1,0,0,3,0,0,88,58,0,0,38,0,3,13,1,14,14,36,5,266,5,9,9,12,0,0,1779.904761904762,4507.5,0.01,0.02,2,96,91.5,8,70.2,568.8,212.88888888888889,2,270,44.16666666666667,32.25,0.01,53,1,43.75,10,375.41666666666674,93,0,16,0,0.03,50,1532.142857142857,0,354,4.5,1,0,1167,431.1,219,0.2857142857142857,2331.25,10.625,13248,0,0,0.03,68.26666666666667,10766.25,448,0,9.161360189754465,42,71,21809876,16.897873498547053,0
Apr-24,14,6,0,3,4,3,0,3,4,14,0,1,7,0,1,0,0,0,6,3,6,1,1,7,0,5,0,10,0,0,2,0,1,23,14,2,6,0,0,2,0,2,3,7,9,2,6,3,16,3,2,185,49,132,1,2,2,2,1,71,0,3,4,6,0,200,0,0,1,22,2,107,1,11,4,20,431,20,2,0,6,0,4,0,5,19,6,0,0,2,0,5,0,309,34,61,41,3,10,16,0,0,0,31,1,20,32,5,383,1,2,0,0,2,1,0,74,62,0,0,71,0,4,16,0,7,11,39,11,250,3,2,7,12,0,3,2076.555555555556,2704.5,0,0.03,4,48,0,8,140.4,663.6,0,1,472.5,0,10.75,0,0,0,37.5,6,450.50000000000006,0.01,0.01,18.666666666666664,0,0.05,0,1178.571428571429,0,0,3,0,101,2236.75,670.6,438,0.8571428571428571,0,0,2944,0,94,0.03,59.73333333333333,6459.75,448,0.06,8.916237731721479,67,91,65310906,17.99466960939533,0.03
May-24,3,9,0,1,3,2,2,2,0,15,0,2,11,0,0,10,1,1,3,3,1,0,0,6,3,5,0,10,0,1,2,0,2,14,12,3,4,0,1,6,0,2,5,17,13,3,0,2,17,2,7,169,27,105,4,0,2,1,0,76,1,1,3,8,0,181,0,0,0,27,0,51,0,4,17,33,338,26,3,2,2,0,7,2,10,16,6,0,0,3,0,7,1,309,27,27,36,7,14,13,0,1,1,12,0,17,43,4,406,7,1,0,0,1,0,0,33,45,0,0,68,0,4,14,2,2,12,10,9,211,5,1,5,12,0,0,444.9761904761905,4056.75,0,0.01,3,32,61,5.333333333333334,0,711,0,2,742.5,0,0,0.1,53,1,18.75,6,75.08333333333334,0,0,16,0.03,0.05,0,1178.571428571429,0,59,3,0,202,1361.5,574.8,657,0.5714285714285714,0,10.625,8832,0,94,0.05,145.06666666666666,9330.75,672,0,9.102643796520807,69,102,75942556,18.14548778352053,0.02
Jun-24,9,9,1,14,2,5,1,6,1,9,0,3,3,4,1,0,0,1,4,3,6,0,0,8,0,2,5,7,0,0,0,1,8,24,14,1,2,0,0,4,0,0,4,12,5,2,2,2,21,2,1,180,40,101,0,0,1,1,0,75,0,0,4,5,0,173,0,0,1,30,0,67,0,5,2,19,324,20,1,0,0,0,4,0,3,6,4,0,0,0,0,9,0,410,31,26,26,9,6,11,0,0,0,9,0,18,25,0,396,2,0,0,0,1,1,0,33,47,0,0,51,0,3,8,1,3,17,15,5,197,3,3,6,3,0,2,1334.9285714285716,4056.75,0.01,0.14,2,80,30.5,16,35.1,426.6,0,3,202.5,176.66666666666669,10.75,0,0,1,25,6,450.50000000000006,0,0,21.33333333333333,0,0.02,83.33333333333334,825,0,0,0,1,808,2334,670.6,219,0.2857142857142857,0,0,5888,0,0,0.04,102.4,3588.75,448,0.02,9.048879705849558,55,110,36973433,17.42571021272305,0.02
Jul-24,13,11,0,1,1,3,0,7,2,7,0,2,7,1,0,0,1,0,6,1,4,0,0,8,0,2,2,12,0,9,2,6,2,8,12,3,1,0,0,0,0,2,7,12,8,3,0,1,8,1,2,139,24,101,1,0,5,1,0,80,3,0,4,7,0,153,0,0,1,22,0,51,0,1,4,22,329,16,3,0,3,2,3,1,10,5,6,0,0,4,0,10,2,329,33,25,20,9,8,24,0,1,2,13,0,13,17,2,352,6,0,0,0,0,0,0,31,54,1,0,59,0,3,7,1,2,12,10,7,190,11,3,9,7,0,0,1928.2301587301588,4958.25,0,0.01,1,48,0,18.666666666666668,70.2,2000,0,2,472.5,44.16666666666667,0,0,53,0,37.5,2,300.33333333333337,0,0,21.33333333333333,0,0.02,33.333333333333336,1414.2857142857142,0,531,3,6,202,778,574.8,657,0.1428571428571428,0,0,0,0,94,0.07,102.4,5742,672,0,9.154087430425385,21,129,42184076,17.55755339,0.01
Aug-24,18,14,0,2,2,4,2,3,4,8,0,0,4,1,2,0,1,0,5,2,4,0,0,13,0,2,1,11,0,7,2,4,1,6,9,1,2,4,1,13,0,6,0,9,16,3,2,0,9,9,1,136,27,95,1,2,2,0,0,64,0,0,11,8,1,173,1,0,1,27,1,54,1,3,5,24,302,32,4,2,2,2,5,2,7,8,8,0,0,1,0,11,0,333,30,36,31,12,11,20,0,2,1,18,1,19,28,0,383,14,1,0,1,1,2,0,51,52,2,0,44,0,9,9,1,3,14,6,7,198,5,2,8,7,0,1,2669.857142857143,6310.5,0,0.02,2,64,61,10,140.4,379.2,0,0,270,44.16666666666667,21.5,0,53,0,31.25,4,910,0,0,34.666666666666664,0,0.02,16.666666666666668,1296.4285714285716,0,413,3,4,101,583.5,431.1,219,0.2857142857142857,1865,10.625,19136,0,282,0,76.8,11484,672,0.02,9.128370809108931,23,104,46978891,17.66520895241288,0
Sep-24,14,9,0,0,3,2,1,5,2,9,1,1,5,1,1,9,1,2,5,1,9,1,0,9,0,4,6,15,0,2,2,0,1,18,7,4,1,1,1,2,0,1,5,8,14,4,3,0,8,2,2,159,24,107,1,1,1,3,0,57,0,2,13,3,0,180,1,3,1,25,0,52,0,5,8,17,284,31,0,0,2,1,1,1,8,5,2,0,3,0,0,6,0,246,21,50,25,9,10,20,2,4,0,9,0,25,19,0,359,3,6,0,0,1,0,0,16,37,0,0,37,0,1,9,1,2,20,6,10,181,6,4,6,7,0,0,2076.555555555556,4056.75,0,0,3,32,30.5,13.333333333333336,70.2,426.6,53.22222222222222,1,337.5,44.16666666666667,10.75,0.09,53,2,31.25,2,675.7500000000001,0.01,0,24,0,0.04,100,1767.857142857143,0,118,3,0,101,1750.5,335.3,876,0.1428571428571428,466.25,10.625,2944,0,47,0.05,68.26666666666667,10048.5,896,0.03,9.255122514748075,32,122,47540275,17.67708782551683,0
Oct-24,8,17,0,0,4,3,1,6,1,15,1,3,8,0,0,5,0,6,4,7,13,4,0,12,0,4,7,23,0,17,0,1,9,11,12,1,3,3,1,1,0,2,5,12,10,8,4,4,24,1,1,145,33,119,1,1,4,4,0,88,1,6,8,3,0,185,0,1,0,27,0,117,1,4,4,22,313,19,2,1,5,0,2,0,5,14,8,0,0,0,0,6,2,293,36,33,44,4,9,24,0,2,0,13,0,20,42,0,432,1,11,0,0,2,0,0,24,35,0,0,54,0,2,13,2,3,16,3,7,216,5,9,11,4,0,3,1186.6031746031747,7662.75,0,0,4,48,30.5,16,35.1,711,53.22222222222222,3,540,0,0,0.05,0,6,25,14,976.0833333333336,0.04,0,32,0,0.04,116.66666666666669,2710.714285714286,0,1003,1400000,1,909,1069.75,574.8,219,0.4285714285714285,1398.75,10.625,1472,0,94,0.05,102.4,7177.5,1792,0.04,9.420277096,34,65,42229465,17.558628781791107,0.04
Nov-24,8,14,0,2,1,3,0,17,1,11,0,1,13,2,0,0,2,5,2,9,4,2,0,6,0,2,3,8,0,10,5,1,1,9,13,1,4,1,0,1,0,2,8,13,6,1,3,1,17,2,0,158,21,100,3,0,1,3,1,91,1,2,14,6,0,175,0,0,0,26,0,57,0,1,2,27,315,18,0,0,0,0,9,0,8,12,10,0,2,0,0,8,2,372,24,29,46,5,7,21,0,3,2,15,0,25,45,0,426,5,7,0,0,0,1,0,33,48,0,0,33,0,0,12,1,10,12,18,6,188,5,2,5,12,0,5,1186.6031746031747,6310.5,0,0.02,1,48,0,45.333333333333336,35.1,521.4,0,1,877.5,88.33333333333334,0,0,106,5,12.5,18,300.33333333333337,0.02,0,16,0,0.02,50,942.8571428571428,0,590,7.5,1,101,875.25,622.6999999999999,219,0.5714285714285714,466.25,0,1472,0,94,0.08,110.93333333333334,4306.5,224,0.03,9.357725359,27,80,33113588,17.315454299903887,0.01
Dec-24,32,45,1,2,5,0,1,3,21,39,9,3,6,10,2,3,0,5,10,8,12,0,0,14,35,1,9,71,0,6,1,0,3,23,17,0,4,3,1,1,0,36,9,33,28,5,3,0,18,5,3,186,38,113,0,0,25,1,0,94,1,4,25,2,1,231,0,0,0,30,2,205,2,5,9,29,417,26,4,3,2,1,20,1,9,11,5,0,1,8,1,8,0,533,35,47,35,7,14,17,4,1,0,40,1,26,42,0,601,7,10,0,0,5,14,0,92,39,0,0,75,0,5,10,0,24,23,67,8,233,3,9,12,9,0,1,4746.412698412699,20283.75,0.01,0.02,5,0,30.5,8,737.1,1848.6,479,3,405,441.66666666666674,21.5,0.03,0,5,62.5,16,901,0,0,37.33333333333333,0.35,0.01,150,8367.857142857143,0,354,1.5,0,303,2236.75,814.3,0,0.5714285714285714,1398.75,10.625,1472,112,1692,0.09,281.6,20097,1120,0.03,9.331495494,53,58,23255578,16.962055618201813,0
Jan-25,12,5,1,1,4,3,0,7,9,16,0,4,8,0,1,2,0,10,1,6,5,2,0,8,2,5,6,13,0,0,4,4,2,18,16,1,0,0,1,11,0,3,11,11,9,1,2,1,10,3,5,220,36,129,0,0,2,3,0,154,0,2,15,5,0,280,0,0,1,41,1,140,2,14,11,42,574,39,7,0,6,1,36,1,6,11,5,0,1,6,0,9,1,796,48,44,26,20,8,23,0,6,0,32,0,26,43,0,736,4,3,0,0,6,0,0,72,80,1,0,96,0,8,14,0,9,24,46,11,397,6,8,10,17,0,4,900000,2253.75,0.01,0.01,4,48,0,18.666666666666668,100,758.4,0,4,540,0,10.75,0.02,0,10,6.25,12,375.41666666666674,0.02,0,21.33333333333333,0.02,0.05,100,1532.142857142857,0,0,6,4,202,1750.5,766.4,219,0,0,10.625,16192,0,141,0.11,93.86666666666666,6459.75,224,0.02,9.765546451422903,70,64,30848493,17.244598490268334,0.01
Feb-25,19,16,0,0,3,4,0,2,1,22,1,0,18,1,1,2,1,8,10,18,8,5,0,7,1,8,4,32,0,1,1,1,1,10,13,2,2,0,1,5,1,5,16,18,9,2,4,0,26,6,0,210,33,100,1,1,1,2,0,58,1,2,17,3,0,185,0,0,1,24,0,48,0,4,11,41,254,18,2,0,10,0,24,1,5,12,4,0,0,0,0,12,1,253,22,48,44,10,12,32,0,0,0,17,1,25,56,4,487,2,0,0,0,1,0,0,17,50,0,0,101,0,5,12,1,2,18,8,14,212,14,3,10,3,0,2,2818.18254,7212,0,0,3,64,0,5.333333333333334,35.1,1042.8,53.22222222222222,0,1215,44.16666666666667,10.75,0.02,53,8,62.5,36,600.6666666666667,0.05,0,18.666666666666664,0.01,0.08,66.66666666666667,3771.428571428572,0,59,1.5,1,101,972.5,622.6999999999999,438,0.2857142857142857,0,10.625,7360,25.5,235,0.16,153.6,6459.75,448,0.04,9.037533407550814,24,63,33897888,17.338863299025306,0
Mar-25,24,33,3,1,4,1,0,13,2,14,0,6,21,0,1,3,1,6,15,18,19,1,0,10,2,0,11,15,0,0,1,1,1,18,19,3,0,0,1,17,0,8,16,23,14,0,2,2,21,6,3,224,32,111,1,1,3,3,0,88,3,1,21,2,0,212,1,1,0,24,0,67,0,10,43,50,324,26,6,0,14,2,24,5,11,13,1,0,0,1,0,12,3,278,38,25,42,20,16,21,0,0,0,18,0,21,55,0,537,5,0,0,1,3,0,0,25,63,0,0,74,0,9,11,0,2,23,7,13,241,7,7,21,8,0,1,3559.809523809524,14874.75,0.03,0.01,4,16,0,34.66666666666667,70.2,1126,0,6,1417.5,0,10.75,0.03,53,6,93.75,36,1426.5833333333337,0.01,0,26.666666666666664,0.02,0,183.33333333333331,1767.857142857143,0,0,1.5,1,101,1750.5,910.1,657,0,0,10.625,25024,0,376,0.16,196.26666666666665,10048.5,0,0.02,9.290444616217844,37,63,23855834,16.987539399463742,0.02
Apr-25,17,11,1,0,1,4,1,2,6,16,0,1,26,1,2,9,3,6,9,16,16,1,0,7,1,3,14,16,0,1,6,0,1,19,15,2,4,1,0,19,0,6,11,18,13,5,5,0,19,2,3,201,28,113,1,0,3,0,1,73,2,2,20,1,0,209,0,0,0,30,0,61,0,6,53,43,292,14,5,0,15,0,19,2,4,11,3,0,0,0,0,8,0,276,36,29,37,10,12,27,0,0,1,20,0,22,49,2,575,5,0,0,0,1,0,0,18,56,2,1,80,0,10,15,0,1,11,7,20,287,6,2,16,9,0,3,2521.531746031746,4958.25,0.01,0,1,64,30.5,5.333333333333334,210.6,758.4,0,1,1755,44.16666666666667,21.5,0.09,159,6,56.25,32,1201.3333333333337,0.01,0,18.666666666666664,0.01,0.03,233.33333333333331,1885.7142857142856,0,59,9,0,101,1847.75,718.5,438,0.5714285714285714,466.25,0,27968,0,282,0.11,153.6,9330.75,1120,0.05,9.133351330448049,67,55,21011256,16.860568899684544,0
May-25,35,46,1,22,3,2,1,8,4,18,1,2,28,0,2,2,0,11,5,11,24,0,0,11,21,14,6,38,0,2,6,4,2,19,29,3,2,2,1,11,0,3,14,22,13,1,5,1,24,6,0,196,25,132,1,1,3,2,0,76,1,0,20,7,0,246,0,1,0,27,0,79,0,15,30,62,356,28,3,0,22,1,25,2,1,14,12,0,0,1,0,4,1,247,42,39,47,13,10,30,0,1,1,17,0,46,66,1,487,2,1,0,0,1,0,0,22,36,0,0,95,0,10,18,1,2,33,7,19,242,11,5,15,11,0,1,5191.388889,20734.5,0.01,0.22,3,32,30.5,21.333333333333336,140.4,853.1999999999999,53.22222222222222,2,1890,0,21.5,0.02,0,11,31.25,22,1802,0,0,29.33333333333333,0.21,0.14,100,4478.571428571428,0,118,9,4,202,1847.75,1389.1,657,0.2857142857142857,932.5,10.625,16192,0,141,0.14,187.7333333333333,9330.75,224,0.05,9.236690147298964,59,56,16206397,16.600916660506627,0.01
Jun-25,40,42,0,16,4,1,6,8,2,23,0,2,20,1,3,4,2,9,6,4,31,0,21,3,26,2,23,16,0,5,6,2,2,14,20,1,6,0,2,15,0,6,15,12,19,4,6,1,27,2,3,188,52,110,1,3,2,0,0,106,4,0,24,3,0,205,0,0,2,27,0,82,0,15,20,54,272,22,3,0,21,0,36,1,7,26,4,0,16,2,0,6,2,242,30,53,42,11,15,20,0,7,1,18,0,29,77,0,469,7,0,0,0,2,0,0,29,52,0,0,104,0,8,26,1,2,38,6,14,220,11,2,13,13,0,1,5933.015873015874,18931.5,0,0.16,4,16,183,21.333333333333336,70.2,1090.2,0,2,1350,44.16666666666667,32.25,0.04,106,9,3,8,2327.583333333333,0,0.21,8,0.26,0.02,383.33333333333337,1885.7142857142856,0,295,9,2,202,1361.5,3,219,0.8571428571428571,0,21.25,22080,0,282,0.15,102.4,13637.25,896,0.06,9.243194709,71,71,39118924,17.48211692320322,0.01
Jul-25,30,39,0,21,3,3,1,12,3,21,0,1,24,0,1,6,2,8,8,14,30,0,22,28,20,8,15,18,0,0,2,2,1,10,24,10,1,0,3,13,0,12,12,26,23,23,4,1,31,3,2,182,36,113,0,1,3,1,0,67,4,2,33,2,0,185,2,0,4,31,0,74,0,11,20,56,282,23,1,0,18,1,50,2,3,10,28,0,16,2,0,7,0,217,43,43,54,14,14,23,0,0,0,23,0,43,77,1,511,16,1,0,0,1,1,0,36,55,0,0,94,0,11,41,2,1,47,8,18,256,28,5,28,12,0,0,4449.7619047619055,17579.25,0,0.21,3,48,30.5,32,105.3,995.4,0,1,1620,0,10.75,0.06,106,8,50,28,2252.5000000000005,0,0.22,74.66666666666666,0.2,0.08,250.00000000000003,2121.428571428572,0,0,3,2,101,972.5,1149.6,2190,0.1428571428571428,0,31.875,19136,0,564,0.12,221.86666666666667,16508.25,5152,0.04,9.515690442,17,69,30483678,17.232701983598545,0.01
Aug-25,36,40,0,21,1,4,0,10,4,28,0,6,25,1,2,10,0,10,8,26,32,3,20,24,22,10,15,19,0,0,28,0,4,21,22,1,5,1,5,15,0,35,20,23,34,21,2,0,34,13,2,215,54,107,6,1,2,0,0,69,5,2,26,7,0,184,0,0,28,28,0,59,0,16,47,85,260,29,5,0,37,1,23,0,5,31,7,0,19,1,0,25,0,188,33,56,92,14,15,36,0,3,1,18,1,24,95,1,369,9,0,0,1,0,0,0,18,35,1,0,97,0,8,37,0,0,31,5,18,213,17,3,19,9,0,1,5339.714285714286,18030,0,0.21,1,64,0,26.66666666666667,140.4,1327.2,0,6,1687.5,44.16666666666667,21.5,0.1,0,10,50,52,2402.666666666667,0.03,0.2,64,0.22,0.1,250.00000000000003,2239.285714285714,0,0,42,0,404,2042.25,1053.8,219,0.7142857142857142,466.25,53.125,22080,0,1645,0.2,196.26666666666665,24403.5,4704,0.02,9.396902923027392,25,71,22518601,16.929852281156084,0
Sep-25,38,54,0,28,1,2,2,11,2,18,0,4,20,1,1,9,1,8,4,7,70,2,27,19,21,3,27,31,0,3,20,2,3,31,33,2,5,1,2,25,0,26,26,19,29,17,3,5,26,7,1,46,27,57,4,0,1,0,0,43,4,4,26,5,0,81,0,0,41,14,0,1,0,16,59,76,17,14,0,0,37,4,36,40,1,34,10,0,15,0,0,9,2,6,32,37,86,23,29,28,0,0,0,0,0,17,63,4,20,12,0,0,0,0,0,0,1,0,0,0,46,0,12,34,4,0,45,0,46,101,10,5,19,3,0,1,5636.365079,24340.5,0,0.28,1,6,61,29.333333333333336,70.2,853.1999999999999,0,4,1350,44.16666666666667,10.75,0.09,53,8,25,14,5255.833333333334,0.02,0.27,50.66666666666666,0.21,0.03,450.00000000000006,3653.571428571429,0,177,30,2,303,3014.75,1580.7,438,0.7142857142857142,466.25,21.25,36800,0,1222,0.26,162.13333333333333,20814.75,3808,0.03,9.556621487,28,61,29223862,17.190496159518535,0.05
Oct-25,37,53,0,42,0,5,2,3,2,42,3,5,14,2,3,2,1,12,8,22,33,2,19,32,15,6,8,54,0,0,22,1,6,9,23,3,1,23,31,23,4,25,31,16,45,28,4,2,77,7,7,63,28,61,6,0,0,0,0,40,3,4,65,6,0,73,0,0,27,44,0,0,0,22,83,80,4,34,0,0,42,4,27,70,0,41,20,0,12,0,0,6,1,0,15,50,108,10,62,31,0,1,0,0,0,25,111,3,3,40,0,0,2,0,0,0,0,0,2,0,58,0,10,35,2,0,93,0,54,144,10,0,22,4,0,0,5488.039682539683,23889.75,0,0.42,0,80,61,8,70.2,1990.8,159.66666666666666,5,945,88.33333333333334,32.25,0.02,53,12,50,44,2477.7500000000005,0.02,0.19,85.33333333333333,0.15,0.06,133.33333333333334,6364.285714285715,0,0,33,1,606,875.25,1101.7,657,0.1428571428571428,10723.75,329.375,33856,102,1175,0.31,136.53333333333333,32298.75,6272,0.04,9.569691731118324,37,62,22992803,16.950691855374313,0.02
Nov-25,38,53,3,23,2,18,0,4,8,65,0,2,17,1,0,3,6,8,2,11,27,0,19,20,22,4,5,47,0,3,35,5,2,39,21,2,1,23,20,24,3,22,23,15,56,24,3,1,81,22,5,84,20,38,13,0,0,0,0,34,5,2,71,3,0,78,0,0,28,45,0,0,0,37,72,104,4,54,0,0,43,2,34,55,0,49,52,0,19,0,0,4,0,0,10,80,106,20,62,34,0,0,0,0,0,44,122,3,0,32,0,0,5,0,0,0,0,0,0,0,50,0,12,46,1,0,85,0,138,171,10,0,25,7,0,0,5636.365079,23889.75,0.03,0.23,2,288,0,10.666666666666668,280.8,3081,0,2,1147.5,44.16666666666667,0,0.03,318,8,12.5,22,2027.25,0,0.19,53.33333333333333,0.22,0.04,83.33333333333334,5539.285714285715,0,177,52.5,5,202,3792.75,1005.9,438,0.1428571428571428,10723.75,212.5,35328,76.5,1034,0.23,128,40194,5376,0.03,9.475239882,30,47,35166218,17.37559649227344,0.01
Dec-25,76,132,2,22,5,20,0,4,19,76,1,1,44,4,3,2,3,8,3,12,48,2,28,33,39,3,18,91,0,4,35,0,2,109,50,7,1,34,33,85,1,66,34,23,66,24,7,1,100,25,3,100,28,50,4,0,0,0,0,75,11,8,72,6,0,65,0,0,22,36,0,0,0,55,67,183,4,57,0,0,50,0,45,57,0,52,55,1,17,0,0,8,0,0,13,81,140,14,53,47,0,0,0,0,0,32,131,2,3,42,0,1,2,0,0,0,0,0,24,0,65,0,16,30,0,0,58,0,133,183,11,1,20,4,0,0,11272.73015873016,59499,0.02,0.22,5,320,0,10.666666666666668,666.9,3602.4,53.22222222222222,1,2970,176.66666666666669,32.25,0.02,159,8,18.75,24,3604.000000000001,0.02,0.28,88,0.39,0.03,300,10725,0,236,52.5,0,202,10600.25,2395,1533,0.1428571428571428,15852.5,350.625,125120,25.5,3102,0.34,196.26666666666665,47371.5,5376,0.07,9.45100945,53,47,10697796,16.185548390383854,0.01
